Date,Product_ID,Store_ID,Actual_Units_Sold,Predicted_Units_Sold
2025-06-01,P001,S001,159,150.57142857142858
2025-06-01,P001,S002,183,177.28571428571428
2025-06-01,P001,S003,131,140.42857142857142
2025-06-01,P002,S001,207,191.28571428571428
2025-06-01,P002,S002,226,220.57142857142856
2025-06-01,P002,S003,143,174.0
2025-06-01,P003,S001,135,130.14285714285714
2025-06-01,P003,S002,164,151.57142857142858
2025-06-01,P003,S003,137,115.28571428571428
2025-06-01,P004,S001,172,230.7142857142857
2025-06-01,P004,S002,275,261.7142857142857
2025-06-01,P004,S003,205,204.42857142857144
2025-06-01,P005,S001,177,167.28571428571428
2025-06-01,P005,S002,199,192.57142857142856
2025-06-01,P005,S003,178,153.28571428571428
2025-06-02,P001,S001,140,154.28571428571428
2025-06-02,P001,S002,168,180.7142857142857
2025-06-02,P001,S003,133,136.0
2025-06-02,P002,S001,164,196.0
2025-06-02,P002,S002,157,223.57142857142856
2025-06-02,P002,S003,160,167.0
2025-06-02,P003,S001,104,127.28571428571428
2025-06-02,P003,S002,127,152.0
2025-06-02,P003,S003,99,121.85714285714286
2025-06-02,P004,S001,196,221.0
2025-06-02,P004,S002,215,268.0
2025-06-02,P004,S003,192,204.7142857142857
2025-06-02,P005,S001,155,170.42857142857142
2025-06-02,P005,S002,200,194.1428571428572
2025-06-02,P005,S003,131,157.85714285714286
2025-06-03,P001,S001,170,153.14285714285714
2025-06-03,P001,S002,153,181.57142857142856
2025-06-03,P001,S003,160,136.71428571428572
2025-06-03,P002,S001,204,194.28571428571428
2025-06-03,P002,S002,221,214.1428571428572
2025-06-03,P002,S003,145,165.14285714285714
2025-06-03,P003,S001,136,125.0
2025-06-03,P003,S002,122,151.85714285714286
2025-06-03,P003,S003,108,121.14285714285714
2025-06-03,P004,S001,196,214.7142857142857
2025-06-03,P004,S002,281,265.2857142857143
2025-06-03,P004,S003,205,205.1428571428572
2025-06-03,P005,S001,144,164.0
2025-06-03,P005,S002,169,197.28571428571428
2025-06-03,P005,S003,162,156.57142857142858
2025-06-04,P001,S001,148,152.14285714285714
2025-06-04,P001,S002,192,178.14285714285714
2025-06-04,P001,S003,126,139.85714285714286
2025-06-04,P002,S001,204,194.8571428571429
2025-06-04,P002,S002,206,214.1428571428572
2025-06-04,P002,S003,139,160.42857142857142
2025-06-04,P003,S001,107,127.42857142857144
2025-06-04,P003,S002,121,150.57142857142858
2025-06-04,P003,S003,122,122.14285714285714
2025-06-04,P004,S001,208,206.8571428571429
2025-06-04,P004,S002,218,266.57142857142856
2025-06-04,P004,S003,202,200.1428571428572
2025-06-04,P005,S001,140,163.85714285714286
2025-06-04,P005,S002,176,193.28571428571428
2025-06-04,P005,S003,144,156.57142857142858
2025-06-05,P001,S001,137,153.28571428571428
2025-06-05,P001,S002,173,178.57142857142858
2025-06-05,P001,S003,149,139.28571428571428
2025-06-05,P002,S001,172,191.1428571428572
2025-06-05,P002,S002,252,205.28571428571428
2025-06-05,P002,S003,157,152.57142857142858
2025-06-05,P003,S001,111,123.71428571428572
2025-06-05,P003,S002,134,148.42857142857142
2025-06-05,P003,S003,115,121.85714285714286
2025-06-05,P004,S001,178,205.42857142857144
2025-06-05,P004,S002,229,260.0
2025-06-05,P004,S003,177,199.0
2025-06-05,P005,S001,165,161.28571428571428
2025-06-05,P005,S002,175,192.28571428571428
2025-06-05,P005,S003,142,153.57142857142858
2025-06-06,P001,S001,131,150.28571428571428
2025-06-06,P001,S002,207,180.0
2025-06-06,P001,S003,124,140.57142857142858
2025-06-06,P002,S001,172,191.57142857142856
2025-06-06,P002,S002,189,212.0
2025-06-06,P002,S003,164,153.85714285714286
2025-06-06,P003,S001,132,121.42857142857144
2025-06-06,P003,S002,147,144.85714285714286
2025-06-06,P003,S003,98,122.0
2025-06-06,P004,S001,209,199.7142857142857
2025-06-06,P004,S002,222,259.2857142857143
2025-06-06,P004,S003,243,197.42857142857144
2025-06-06,P005,S001,170,161.42857142857142
2025-06-06,P005,S002,196,191.42857142857144
2025-06-06,P005,S003,125,154.0
2025-06-07,P001,S001,138,147.28571428571428
2025-06-07,P001,S002,161,185.7142857142857
2025-06-07,P001,S003,141,138.14285714285714
2025-06-07,P002,S001,187,189.0
2025-06-07,P002,S002,212,210.42857142857144
2025-06-07,P002,S003,216,153.14285714285714
2025-06-07,P003,S001,120,120.85714285714286
2025-06-07,P003,S002,151,139.14285714285714
2025-06-07,P003,S003,98,120.0
2025-06-07,P004,S001,241,200.1428571428572
2025-06-07,P004,S002,289,254.42857142857144
2025-06-07,P004,S003,221,207.8571428571429
2025-06-07,P005,S001,157,161.85714285714286
2025-06-07,P005,S002,203,188.57142857142856
2025-06-07,P005,S003,145,150.85714285714286
2025-06-08,P001,S001,183,146.14285714285714
2025-06-08,P001,S002,189,176.71428571428572
2025-06-08,P001,S003,133,137.71428571428572
2025-06-08,P002,S001,202,187.1428571428572
2025-06-08,P002,S002,204,209.0
2025-06-08,P002,S003,177,160.57142857142858
2025-06-08,P003,S001,133,120.71428571428572
2025-06-08,P003,S002,139,138.0
2025-06-08,P003,S003,113,111.0
2025-06-08,P004,S001,219,200.0
2025-06-08,P004,S002,262,247.0
2025-06-08,P004,S003,205,206.42857142857144
2025-06-08,P005,S001,169,158.28571428571428
2025-06-08,P005,S002,190,188.28571428571428
2025-06-08,P005,S003,185,146.71428571428572
2025-06-09,P001,S001,126,149.57142857142858
2025-06-09,P001,S002,139,177.57142857142858
2025-06-09,P001,S003,142,138.0
2025-06-09,P002,S001,159,186.42857142857144
2025-06-09,P002,S002,190,205.8571428571429
2025-06-09,P002,S003,175,165.42857142857142
2025-06-09,P003,S001,115,120.42857142857144
2025-06-09,P003,S002,168,134.42857142857142
2025-06-09,P003,S003,94,107.57142857142856
2025-06-09,P004,S001,182,206.7142857142857
2025-06-09,P004,S002,215,245.1428571428572
2025-06-09,P004,S003,194,206.42857142857144
2025-06-09,P005,S001,174,157.14285714285714
2025-06-09,P005,S002,236,187.0
2025-06-09,P005,S003,140,147.71428571428572
2025-06-10,P001,S001,126,147.57142857142858
2025-06-10,P001,S002,152,173.42857142857142
2025-06-10,P001,S003,112,139.28571428571428
2025-06-10,P002,S001,180,185.7142857142857
2025-06-10,P002,S002,249,210.57142857142856
2025-06-10,P002,S003,199,167.57142857142858
2025-06-10,P003,S001,111,122.0
2025-06-10,P003,S002,121,140.28571428571428
2025-06-10,P003,S003,129,106.85714285714286
2025-06-10,P004,S001,188,204.7142857142857
2025-06-10,P004,S002,266,245.1428571428572
2025-06-10,P004,S003,187,206.7142857142857
2025-06-10,P005,S001,185,159.85714285714286
2025-06-10,P005,S002,182,192.1428571428572
2025-06-10,P005,S003,178,149.0
2025-06-11,P001,S001,186,141.28571428571428
2025-06-11,P001,S002,206,173.28571428571428
2025-06-11,P001,S003,153,132.42857142857142
2025-06-11,P002,S001,151,182.28571428571428
2025-06-11,P002,S002,206,214.57142857142856
2025-06-11,P002,S003,173,175.28571428571428
2025-06-11,P003,S001,117,118.42857142857144
2025-06-11,P003,S002,145,140.14285714285714
2025-06-11,P003,S003,128,109.85714285714286
2025-06-11,P004,S001,210,203.57142857142856
2025-06-11,P004,S002,256,243.0
2025-06-11,P004,S003,190,204.1428571428572
2025-06-11,P005,S001,186,165.71428571428572
2025-06-11,P005,S002,183,194.0
2025-06-11,P005,S003,126,151.28571428571428
2025-06-12,P001,S001,143,146.71428571428572
2025-06-12,P001,S002,184,175.28571428571428
2025-06-12,P001,S003,151,136.28571428571428
2025-06-12,P002,S001,181,174.71428571428572
2025-06-12,P002,S002,207,214.57142857142856
2025-06-12,P002,S003,140,180.14285714285714
2025-06-12,P003,S001,129,119.85714285714286
2025-06-12,P003,S002,123,143.57142857142858
2025-06-12,P003,S003,101,110.71428571428572
2025-06-12,P004,S001,195,203.8571428571429
2025-06-12,P004,S002,301,248.42857142857144
2025-06-12,P004,S003,169,202.42857142857144
2025-06-12,P005,S001,132,172.28571428571428
2025-06-12,P005,S002,212,195.0
2025-06-12,P005,S003,150,148.71428571428572
2025-06-13,P001,S001,155,147.57142857142858
2025-06-13,P001,S002,188,176.85714285714286
2025-06-13,P001,S003,120,136.57142857142858
2025-06-13,P002,S001,191,176.0
2025-06-13,P002,S002,177,208.1428571428572
2025-06-13,P002,S003,139,177.71428571428572
2025-06-13,P003,S001,102,122.42857142857144
2025-06-13,P003,S002,130,142.0
2025-06-13,P003,S003,121,108.71428571428572
2025-06-13,P004,S001,225,206.28571428571428
2025-06-13,P004,S002,228,258.7142857142857
2025-06-13,P004,S003,207,201.28571428571428
2025-06-13,P005,S001,194,167.57142857142858
2025-06-13,P005,S002,159,200.28571428571428
2025-06-13,P005,S003,135,149.85714285714286
2025-06-14,P001,S001,179,151.0
2025-06-14,P001,S002,185,174.14285714285714
2025-06-14,P001,S003,119,136.0
2025-06-14,P002,S001,166,178.71428571428572
2025-06-14,P002,S002,211,206.42857142857144
2025-06-14,P002,S003,176,174.14285714285714
2025-06-14,P003,S001,125,118.14285714285714
2025-06-14,P003,S002,165,139.57142857142858
2025-06-14,P003,S003,109,112.0
2025-06-14,P004,S001,200,208.57142857142856
2025-06-14,P004,S002,237,259.57142857142856
2025-06-14,P004,S003,210,196.1428571428572
2025-06-14,P005,S001,154,171.0
2025-06-14,P005,S002,195,195.0
2025-06-14,P005,S003,146,151.28571428571428
2025-06-15,P001,S001,175,156.85714285714286
2025-06-15,P001,S002,162,177.57142857142858
2025-06-15,P001,S003,173,132.85714285714286
2025-06-15,P002,S001,192,175.71428571428572
2025-06-15,P002,S002,230,206.28571428571428
2025-06-15,P002,S003,191,168.42857142857142
2025-06-15,P003,S001,124,118.85714285714286
2025-06-15,P003,S002,182,141.57142857142858
2025-06-15,P003,S003,128,113.57142857142856
2025-06-15,P004,S001,269,202.7142857142857
2025-06-15,P004,S002,223,252.1428571428572
2025-06-15,P004,S003,174,194.57142857142856
2025-06-15,P005,S001,154,170.57142857142858
2025-06-15,P005,S002,201,193.8571428571429
2025-06-15,P005,S003,176,151.42857142857142
2025-06-16,P001,S001,132,155.71428571428572
2025-06-16,P001,S002,203,173.71428571428572
2025-06-16,P001,S003,132,138.57142857142858
2025-06-16,P002,S001,168,174.28571428571428
2025-06-16,P002,S002,198,210.0
2025-06-16,P002,S003,174,170.42857142857142
2025-06-16,P003,S001,154,117.57142857142856
2025-06-16,P003,S002,177,147.71428571428572
2025-06-16,P003,S003,101,115.71428571428572
2025-06-16,P004,S001,235,209.8571428571429
2025-06-16,P004,S002,243,246.57142857142856
2025-06-16,P004,S003,191,190.1428571428572
2025-06-16,P005,S001,153,168.42857142857142
2025-06-16,P005,S002,162,195.42857142857144
2025-06-16,P005,S003,143,150.14285714285714
2025-06-17,P001,S001,130,156.57142857142858
2025-06-17,P001,S002,154,182.8571428571429
2025-06-17,P001,S003,137,137.14285714285714
2025-06-17,P002,S001,195,175.57142857142858
2025-06-17,P002,S002,218,211.1428571428572
2025-06-17,P002,S003,173,170.28571428571428
2025-06-17,P003,S001,149,123.14285714285714
2025-06-17,P003,S002,146,149.0
2025-06-17,P003,S003,105,116.71428571428572
2025-06-17,P004,S001,183,217.42857142857144
2025-06-17,P004,S002,284,250.57142857142856
2025-06-17,P004,S003,164,189.7142857142857
2025-06-17,P005,S001,157,165.42857142857142
2025-06-17,P005,S002,165,184.8571428571429
2025-06-17,P005,S003,124,150.57142857142858
2025-06-18,P001,S001,140,157.14285714285714
2025-06-18,P001,S002,177,183.1428571428572
2025-06-18,P001,S003,134,140.71428571428572
2025-06-18,P002,S001,158,177.71428571428572
2025-06-18,P002,S002,193,206.7142857142857
2025-06-18,P002,S003,130,166.57142857142858
2025-06-18,P003,S001,126,128.57142857142858
2025-06-18,P003,S002,126,152.57142857142858
2025-06-18,P003,S003,91,113.28571428571428
2025-06-18,P004,S001,212,216.7142857142857
2025-06-18,P004,S002,303,253.1428571428572
2025-06-18,P004,S003,176,186.42857142857144
2025-06-18,P005,S001,139,161.42857142857142
2025-06-18,P005,S002,164,182.42857142857144
2025-06-18,P005,S003,133,142.85714285714286
2025-06-19,P001,S001,138,150.57142857142858
2025-06-19,P001,S002,157,179.0
2025-06-19,P001,S003,135,138.0
2025-06-19,P002,S001,162,178.71428571428572
2025-06-19,P002,S002,202,204.8571428571429
2025-06-19,P002,S003,173,160.42857142857142
2025-06-19,P003,S001,128,129.85714285714286
2025-06-19,P003,S002,143,149.85714285714286
2025-06-19,P003,S003,116,108.0
2025-06-19,P004,S001,207,217.0
2025-06-19,P004,S002,304,259.85714285714283
2025-06-19,P004,S003,228,184.42857142857144
2025-06-19,P005,S001,203,154.71428571428572
2025-06-19,P005,S002,196,179.71428571428572
2025-06-19,P005,S003,161,143.85714285714286
2025-06-20,P001,S001,130,149.85714285714286
2025-06-20,P001,S002,148,175.14285714285714
2025-06-20,P001,S003,130,135.71428571428572
2025-06-20,P002,S001,211,176.0
2025-06-20,P002,S002,219,204.1428571428572
2025-06-20,P002,S003,161,165.14285714285714
2025-06-20,P003,S001,118,129.71428571428572
2025-06-20,P003,S002,115,152.71428571428572
2025-06-20,P003,S003,104,110.14285714285714
2025-06-20,P004,S001,228,218.7142857142857
2025-06-20,P004,S002,235,260.2857142857143
2025-06-20,P004,S003,168,192.8571428571429
2025-06-20,P005,S001,137,164.85714285714286
2025-06-20,P005,S002,171,177.42857142857142
2025-06-20,P005,S003,147,145.42857142857142
2025-06-21,P001,S001,144,146.28571428571428
2025-06-21,P001,S002,143,169.42857142857142
2025-06-21,P001,S003,136,137.14285714285714
2025-06-21,P002,S001,228,178.85714285714286
2025-06-21,P002,S002,213,210.1428571428572
2025-06-21,P002,S003,177,168.28571428571428
2025-06-21,P003,S001,112,132.0
2025-06-21,P003,S002,143,150.57142857142858
2025-06-21,P003,S003,109,107.71428571428572
2025-06-21,P004,S001,189,219.1428571428572
2025-06-21,P004,S002,272,261.2857142857143
2025-06-21,P004,S003,208,187.28571428571428
2025-06-21,P005,S001,153,156.71428571428572
2025-06-21,P005,S002,195,179.14285714285714
2025-06-21,P005,S003,138,147.14285714285714
2025-06-22,P001,S001,172,141.28571428571428
2025-06-22,P001,S002,172,163.42857142857142
2025-06-22,P001,S003,149,139.57142857142858
2025-06-22,P002,S001,181,187.7142857142857
2025-06-22,P002,S002,294,210.42857142857144
2025-06-22,P002,S003,179,168.42857142857142
2025-06-22,P003,S001,124,130.14285714285714
2025-06-22,P003,S002,161,147.42857142857142
2025-06-22,P003,S003,143,107.71428571428572
2025-06-22,P004,S001,234,217.57142857142856
2025-06-22,P004,S002,243,266.2857142857143
2025-06-22,P004,S003,191,187.0
2025-06-22,P005,S001,154,156.57142857142858
2025-06-22,P005,S002,185,179.14285714285714
2025-06-22,P005,S003,171,146.0
2025-06-23,P001,S001,136,140.85714285714286
2025-06-23,P001,S002,165,164.85714285714286
2025-06-23,P001,S003,151,136.14285714285714
2025-06-23,P002,S001,172,186.1428571428572
2025-06-23,P002,S002,255,219.57142857142856
2025-06-23,P002,S003,176,166.71428571428572
2025-06-23,P003,S001,128,130.14285714285714
2025-06-23,P003,S002,124,144.42857142857142
2025-06-23,P003,S003,128,109.85714285714286
2025-06-23,P004,S001,178,212.57142857142856
2025-06-23,P004,S002,229,269.1428571428572
2025-06-23,P004,S003,147,189.42857142857144
2025-06-23,P005,S001,206,156.57142857142858
2025-06-23,P005,S002,136,176.85714285714286
2025-06-23,P005,S003,120,145.28571428571428
2025-06-24,P001,S001,138,141.42857142857142
2025-06-24,P001,S002,165,159.42857142857142
2025-06-24,P001,S003,112,138.85714285714286
2025-06-24,P002,S001,173,186.7142857142857
2025-06-24,P002,S002,180,227.7142857142857
2025-06-24,P002,S003,160,167.0
2025-06-24,P003,S001,128,126.42857142857144
2025-06-24,P003,S002,135,136.85714285714286
2025-06-24,P003,S003,120,113.71428571428572
2025-06-24,P004,S001,205,204.42857142857144
2025-06-24,P004,S002,245,267.1428571428572
2025-06-24,P004,S003,201,183.1428571428572
2025-06-24,P005,S001,179,164.14285714285714
2025-06-24,P005,S002,192,173.14285714285714
2025-06-24,P005,S003,145,142.0
2025-06-25,P001,S001,158,142.57142857142858
2025-06-25,P001,S002,184,161.0
2025-06-25,P001,S003,150,135.28571428571428
2025-06-25,P002,S001,174,183.57142857142856
2025-06-25,P002,S002,186,222.28571428571428
2025-06-25,P002,S003,161,165.14285714285714
2025-06-25,P003,S001,123,123.42857142857144
2025-06-25,P003,S002,177,135.28571428571428
2025-06-25,P003,S003,103,115.85714285714286
2025-06-25,P004,S001,199,207.57142857142856
2025-06-25,P004,S002,235,261.57142857142856
2025-06-25,P004,S003,184,188.42857142857144
2025-06-25,P005,S001,157,167.28571428571428
2025-06-25,P005,S002,181,177.0
2025-06-25,P005,S003,183,145.0
2025-06-26,P001,S001,159,145.14285714285714
2025-06-26,P001,S002,163,162.0
2025-06-26,P001,S003,122,137.57142857142858
2025-06-26,P002,S001,169,185.8571428571429
2025-06-26,P002,S002,235,221.28571428571428
2025-06-26,P002,S003,163,169.57142857142858
2025-06-26,P003,S001,108,123.0
2025-06-26,P003,S002,136,142.57142857142858
2025-06-26,P003,S003,128,117.57142857142856
2025-06-26,P004,S001,201,205.7142857142857
2025-06-26,P004,S002,226,251.8571428571429
2025-06-26,P004,S003,201,189.57142857142856
2025-06-26,P005,S001,123,169.85714285714286
2025-06-26,P005,S002,155,179.42857142857142
2025-06-26,P005,S003,127,152.14285714285714
2025-06-27,P001,S001,137,148.14285714285714
2025-06-27,P001,S002,158,162.85714285714286
2025-06-27,P001,S003,117,135.71428571428572
2025-06-27,P002,S001,180,186.8571428571429
2025-06-27,P002,S002,205,226.0
2025-06-27,P002,S003,145,168.14285714285714
2025-06-27,P003,S001,118,120.14285714285714
2025-06-27,P003,S002,121,141.57142857142858
2025-06-27,P003,S003,97,119.28571428571428
2025-06-27,P004,S001,217,204.8571428571429
2025-06-27,P004,S002,231,240.7142857142857
2025-06-27,P004,S003,178,185.7142857142857
2025-06-27,P005,S001,137,158.42857142857142
2025-06-27,P005,S002,175,173.57142857142858
2025-06-27,P005,S003,141,147.28571428571428
2025-06-28,P001,S001,158,149.14285714285714
2025-06-28,P001,S002,170,164.28571428571428
2025-06-28,P001,S003,142,133.85714285714286
2025-06-28,P002,S001,248,182.42857142857144
2025-06-28,P002,S002,221,224.0
2025-06-28,P002,S003,174,165.85714285714286
2025-06-28,P003,S001,123,120.14285714285714
2025-06-28,P003,S002,162,142.42857142857142
2025-06-28,P003,S003,102,118.28571428571428
2025-06-28,P004,S001,200,203.28571428571428
2025-06-28,P004,S002,303,240.1428571428572
2025-06-28,P004,S003,224,187.1428571428572
2025-06-28,P005,S001,173,158.42857142857142
2025-06-28,P005,S002,232,174.14285714285714
2025-06-28,P005,S003,183,146.42857142857142
2025-06-29,P001,S001,148,151.14285714285714
2025-06-29,P001,S002,183,168.14285714285714
2025-06-29,P001,S003,151,134.71428571428572
2025-06-29,P002,S001,154,185.28571428571428
2025-06-29,P002,S002,288,225.1428571428572
2025-06-29,P002,S003,182,165.42857142857142
2025-06-29,P003,S001,137,121.71428571428572
2025-06-29,P003,S002,180,145.14285714285714
2025-06-29,P003,S003,113,117.28571428571428
2025-06-29,P004,S001,212,204.8571428571429
2025-06-29,P004,S002,268,244.57142857142856
2025-06-29,P004,S003,200,189.42857142857144
2025-06-29,P005,S001,148,161.28571428571428
2025-06-29,P005,S002,198,179.42857142857142
2025-06-29,P005,S003,145,152.85714285714286
2025-06-30,P001,S001,142,147.71428571428572
2025-06-30,P001,S002,182,169.71428571428572
2025-06-30,P001,S003,134,135.0
2025-06-30,P002,S001,155,181.42857142857144
2025-06-30,P002,S002,191,224.28571428571428
2025-06-30,P002,S003,156,165.85714285714286
2025-06-30,P003,S001,122,123.57142857142856
2025-06-30,P003,S002,140,147.85714285714286
2025-06-30,P003,S003,102,113.0
2025-06-30,P004,S001,183,201.7142857142857
2025-06-30,P004,S002,287,248.1428571428572
2025-06-30,P004,S003,205,190.7142857142857
2025-06-30,P005,S001,125,160.42857142857142
2025-06-30,P005,S002,177,181.28571428571428
2025-06-30,P005,S003,146,149.14285714285714
2025-07-01,P001,S001,169,148.57142857142858
2025-07-01,P001,S002,128,172.14285714285714
2025-07-01,P001,S003,113,132.57142857142858
2025-07-01,P002,S001,211,179.0
2025-07-01,P002,S002,213,215.1428571428572
2025-07-01,P002,S003,149,163.0
2025-07-01,P003,S001,107,122.71428571428572
2025-07-01,P003,S002,131,150.14285714285714
2025-07-01,P003,S003,89,109.28571428571428
2025-07-01,P004,S001,246,202.42857142857144
2025-07-01,P004,S002,242,256.42857142857144
2025-07-01,P004,S003,153,199.0
2025-07-01,P005,S001,135,148.85714285714286
2025-07-01,P005,S002,201,187.1428571428572
2025-07-01,P005,S003,118,152.85714285714286
2025-07-02,P001,S001,168,153.0
2025-07-02,P001,S002,138,166.85714285714286
2025-07-02,P001,S003,116,132.71428571428572
2025-07-02,P002,S001,198,184.42857142857144
2025-07-02,P002,S002,170,219.8571428571429
2025-07-02,P002,S003,175,161.42857142857142
2025-07-02,P003,S001,99,119.71428571428572
2025-07-02,P003,S002,119,149.57142857142858
2025-07-02,P003,S003,81,104.85714285714286
2025-07-02,P004,S001,190,208.28571428571428
2025-07-02,P004,S002,216,256.0
2025-07-02,P004,S003,182,192.1428571428572
2025-07-02,P005,S001,140,142.57142857142858
2025-07-02,P005,S002,185,188.42857142857144
2025-07-02,P005,S003,124,149.0
2025-07-03,P001,S001,117,154.42857142857142
2025-07-03,P001,S002,188,160.28571428571428
2025-07-03,P001,S003,106,127.85714285714286
2025-07-03,P002,S001,155,187.8571428571429
2025-07-03,P002,S002,204,217.57142857142856
2025-07-03,P002,S003,142,163.42857142857142
2025-07-03,P003,S001,103,116.28571428571428
2025-07-03,P003,S002,122,141.28571428571428
2025-07-03,P003,S003,124,101.71428571428572
2025-07-03,P004,S001,221,207.0
2025-07-03,P004,S002,212,253.28571428571428
2025-07-03,P004,S003,157,191.8571428571429
2025-07-03,P005,S001,142,140.14285714285714
2025-07-03,P005,S002,206,189.0
2025-07-03,P005,S003,142,140.57142857142858
2025-07-04,P001,S001,160,148.42857142857142
2025-07-04,P001,S002,146,163.85714285714286
2025-07-04,P001,S003,143,125.57142857142856
2025-07-04,P002,S001,142,185.8571428571429
2025-07-04,P002,S002,177,213.1428571428572
2025-07-04,P002,S003,149,160.42857142857142
2025-07-04,P003,S001,96,115.57142857142856
2025-07-04,P003,S002,108,139.28571428571428
2025-07-04,P003,S003,81,101.14285714285714
2025-07-04,P004,S001,175,209.8571428571429
2025-07-04,P004,S002,210,251.28571428571428
2025-07-04,P004,S003,216,185.57142857142856
2025-07-04,P005,S001,125,142.85714285714286
2025-07-04,P005,S002,163,196.28571428571428
2025-07-04,P005,S003,121,142.71428571428572
2025-07-05,P001,S001,127,151.71428571428572
2025-07-05,P001,S002,196,162.14285714285714
2025-07-05,P001,S003,124,129.28571428571428
2025-07-05,P002,S001,172,180.42857142857144
2025-07-05,P002,S002,175,209.1428571428572
2025-07-05,P002,S003,171,161.0
2025-07-05,P003,S001,127,112.42857142857144
2025-07-05,P003,S002,143,137.42857142857142
2025-07-05,P003,S003,100,98.85714285714286
2025-07-05,P004,S001,198,203.8571428571429
2025-07-05,P004,S002,261,248.28571428571428
2025-07-05,P004,S003,152,191.0
2025-07-05,P005,S001,174,141.14285714285714
2025-07-05,P005,S002,158,194.57142857142856
2025-07-05,P005,S003,149,139.85714285714286
2025-07-06,P001,S001,151,147.28571428571428
2025-07-06,P001,S002,160,165.85714285714286
2025-07-06,P001,S003,131,126.71428571428572
2025-07-06,P002,S001,175,169.57142857142858
2025-07-06,P002,S002,185,202.57142857142856
2025-07-06,P002,S003,163,160.57142857142858
2025-07-06,P003,S001,134,113.0
2025-07-06,P003,S002,125,134.71428571428572
2025-07-06,P003,S003,110,98.57142857142856
2025-07-06,P004,S001,195,203.57142857142856
2025-07-06,P004,S002,303,242.28571428571428
2025-07-06,P004,S003,191,180.7142857142857
2025-07-06,P005,S001,159,141.28571428571428
2025-07-06,P005,S002,204,184.0
2025-07-06,P005,S003,126,135.0
2025-07-07,P001,S001,129,147.71428571428572
2025-07-07,P001,S002,187,162.57142857142858
2025-07-07,P001,S003,98,123.85714285714286
2025-07-07,P002,S001,147,172.57142857142858
2025-07-07,P002,S002,200,187.8571428571429
2025-07-07,P002,S003,170,157.85714285714286
2025-07-07,P003,S001,112,112.57142857142856
2025-07-07,P003,S002,134,126.85714285714286
2025-07-07,P003,S003,93,98.14285714285714
2025-07-07,P004,S001,173,201.1428571428572
2025-07-07,P004,S002,222,247.28571428571428
2025-07-07,P004,S003,186,179.42857142857142
2025-07-07,P005,S001,140,142.85714285714286
2025-07-07,P005,S002,181,184.8571428571429
2025-07-07,P005,S003,127,132.28571428571428
2025-07-08,P001,S001,121,145.85714285714286
2025-07-08,P001,S002,155,163.28571428571428
2025-07-08,P001,S003,113,118.71428571428572
2025-07-08,P002,S001,175,171.42857142857142
2025-07-08,P002,S002,190,189.1428571428572
2025-07-08,P002,S003,128,159.85714285714286
2025-07-08,P003,S001,97,111.14285714285714
2025-07-08,P003,S002,132,126.0
2025-07-08,P003,S003,124,96.85714285714286
2025-07-08,P004,S001,205,199.7142857142857
2025-07-08,P004,S002,203,238.0
2025-07-08,P004,S003,174,176.71428571428572
2025-07-08,P005,S001,168,145.0
2025-07-08,P005,S002,148,185.42857142857144
2025-07-08,P005,S003,126,129.57142857142858
2025-07-09,P001,S001,123,139.0
2025-07-09,P001,S002,149,167.14285714285714
2025-07-09,P001,S003,123,118.71428571428572
2025-07-09,P002,S001,158,166.28571428571428
2025-07-09,P002,S002,195,185.8571428571429
2025-07-09,P002,S003,178,156.85714285714286
2025-07-09,P003,S001,124,109.71428571428572
2025-07-09,P003,S002,134,126.14285714285714
2025-07-09,P003,S003,128,101.85714285714286
2025-07-09,P004,S001,241,193.8571428571429
2025-07-09,P004,S002,225,232.42857142857144
2025-07-09,P004,S003,191,179.71428571428572
2025-07-09,P005,S001,133,149.71428571428572
2025-07-09,P005,S002,174,177.85714285714286
2025-07-09,P005,S003,123,130.71428571428572
2025-07-10,P001,S001,130,132.57142857142858
2025-07-10,P001,S002,192,168.71428571428572
2025-07-10,P001,S003,114,119.71428571428572
2025-07-10,P002,S001,151,160.57142857142858
2025-07-10,P002,S002,161,189.42857142857144
2025-07-10,P002,S003,130,157.28571428571428
2025-07-10,P003,S001,129,113.28571428571428
2025-07-10,P003,S002,124,128.28571428571428
2025-07-10,P003,S003,131,108.57142857142856
2025-07-10,P004,S001,199,201.1428571428572
2025-07-10,P004,S002,208,233.7142857142857
2025-07-10,P004,S003,193,181.0
2025-07-10,P005,S001,131,148.71428571428572
2025-07-10,P005,S002,157,176.28571428571428
2025-07-10,P005,S003,118,130.57142857142858
2025-07-11,P001,S001,124,134.42857142857142
2025-07-11,P001,S002,123,169.28571428571428
2025-07-11,P001,S003,129,120.85714285714286
2025-07-11,P002,S001,166,160.0
2025-07-11,P002,S002,182,183.28571428571428
2025-07-11,P002,S003,155,155.57142857142858
2025-07-11,P003,S001,96,117.0
2025-07-11,P003,S002,133,128.57142857142858
2025-07-11,P003,S003,108,109.57142857142856
2025-07-11,P004,S001,194,198.0
2025-07-11,P004,S002,223,233.1428571428572
2025-07-11,P004,S003,168,186.1428571428572
2025-07-11,P005,S001,173,147.14285714285714
2025-07-11,P005,S002,190,169.28571428571428
2025-07-11,P005,S003,132,127.14285714285714
2025-07-12,P001,S001,121,129.28571428571428
2025-07-12,P001,S002,154,166.0
2025-07-12,P001,S003,130,118.85714285714286
2025-07-12,P002,S001,169,163.42857142857142
2025-07-12,P002,S002,210,184.0
2025-07-12,P002,S003,164,156.42857142857142
2025-07-12,P003,S001,130,117.0
2025-07-12,P003,S002,124,132.14285714285714
2025-07-12,P003,S003,98,113.42857142857144
2025-07-12,P004,S001,207,200.7142857142857
2025-07-12,P004,S002,266,235.0
2025-07-12,P004,S003,175,179.28571428571428
2025-07-12,P005,S001,170,154.0
2025-07-12,P005,S002,164,173.14285714285714
2025-07-12,P005,S003,144,128.71428571428572
2025-07-13,P001,S001,179,128.42857142857142
2025-07-13,P001,S002,135,160.0
2025-07-13,P001,S003,121,119.71428571428572
2025-07-13,P002,S001,204,163.0
2025-07-13,P002,S002,238,189.0
2025-07-13,P002,S003,144,155.42857142857142
2025-07-13,P003,S001,130,117.42857142857144
2025-07-13,P003,S002,127,129.42857142857142
2025-07-13,P003,S003,90,113.14285714285714
2025-07-13,P004,S001,221,202.0
2025-07-13,P004,S002,213,235.7142857142857
2025-07-13,P004,S003,229,182.57142857142856
2025-07-13,P005,S001,182,153.42857142857142
2025-07-13,P005,S002,200,174.0
2025-07-13,P005,S003,109,128.0
2025-07-14,P001,S001,133,132.42857142857142
2025-07-14,P001,S002,123,156.42857142857142
2025-07-14,P001,S003,143,118.28571428571428
2025-07-14,P002,S001,172,167.14285714285714
2025-07-14,P002,S002,205,196.57142857142856
2025-07-14,P002,S003,141,152.71428571428572
2025-07-14,P003,S001,103,116.85714285714286
2025-07-14,P003,S002,117,129.71428571428572
2025-07-14,P003,S003,90,110.28571428571428
2025-07-14,P004,S001,242,205.7142857142857
2025-07-14,P004,S002,210,222.8571428571429
2025-07-14,P004,S003,215,188.0
2025-07-14,P005,S001,136,156.71428571428572
2025-07-14,P005,S002,165,173.42857142857142
2025-07-14,P005,S003,132,125.57142857142856
2025-07-15,P001,S001,127,133.0
2025-07-15,P001,S002,173,147.28571428571428
2025-07-15,P001,S003,115,124.71428571428572
2025-07-15,P002,S001,191,170.71428571428572
2025-07-15,P002,S002,187,197.28571428571428
2025-07-15,P002,S003,125,148.57142857142858
2025-07-15,P003,S001,103,115.57142857142856
2025-07-15,P003,S002,138,127.28571428571428
2025-07-15,P003,S003,112,109.85714285714286
2025-07-15,P004,S001,201,215.57142857142856
2025-07-15,P004,S002,244,221.1428571428572
2025-07-15,P004,S003,155,192.1428571428572
2025-07-15,P005,S001,121,156.14285714285714
2025-07-15,P005,S002,153,171.14285714285714
2025-07-15,P005,S003,121,126.28571428571428
2025-07-16,P001,S001,112,133.85714285714286
2025-07-16,P001,S002,146,149.85714285714286
2025-07-16,P001,S003,116,125.0
2025-07-16,P002,S001,173,173.0
2025-07-16,P002,S002,176,196.8571428571429
2025-07-16,P002,S003,147,148.14285714285714
2025-07-16,P003,S001,99,116.42857142857144
2025-07-16,P003,S002,132,128.14285714285714
2025-07-16,P003,S003,103,108.14285714285714
2025-07-16,P004,S001,185,215.0
2025-07-16,P004,S002,195,227.0
2025-07-16,P004,S003,181,189.42857142857144
2025-07-16,P005,S001,141,149.42857142857142
2025-07-16,P005,S002,168,171.85714285714286
2025-07-16,P005,S003,137,125.57142857142856
2025-07-17,P001,S001,118,132.28571428571428
2025-07-17,P001,S002,142,149.42857142857142
2025-07-17,P001,S003,118,124.0
2025-07-17,P002,S001,162,175.14285714285714
2025-07-17,P002,S002,182,194.1428571428572
2025-07-17,P002,S003,179,143.71428571428572
2025-07-17,P003,S001,105,112.85714285714286
2025-07-17,P003,S002,132,127.85714285714286
2025-07-17,P003,S003,113,104.57142857142856
2025-07-17,P004,S001,235,207.0
2025-07-17,P004,S002,201,222.7142857142857
2025-07-17,P004,S003,179,188.0
2025-07-17,P005,S001,146,150.57142857142858
2025-07-17,P005,S002,152,171.0
2025-07-17,P005,S003,118,127.57142857142856
2025-07-18,P001,S001,134,130.57142857142858
2025-07-18,P001,S002,137,142.28571428571428
2025-07-18,P001,S003,116,124.57142857142856
2025-07-18,P002,S001,153,176.71428571428572
2025-07-18,P002,S002,187,197.1428571428572
2025-07-18,P002,S003,143,150.71428571428572
2025-07-18,P003,S001,117,109.42857142857144
2025-07-18,P003,S002,99,129.0
2025-07-18,P003,S003,89,102.0
2025-07-18,P004,S001,179,212.1428571428572
2025-07-18,P004,S002,232,221.7142857142857
2025-07-18,P004,S003,163,186.0
2025-07-18,P005,S001,134,152.71428571428572
2025-07-18,P005,S002,154,170.28571428571428
2025-07-18,P005,S003,125,127.57142857142856
2025-07-19,P001,S001,137,132.0
2025-07-19,P001,S002,173,144.28571428571428
2025-07-19,P001,S003,153,122.71428571428572
2025-07-19,P002,S001,156,174.85714285714286
2025-07-19,P002,S002,185,197.8571428571429
2025-07-19,P002,S003,186,149.0
2025-07-19,P003,S001,115,112.42857142857144
2025-07-19,P003,S002,142,124.14285714285714
2025-07-19,P003,S003,102,99.28571428571428
2025-07-19,P004,S001,227,210.0
2025-07-19,P004,S002,268,223.0
2025-07-19,P004,S003,197,185.28571428571428
2025-07-19,P005,S001,160,147.14285714285714
2025-07-19,P005,S002,160,165.14285714285714
2025-07-19,P005,S003,138,126.57142857142856
2025-07-20,P001,S001,143,134.28571428571428
2025-07-20,P001,S002,171,147.0
2025-07-20,P001,S003,132,126.0
2025-07-20,P002,S001,165,173.0
2025-07-20,P002,S002,205,194.28571428571428
2025-07-20,P002,S003,178,152.14285714285714
2025-07-20,P003,S001,114,110.28571428571428
2025-07-20,P003,S002,135,126.71428571428572
2025-07-20,P003,S003,112,99.85714285714286
2025-07-20,P004,S001,217,212.8571428571429
2025-07-20,P004,S002,225,223.28571428571428
2025-07-20,P004,S003,181,188.42857142857144
2025-07-20,P005,S001,175,145.71428571428572
2025-07-20,P005,S002,192,164.57142857142858
2025-07-20,P005,S003,162,125.71428571428572
2025-07-21,P001,S001,106,129.14285714285714
2025-07-21,P001,S002,130,152.14285714285714
2025-07-21,P001,S003,107,127.57142857142856
2025-07-21,P002,S001,225,167.42857142857142
2025-07-21,P002,S002,157,189.57142857142856
2025-07-21,P002,S003,180,157.0
2025-07-21,P003,S001,110,108.0
2025-07-21,P003,S002,116,127.85714285714286
2025-07-21,P003,S003,95,103.0
2025-07-21,P004,S001,197,212.28571428571428
2025-07-21,P004,S002,210,225.0
2025-07-21,P004,S003,185,181.57142857142856
2025-07-21,P005,S001,184,144.71428571428572
2025-07-21,P005,S002,158,163.42857142857142
2025-07-21,P005,S003,114,133.28571428571428
2025-07-22,P001,S001,132,125.28571428571428
2025-07-22,P001,S002,144,153.14285714285714
2025-07-22,P001,S003,160,122.42857142857144
2025-07-22,P002,S001,163,175.0
2025-07-22,P002,S002,190,182.7142857142857
2025-07-22,P002,S003,151,162.57142857142858
2025-07-22,P003,S001,108,109.0
2025-07-22,P003,S002,118,127.71428571428572
2025-07-22,P003,S003,90,103.71428571428572
2025-07-22,P004,S001,201,205.8571428571429
2025-07-22,P004,S002,268,225.0
2025-07-22,P004,S003,173,177.28571428571428
2025-07-22,P005,S001,138,151.57142857142858
2025-07-22,P005,S002,158,162.42857142857142
2025-07-22,P005,S003,131,130.71428571428572
2025-07-23,P001,S001,114,126.0
2025-07-23,P001,S002,134,149.0
2025-07-23,P001,S003,106,128.85714285714286
2025-07-23,P002,S001,189,171.0
2025-07-23,P002,S002,188,183.1428571428572
2025-07-23,P002,S003,147,166.28571428571428
2025-07-23,P003,S001,107,109.71428571428572
2025-07-23,P003,S002,124,124.85714285714286
2025-07-23,P003,S003,88,100.57142857142856
2025-07-23,P004,S001,229,205.8571428571429
2025-07-23,P004,S002,251,228.42857142857144
2025-07-23,P004,S003,173,179.85714285714286
2025-07-23,P005,S001,123,154.0
2025-07-23,P005,S002,157,163.14285714285714
2025-07-23,P005,S003,143,132.14285714285714
2025-07-24,P001,S001,136,126.28571428571428
2025-07-24,P001,S002,149,147.28571428571428
2025-07-24,P001,S003,119,127.42857142857144
2025-07-24,P002,S001,156,173.28571428571428
2025-07-24,P002,S002,190,184.8571428571429
2025-07-24,P002,S003,139,166.28571428571428
2025-07-24,P003,S001,96,110.85714285714286
2025-07-24,P003,S002,142,123.71428571428572
2025-07-24,P003,S003,103,98.42857142857144
2025-07-24,P004,S001,185,212.1428571428572
2025-07-24,P004,S002,214,236.42857142857144
2025-07-24,P004,S003,155,178.71428571428572
2025-07-24,P005,S001,133,151.42857142857142
2025-07-24,P005,S002,177,161.57142857142858
2025-07-24,P005,S003,151,133.0
2025-07-25,P001,S001,118,128.85714285714286
2025-07-25,P001,S002,154,148.28571428571428
2025-07-25,P001,S003,141,127.57142857142856
2025-07-25,P002,S001,195,172.42857142857142
2025-07-25,P002,S002,171,186.0
2025-07-25,P002,S003,189,160.57142857142858
2025-07-25,P003,S001,92,109.57142857142856
2025-07-25,P003,S002,128,125.14285714285714
2025-07-25,P003,S003,103,97.0
2025-07-25,P004,S001,162,205.0
2025-07-25,P004,S002,216,238.28571428571428
2025-07-25,P004,S003,188,175.28571428571428
2025-07-25,P005,S001,134,149.57142857142858
2025-07-25,P005,S002,145,165.14285714285714
2025-07-25,P005,S003,128,137.71428571428572
2025-07-26,P001,S001,147,126.57142857142856
2025-07-26,P001,S002,219,150.71428571428572
2025-07-26,P001,S003,149,131.14285714285714
2025-07-26,P002,S001,228,178.42857142857142
2025-07-26,P002,S002,198,183.7142857142857
2025-07-26,P002,S003,182,167.14285714285714
2025-07-26,P003,S001,122,106.0
2025-07-26,P003,S002,136,129.28571428571428
2025-07-26,P003,S003,117,99.0
2025-07-26,P004,S001,226,202.57142857142856
2025-07-26,P004,S002,251,236.0
2025-07-26,P004,S003,227,178.85714285714286
2025-07-26,P005,S001,167,149.57142857142858
2025-07-26,P005,S002,198,163.85714285714286
2025-07-26,P005,S003,149,138.14285714285714
2025-07-27,P001,S001,153,128.0
2025-07-27,P001,S002,195,157.28571428571428
2025-07-27,P001,S003,137,130.57142857142858
2025-07-27,P002,S001,146,188.7142857142857
2025-07-27,P002,S002,269,185.57142857142856
2025-07-27,P002,S003,167,166.57142857142858
2025-07-27,P003,S001,147,107.0
2025-07-27,P003,S002,154,128.42857142857142
2025-07-27,P003,S003,105,101.14285714285714
2025-07-27,P004,S001,214,202.42857142857144
2025-07-27,P004,S002,264,233.57142857142856
2025-07-27,P004,S003,174,183.1428571428572
2025-07-27,P005,S001,159,150.57142857142858
2025-07-27,P005,S002,188,169.28571428571428
2025-07-27,P005,S003,184,139.71428571428572
2025-07-28,P001,S001,144,129.42857142857142
2025-07-28,P001,S002,203,160.71428571428572
2025-07-28,P001,S003,115,131.28571428571428
2025-07-28,P002,S001,153,186.0
2025-07-28,P002,S002,159,194.7142857142857
2025-07-28,P002,S003,154,165.0
2025-07-28,P003,S001,108,111.71428571428572
2025-07-28,P003,S002,141,131.14285714285714
2025-07-28,P003,S003,91,100.14285714285714
2025-07-28,P004,S001,210,202.0
2025-07-28,P004,S002,220,239.1428571428572
2025-07-28,P004,S003,159,182.1428571428572
2025-07-28,P005,S001,141,148.28571428571428
2025-07-28,P005,S002,126,168.71428571428572
2025-07-28,P005,S003,144,142.85714285714286
2025-07-29,P001,S001,138,134.85714285714286
2025-07-29,P001,S002,178,171.14285714285714
2025-07-29,P001,S003,102,132.42857142857142
2025-07-29,P002,S001,136,175.71428571428572
2025-07-29,P002,S002,193,195.0
2025-07-29,P002,S003,149,161.28571428571428
2025-07-29,P003,S001,113,111.42857142857144
2025-07-29,P003,S002,135,134.71428571428572
2025-07-29,P003,S003,95,99.57142857142856
2025-07-29,P004,S001,174,203.8571428571429
2025-07-29,P004,S002,225,240.57142857142856
2025-07-29,P004,S003,201,178.42857142857142
2025-07-29,P005,S001,135,142.14285714285714
2025-07-29,P005,S002,157,164.14285714285714
2025-07-29,P005,S003,117,147.14285714285714
2025-07-30,P001,S001,134,135.71428571428572
2025-07-30,P001,S002,158,176.0
2025-07-30,P001,S003,109,124.14285714285714
2025-07-30,P002,S001,145,171.85714285714286
2025-07-30,P002,S002,175,195.42857142857144
2025-07-30,P002,S003,145,161.0
2025-07-30,P003,S001,99,112.14285714285714
2025-07-30,P003,S002,108,137.14285714285714
2025-07-30,P003,S003,92,100.28571428571428
2025-07-30,P004,S001,192,200.0
2025-07-30,P004,S002,203,234.42857142857144
2025-07-30,P004,S003,226,182.42857142857144
2025-07-30,P005,S001,151,141.71428571428572
2025-07-30,P005,S002,167,164.0
2025-07-30,P005,S003,129,145.14285714285714
2025-07-31,P001,S001,144,138.57142857142858
2025-07-31,P001,S002,152,179.42857142857142
2025-07-31,P001,S003,136,124.57142857142856
2025-07-31,P002,S001,199,165.57142857142858
2025-07-31,P002,S002,183,193.57142857142856
2025-07-31,P002,S003,125,160.71428571428572
2025-07-31,P003,S001,89,111.0
2025-07-31,P003,S002,136,134.85714285714286
2025-07-31,P003,S003,99,100.85714285714286
2025-07-31,P004,S001,228,194.7142857142857
2025-07-31,P004,S002,207,227.57142857142856
2025-07-31,P004,S003,167,190.0
2025-07-31,P005,S001,148,145.71428571428572
2025-07-31,P005,S002,154,165.42857142857142
2025-07-31,P005,S003,131,143.14285714285714
2025-08-01,P001,S001,159,139.71428571428572
2025-08-01,P001,S002,142,179.85714285714286
2025-08-01,P001,S003,99,127.0
2025-08-01,P002,S001,146,171.71428571428572
2025-08-01,P002,S002,180,192.57142857142856
2025-08-01,P002,S003,133,158.71428571428572
2025-08-01,P003,S001,92,110.0
2025-08-01,P003,S002,125,134.0
2025-08-01,P003,S003,87,100.28571428571428
2025-08-01,P004,S001,192,200.8571428571429
2025-08-01,P004,S002,202,226.57142857142856
2025-08-01,P004,S003,158,191.7142857142857
2025-08-01,P005,S001,150,147.85714285714286
2025-08-01,P005,S002,176,162.14285714285714
2025-08-01,P005,S003,126,140.28571428571428
2025-08-02,P001,S001,136,145.57142857142858
2025-08-02,P001,S002,153,178.14285714285714
2025-08-02,P001,S003,148,121.0
2025-08-02,P002,S001,146,164.71428571428572
2025-08-02,P002,S002,199,193.8571428571429
2025-08-02,P002,S003,134,150.71428571428572
2025-08-02,P003,S001,122,110.0
2025-08-02,P003,S002,114,133.57142857142858
2025-08-02,P003,S003,97,98.0
2025-08-02,P004,S001,194,205.1428571428572
2025-08-02,P004,S002,242,224.57142857142856
2025-08-02,P004,S003,195,187.42857142857144
2025-08-02,P005,S001,149,150.14285714285714
2025-08-02,P005,S002,167,166.57142857142858
2025-08-02,P005,S003,143,140.0
2025-08-03,P001,S001,147,144.0
2025-08-03,P001,S002,158,168.71428571428572
2025-08-03,P001,S003,125,120.85714285714286
2025-08-03,P002,S001,163,153.0
2025-08-03,P002,S002,223,194.0
2025-08-03,P002,S003,141,143.85714285714286
2025-08-03,P003,S001,113,110.0
2025-08-03,P003,S002,169,130.42857142857142
2025-08-03,P003,S003,111,95.14285714285714
2025-08-03,P004,S001,203,200.57142857142856
2025-08-03,P004,S002,228,223.28571428571428
2025-08-03,P004,S003,179,182.8571428571429
2025-08-03,P005,S001,137,147.57142857142858
2025-08-03,P005,S002,149,162.14285714285714
2025-08-03,P005,S003,123,139.14285714285714
2025-08-04,P001,S001,140,143.14285714285714
2025-08-04,P001,S002,188,163.42857142857142
2025-08-04,P001,S003,119,119.14285714285714
2025-08-04,P002,S001,150,155.42857142857142
2025-08-04,P002,S002,206,187.42857142857144
2025-08-04,P002,S003,149,140.14285714285714
2025-08-04,P003,S001,94,105.14285714285714
2025-08-04,P003,S002,106,132.57142857142858
2025-08-04,P003,S003,117,96.0
2025-08-04,P004,S001,195,199.0
2025-08-04,P004,S002,205,218.1428571428572
2025-08-04,P004,S003,163,183.57142857142856
2025-08-04,P005,S001,122,144.42857142857142
2025-08-04,P005,S002,144,156.57142857142858
2025-08-04,P005,S003,124,130.42857142857142
2025-08-05,P001,S001,110,142.57142857142858
2025-08-05,P001,S002,159,161.28571428571428
2025-08-05,P001,S003,98,119.71428571428572
2025-08-05,P002,S001,161,155.0
2025-08-05,P002,S002,210,194.1428571428572
2025-08-05,P002,S003,133,139.42857142857142
2025-08-05,P003,S001,110,103.14285714285714
2025-08-05,P003,S002,127,127.57142857142856
2025-08-05,P003,S003,96,99.71428571428572
2025-08-05,P004,S001,167,196.8571428571429
2025-08-05,P004,S002,205,216.0
2025-08-05,P004,S003,162,184.1428571428572
2025-08-05,P005,S001,129,141.71428571428572
2025-08-05,P005,S002,200,159.14285714285714
2025-08-05,P005,S003,122,127.57142857142856
2025-08-06,P001,S001,112,138.57142857142858
2025-08-06,P001,S002,136,158.57142857142858
2025-08-06,P001,S003,107,119.14285714285714
2025-08-06,P002,S001,130,158.57142857142858
2025-08-06,P002,S002,175,196.57142857142856
2025-08-06,P002,S003,143,137.14285714285714
2025-08-06,P003,S001,125,102.71428571428572
2025-08-06,P003,S002,116,126.42857142857144
2025-08-06,P003,S003,101,99.85714285714286
2025-08-06,P004,S001,225,195.8571428571429
2025-08-06,P004,S002,237,213.1428571428572
2025-08-06,P004,S003,155,178.57142857142858
2025-08-06,P005,S001,157,140.85714285714286
2025-08-06,P005,S002,143,165.28571428571428
2025-08-06,P005,S003,146,128.28571428571428
2025-08-07,P001,S001,125,135.42857142857142
2025-08-07,P001,S002,163,155.42857142857142
2025-08-07,P001,S003,94,118.85714285714286
2025-08-07,P002,S001,153,156.42857142857142
2025-08-07,P002,S002,192,196.57142857142856
2025-08-07,P002,S003,140,136.85714285714286
2025-08-07,P003,S001,137,106.42857142857144
2025-08-07,P003,S002,112,127.57142857142856
2025-08-07,P003,S003,118,101.14285714285714
2025-08-07,P004,S001,218,200.57142857142856
2025-08-07,P004,S002,227,218.0
2025-08-07,P004,S003,184,168.42857142857142
2025-08-07,P005,S001,119,141.71428571428572
2025-08-07,P005,S002,151,161.85714285714286
2025-08-07,P005,S003,119,130.71428571428572
2025-08-08,P001,S001,153,132.71428571428572
2025-08-08,P001,S002,122,157.0
2025-08-08,P001,S003,103,112.85714285714286
2025-08-08,P002,S001,140,149.85714285714286
2025-08-08,P002,S002,161,197.8571428571429
2025-08-08,P002,S003,123,139.0
2025-08-08,P003,S001,93,113.28571428571428
2025-08-08,P003,S002,106,124.14285714285714
2025-08-08,P003,S003,93,103.85714285714286
2025-08-08,P004,S001,234,199.1428571428572
2025-08-08,P004,S002,192,220.8571428571429
2025-08-08,P004,S003,151,170.85714285714286
2025-08-08,P005,S001,161,137.57142857142858
2025-08-08,P005,S002,155,161.42857142857142
2025-08-08,P005,S003,128,129.0
2025-08-09,P001,S001,124,131.85714285714286
2025-08-09,P001,S002,146,154.14285714285714
2025-08-09,P001,S003,113,113.42857142857144
2025-08-09,P002,S001,177,149.0
2025-08-09,P002,S002,175,195.1428571428572
2025-08-09,P002,S003,149,137.57142857142858
2025-08-09,P003,S001,106,113.42857142857144
2025-08-09,P003,S002,123,121.42857142857144
2025-08-09,P003,S003,118,104.71428571428572
2025-08-09,P004,S001,200,205.1428571428572
2025-08-09,P004,S002,254,219.42857142857144
2025-08-09,P004,S003,188,169.85714285714286
2025-08-09,P005,S001,161,139.14285714285714
2025-08-09,P005,S002,157,158.42857142857142
2025-08-09,P005,S003,126,129.28571428571428
2025-08-10,P001,S001,133,130.14285714285714
2025-08-10,P001,S002,146,153.14285714285714
2025-08-10,P001,S003,121,108.42857142857144
2025-08-10,P002,S001,155,153.42857142857142
2025-08-10,P002,S002,216,191.7142857142857
2025-08-10,P002,S003,173,139.71428571428572
2025-08-10,P003,S001,102,111.14285714285714
2025-08-10,P003,S002,109,122.71428571428572
2025-08-10,P003,S003,109,107.71428571428572
2025-08-10,P004,S001,183,206.0
2025-08-10,P004,S002,236,221.1428571428572
2025-08-10,P004,S003,194,168.85714285714286
2025-08-10,P005,S001,145,140.85714285714286
2025-08-10,P005,S002,190,157.0
2025-08-10,P005,S003,131,126.85714285714286
2025-08-11,P001,S001,129,128.14285714285714
2025-08-11,P001,S002,154,151.42857142857142
2025-08-11,P001,S003,96,107.85714285714286
2025-08-11,P002,S001,169,152.28571428571428
2025-08-11,P002,S002,205,190.7142857142857
2025-08-11,P002,S003,164,144.28571428571428
2025-08-11,P003,S001,103,109.57142857142856
2025-08-11,P003,S002,115,114.14285714285714
2025-08-11,P003,S003,80,107.42857142857144
2025-08-11,P004,S001,174,203.1428571428572
2025-08-11,P004,S002,206,222.28571428571428
2025-08-11,P004,S003,155,171.0
2025-08-11,P005,S001,140,142.0
2025-08-11,P005,S002,138,162.85714285714286
2025-08-11,P005,S003,115,128.0
2025-08-12,P001,S001,116,126.57142857142856
2025-08-12,P001,S002,131,146.57142857142858
2025-08-12,P001,S003,111,104.57142857142856
2025-08-12,P002,S001,156,155.0
2025-08-12,P002,S002,129,190.57142857142856
2025-08-12,P002,S003,129,146.42857142857142
2025-08-12,P003,S001,109,110.85714285714286
2025-08-12,P003,S002,133,115.42857142857144
2025-08-12,P003,S003,96,102.14285714285714
2025-08-12,P004,S001,201,200.1428571428572
2025-08-12,P004,S002,247,222.42857142857144
2025-08-12,P004,S003,147,169.85714285714286
2025-08-12,P005,S001,147,144.57142857142858
2025-08-12,P005,S002,170,162.0
2025-08-12,P005,S003,132,126.71428571428572
2025-08-13,P001,S001,123,127.42857142857144
2025-08-13,P001,S002,151,142.57142857142858
2025-08-13,P001,S003,109,106.42857142857144
2025-08-13,P002,S001,206,154.28571428571428
2025-08-13,P002,S002,175,179.0
2025-08-13,P002,S003,124,145.85714285714286
2025-08-13,P003,S001,104,110.71428571428572
2025-08-13,P003,S002,142,116.28571428571428
2025-08-13,P003,S003,96,102.14285714285714
2025-08-13,P004,S001,175,205.0
2025-08-13,P004,S002,257,228.42857142857144
2025-08-13,P004,S003,155,167.71428571428572
2025-08-13,P005,S001,124,147.14285714285714
2025-08-13,P005,S002,158,157.71428571428572
2025-08-13,P005,S003,100,128.14285714285714
2025-08-14,P001,S001,126,129.0
2025-08-14,P001,S002,167,144.71428571428572
2025-08-14,P001,S003,107,106.71428571428572
2025-08-14,P002,S001,160,165.14285714285714
2025-08-14,P002,S002,175,179.0
2025-08-14,P002,S003,156,143.14285714285714
2025-08-14,P003,S001,103,107.71428571428572
2025-08-14,P003,S002,106,120.0
2025-08-14,P003,S003,66,101.42857142857144
2025-08-14,P004,S001,162,197.8571428571429
2025-08-14,P004,S002,184,231.28571428571428
2025-08-14,P004,S003,157,167.71428571428572
2025-08-14,P005,S001,118,142.42857142857142
2025-08-14,P005,S002,140,159.85714285714286
2025-08-14,P005,S003,127,121.57142857142856
2025-08-15,P001,S001,199,129.14285714285714
2025-08-15,P001,S002,161,145.28571428571428
2025-08-15,P001,S003,137,108.57142857142856
2025-08-15,P002,S001,179,166.14285714285714
2025-08-15,P002,S002,230,176.57142857142858
2025-08-15,P002,S003,178,145.42857142857142
2025-08-15,P003,S001,123,102.85714285714286
2025-08-15,P003,S002,138,119.14285714285714
2025-08-15,P003,S003,117,94.0
2025-08-15,P004,S001,248,189.8571428571429
2025-08-15,P004,S002,268,225.1428571428572
2025-08-15,P004,S003,212,163.85714285714286
2025-08-15,P005,S001,176,142.28571428571428
2025-08-15,P005,S002,158,158.28571428571428
2025-08-15,P005,S003,157,122.71428571428572
2025-08-16,P001,S001,148,135.71428571428572
2025-08-16,P001,S002,148,150.85714285714286
2025-08-16,P001,S003,124,113.42857142857144
2025-08-16,P002,S001,196,171.71428571428572
2025-08-16,P002,S002,199,186.42857142857144
2025-08-16,P002,S003,146,153.28571428571428
2025-08-16,P003,S001,114,107.14285714285714
2025-08-16,P003,S002,110,123.71428571428572
2025-08-16,P003,S003,92,97.42857142857144
2025-08-16,P004,S001,201,191.8571428571429
2025-08-16,P004,S002,213,236.0
2025-08-16,P004,S003,177,172.57142857142858
2025-08-16,P005,S001,162,144.42857142857142
2025-08-16,P005,S002,143,158.71428571428572
2025-08-16,P005,S003,125,126.85714285714286
2025-08-17,P001,S001,126,139.14285714285714
2025-08-17,P001,S002,161,151.14285714285714
2025-08-17,P001,S003,152,115.0
2025-08-17,P002,S001,178,174.42857142857142
2025-08-17,P002,S002,182,189.8571428571429
2025-08-17,P002,S003,132,152.85714285714286
2025-08-17,P003,S001,106,108.28571428571428
2025-08-17,P003,S002,124,121.85714285714286
2025-08-17,P003,S003,103,93.71428571428572
2025-08-17,P004,S001,205,192.0
2025-08-17,P004,S002,234,230.1428571428572
2025-08-17,P004,S003,229,171.0
2025-08-17,P005,S001,146,144.57142857142858
2025-08-17,P005,S002,153,156.71428571428572
2025-08-17,P005,S003,130,126.71428571428572
2025-08-18,P001,S001,126,138.14285714285714
2025-08-18,P001,S002,148,153.28571428571428
2025-08-18,P001,S003,109,119.42857142857144
2025-08-18,P002,S001,151,177.71428571428572
2025-08-18,P002,S002,171,185.0
2025-08-18,P002,S003,140,147.0
2025-08-18,P003,S001,111,108.85714285714286
2025-08-18,P003,S002,122,124.0
2025-08-18,P003,S003,97,92.85714285714286
2025-08-18,P004,S001,192,195.1428571428572
2025-08-18,P004,S002,210,229.8571428571429
2025-08-18,P004,S003,203,176.0
2025-08-18,P005,S001,144,144.71428571428572
2025-08-18,P005,S002,147,151.42857142857142
2025-08-18,P005,S003,99,126.57142857142856
2025-08-19,P001,S001,116,137.71428571428572
2025-08-19,P001,S002,131,152.42857142857142
2025-08-19,P001,S003,118,121.28571428571428
2025-08-19,P002,S001,143,175.14285714285714
2025-08-19,P002,S002,169,180.14285714285714
2025-08-19,P002,S003,137,143.57142857142858
2025-08-19,P003,S001,102,110.0
2025-08-19,P003,S002,112,125.0
2025-08-19,P003,S003,90,95.28571428571428
2025-08-19,P004,S001,188,197.7142857142857
2025-08-19,P004,S002,197,230.42857142857144
2025-08-19,P004,S003,140,182.8571428571429
2025-08-19,P005,S001,127,145.28571428571428
2025-08-19,P005,S002,150,152.71428571428572
2025-08-19,P005,S003,114,124.28571428571428
2025-08-20,P001,S001,100,137.71428571428572
2025-08-20,P001,S002,144,152.42857142857142
2025-08-20,P001,S003,101,122.28571428571428
2025-08-20,P002,S001,153,173.28571428571428
2025-08-20,P002,S002,183,185.8571428571429
2025-08-20,P002,S003,137,144.71428571428572
2025-08-20,P003,S001,92,109.0
2025-08-20,P003,S002,125,122.0
2025-08-20,P003,S003,84,94.42857142857144
2025-08-20,P004,S001,195,195.8571428571429
2025-08-20,P004,S002,218,223.28571428571428
2025-08-20,P004,S003,157,181.8571428571429
2025-08-20,P005,S001,162,142.42857142857142
2025-08-20,P005,S002,110,149.85714285714286
2025-08-20,P005,S003,102,121.71428571428572
2025-08-21,P001,S001,130,134.42857142857142
2025-08-21,P001,S002,138,151.42857142857142
2025-08-21,P001,S003,113,121.14285714285714
2025-08-21,P002,S001,159,165.71428571428572
2025-08-21,P002,S002,176,187.0
2025-08-21,P002,S003,125,146.57142857142858
2025-08-21,P003,S001,96,107.28571428571428
2025-08-21,P003,S002,120,119.57142857142856
2025-08-21,P003,S003,98,92.71428571428572
2025-08-21,P004,S001,182,198.7142857142857
2025-08-21,P004,S002,190,217.7142857142857
2025-08-21,P004,S003,168,182.1428571428572
2025-08-21,P005,S001,127,147.85714285714286
2025-08-21,P005,S002,125,143.0
2025-08-21,P005,S003,137,122.0
2025-08-22,P001,S001,131,135.0
2025-08-22,P001,S002,123,147.28571428571428
2025-08-22,P001,S003,113,122.0
2025-08-22,P002,S001,136,165.57142857142858
2025-08-22,P002,S002,193,187.1428571428572
2025-08-22,P002,S003,125,142.14285714285714
2025-08-22,P003,S001,97,106.28571428571428
2025-08-22,P003,S002,131,121.57142857142856
2025-08-22,P003,S003,83,97.28571428571428
2025-08-22,P004,S001,200,201.57142857142856
2025-08-22,P004,S002,238,218.57142857142856
2025-08-22,P004,S003,186,183.7142857142857
2025-08-22,P005,S001,140,149.14285714285714
2025-08-22,P005,S002,148,140.85714285714286
2025-08-22,P005,S003,118,123.42857142857144
2025-08-23,P001,S001,135,125.28571428571428
2025-08-23,P001,S002,155,141.85714285714286
2025-08-23,P001,S003,156,118.57142857142856
2025-08-23,P002,S001,197,159.42857142857142
2025-08-23,P002,S002,189,181.8571428571429
2025-08-23,P002,S003,190,134.57142857142858
2025-08-23,P003,S001,116,102.57142857142856
2025-08-23,P003,S002,125,120.57142857142856
2025-08-23,P003,S003,113,92.42857142857144
2025-08-23,P004,S001,245,194.7142857142857
2025-08-23,P004,S002,241,214.28571428571428
2025-08-23,P004,S003,210,180.0
2025-08-23,P005,S001,143,144.0
2025-08-23,P005,S002,211,139.42857142857142
2025-08-23,P005,S003,136,117.85714285714286
2025-08-24,P001,S001,163,123.42857142857144
2025-08-24,P001,S002,203,142.85714285714286
2025-08-24,P001,S003,145,123.14285714285714
2025-08-24,P002,S001,182,159.57142857142858
2025-08-24,P002,S002,190,180.42857142857144
2025-08-24,P002,S003,128,140.85714285714286
2025-08-24,P003,S001,111,102.85714285714286
2025-08-24,P003,S002,134,122.71428571428572
2025-08-24,P003,S003,107,95.42857142857144
2025-08-24,P004,S001,175,201.0
2025-08-24,P004,S002,203,218.28571428571428
2025-08-24,P004,S003,179,184.7142857142857
2025-08-24,P005,S001,139,141.28571428571428
2025-08-24,P005,S002,182,149.14285714285714
2025-08-24,P005,S003,119,119.42857142857144
2025-08-25,P001,S001,137,128.71428571428572
2025-08-25,P001,S002,138,148.85714285714286
2025-08-25,P001,S003,95,122.14285714285714
2025-08-25,P002,S001,173,160.14285714285714
2025-08-25,P002,S002,182,181.57142857142856
2025-08-25,P002,S003,120,140.28571428571428
2025-08-25,P003,S001,108,103.57142857142856
2025-08-25,P003,S002,114,124.14285714285714
2025-08-25,P003,S003,96,96.0
2025-08-25,P004,S001,205,196.7142857142857
2025-08-25,P004,S002,184,213.8571428571429
2025-08-25,P004,S003,175,177.57142857142858
2025-08-25,P005,S001,128,140.28571428571428
2025-08-25,P005,S002,141,153.28571428571428
2025-08-25,P005,S003,109,117.85714285714286
2025-08-26,P001,S001,120,130.28571428571428
2025-08-26,P001,S002,159,147.42857142857142
2025-08-26,P001,S003,116,120.14285714285714
2025-08-26,P002,S001,163,163.28571428571428
2025-08-26,P002,S002,191,183.1428571428572
2025-08-26,P002,S003,146,137.42857142857142
2025-08-26,P003,S001,101,103.14285714285714
2025-08-26,P003,S002,111,123.0
2025-08-26,P003,S003,122,95.85714285714286
2025-08-26,P004,S001,185,198.57142857142856
2025-08-26,P004,S002,218,210.1428571428572
2025-08-26,P004,S003,158,173.57142857142858
2025-08-26,P005,S001,146,138.0
2025-08-26,P005,S002,149,152.42857142857142
2025-08-26,P005,S003,112,119.28571428571428
2025-08-27,P001,S001,112,130.85714285714286
2025-08-27,P001,S002,158,151.42857142857142
2025-08-27,P001,S003,101,119.85714285714286
2025-08-27,P002,S001,190,166.14285714285714
2025-08-27,P002,S002,153,186.28571428571428
2025-08-27,P002,S003,115,138.71428571428572
2025-08-27,P003,S001,90,103.0
2025-08-27,P003,S002,104,122.85714285714286
2025-08-27,P003,S003,87,100.42857142857144
2025-08-27,P004,S001,199,198.1428571428572
2025-08-27,P004,S002,266,213.1428571428572
2025-08-27,P004,S003,191,176.14285714285714
2025-08-27,P005,S001,136,140.71428571428572
2025-08-27,P005,S002,176,152.28571428571428
2025-08-27,P005,S003,120,119.0
2025-08-28,P001,S001,114,132.57142857142858
2025-08-28,P001,S002,133,153.42857142857142
2025-08-28,P001,S003,108,119.85714285714286
2025-08-28,P002,S001,155,171.42857142857142
2025-08-28,P002,S002,173,182.0
2025-08-28,P002,S003,144,135.57142857142858
2025-08-28,P003,S001,95,102.71428571428572
2025-08-28,P003,S002,111,119.85714285714286
2025-08-28,P003,S003,91,100.85714285714286
2025-08-28,P004,S001,217,198.7142857142857
2025-08-28,P004,S002,192,220.0
2025-08-28,P004,S003,163,181.0
2025-08-28,P005,S001,169,137.0
2025-08-28,P005,S002,180,161.71428571428572
2025-08-28,P005,S003,103,121.57142857142856
2025-08-29,P001,S001,137,130.28571428571428
2025-08-29,P001,S002,152,152.71428571428572
2025-08-29,P001,S003,138,119.14285714285714
2025-08-29,P002,S001,162,170.85714285714286
2025-08-29,P002,S002,156,181.57142857142856
2025-08-29,P002,S003,133,138.28571428571428
2025-08-29,P003,S001,103,102.57142857142856
2025-08-29,P003,S002,111,118.57142857142856
2025-08-29,P003,S003,87,99.85714285714286
2025-08-29,P004,S001,195,203.7142857142857
2025-08-29,P004,S002,187,220.28571428571428
2025-08-29,P004,S003,159,180.28571428571428
2025-08-29,P005,S001,137,143.0
2025-08-29,P005,S002,153,169.57142857142858
2025-08-29,P005,S003,130,116.71428571428572
2025-08-30,P001,S001,137,131.14285714285714
2025-08-30,P001,S002,182,156.85714285714286
2025-08-30,P001,S003,149,122.71428571428572
2025-08-30,P002,S001,153,174.57142857142858
2025-08-30,P002,S002,214,176.28571428571428
2025-08-30,P002,S003,142,139.42857142857142
2025-08-30,P003,S001,110,103.42857142857144
2025-08-30,P003,S002,127,115.71428571428572
2025-08-30,P003,S003,91,100.42857142857144
2025-08-30,P004,S001,232,203.0
2025-08-30,P004,S002,215,213.0
2025-08-30,P004,S003,236,176.42857142857142
2025-08-30,P005,S001,144,142.57142857142858
2025-08-30,P005,S002,169,170.28571428571428
2025-08-30,P005,S003,132,118.42857142857144
2025-08-31,P001,S001,153,131.42857142857142
2025-08-31,P001,S002,174,160.71428571428572
2025-08-31,P001,S003,123,121.71428571428572
2025-08-31,P002,S001,194,168.28571428571428
2025-08-31,P002,S002,199,179.85714285714286
2025-08-31,P002,S003,135,132.57142857142858
2025-08-31,P003,S001,138,102.57142857142856
2025-08-31,P003,S002,126,116.0
2025-08-31,P003,S003,96,97.28571428571428
2025-08-31,P004,S001,191,201.1428571428572
2025-08-31,P004,S002,256,209.28571428571428
2025-08-31,P004,S003,166,180.14285714285714
2025-08-31,P005,S001,192,142.71428571428572
2025-08-31,P005,S002,147,164.28571428571428
2025-08-31,P005,S003,115,117.85714285714286
2025-09-01,P001,S001,129,130.0
2025-09-01,P001,S002,138,156.57142857142858
2025-09-01,P001,S003,103,118.57142857142856
2025-09-01,P002,S001,139,170.0
2025-09-01,P002,S002,221,181.1428571428572
2025-09-01,P002,S003,138,133.57142857142858
2025-09-01,P003,S001,91,106.42857142857144
2025-09-01,P003,S002,104,114.85714285714286
2025-09-01,P003,S003,97,95.71428571428572
2025-09-01,P004,S001,161,203.42857142857144
2025-09-01,P004,S002,188,216.8571428571429
2025-09-01,P004,S003,174,178.28571428571428
2025-09-01,P005,S001,125,150.28571428571428
2025-09-01,P005,S002,139,159.28571428571428
2025-09-01,P005,S003,119,117.28571428571428
2025-09-02,P001,S001,121,128.85714285714286
2025-09-02,P001,S002,161,156.57142857142858
2025-09-02,P001,S003,112,119.71428571428572
2025-09-02,P002,S001,151,165.14285714285714
2025-09-02,P002,S002,178,186.7142857142857
2025-09-02,P002,S003,135,136.14285714285714
2025-09-02,P003,S001,96,104.0
2025-09-02,P003,S002,142,113.42857142857144
2025-09-02,P003,S003,87,95.85714285714286
2025-09-02,P004,S001,162,197.1428571428572
2025-09-02,P004,S002,194,217.42857142857144
2025-09-02,P004,S003,159,178.14285714285714
2025-09-02,P005,S001,137,149.85714285714286
2025-09-02,P005,S002,192,159.0
2025-09-02,P005,S003,114,118.71428571428572
2025-09-03,P001,S001,143,129.0
2025-09-03,P001,S002,130,156.85714285714286
2025-09-03,P001,S003,92,119.14285714285714
2025-09-03,P002,S001,135,163.42857142857142
2025-09-03,P002,S002,168,184.8571428571429
2025-09-03,P002,S003,133,134.57142857142858
2025-09-03,P003,S001,98,103.28571428571428
2025-09-03,P003,S002,122,117.85714285714286
2025-09-03,P003,S003,110,90.85714285714286
2025-09-03,P004,S001,147,193.8571428571429
2025-09-03,P004,S002,218,214.0
2025-09-03,P004,S003,166,178.28571428571428
2025-09-03,P005,S001,151,148.57142857142858
2025-09-03,P005,S002,164,165.14285714285714
2025-09-03,P005,S003,107,119.0
2025-09-04,P001,S001,118,133.42857142857142
2025-09-04,P001,S002,125,152.85714285714286
2025-09-04,P001,S003,119,117.85714285714286
2025-09-04,P002,S001,165,155.57142857142858
2025-09-04,P002,S002,182,187.0
2025-09-04,P002,S003,177,137.14285714285714
2025-09-04,P003,S001,110,104.42857142857144
2025-09-04,P003,S002,113,120.42857142857144
2025-09-04,P003,S003,109,94.14285714285714
2025-09-04,P004,S001,181,186.42857142857144
2025-09-04,P004,S002,229,207.1428571428572
2025-09-04,P004,S003,165,174.71428571428572
2025-09-04,P005,S001,134,150.71428571428572
2025-09-04,P005,S002,157,163.42857142857142
2025-09-04,P005,S003,109,117.14285714285714
2025-09-05,P001,S001,119,134.0
2025-09-05,P001,S002,146,151.71428571428572
2025-09-05,P001,S003,140,119.42857142857144
2025-09-05,P002,S001,156,157.0
2025-09-05,P002,S002,161,188.28571428571428
2025-09-05,P002,S003,146,141.85714285714286
2025-09-05,P003,S001,114,106.57142857142856
2025-09-05,P003,S002,121,120.71428571428572
2025-09-05,P003,S003,75,96.71428571428572
2025-09-05,P004,S001,158,181.28571428571428
2025-09-05,P004,S002,183,212.42857142857144
2025-09-05,P004,S003,166,175.0
2025-09-05,P005,S001,127,145.71428571428572
2025-09-05,P005,S002,146,160.14285714285714
2025-09-05,P005,S003,132,118.0
2025-09-06,P001,S001,131,131.42857142857142
2025-09-06,P001,S002,152,150.85714285714286
2025-09-06,P001,S003,142,119.71428571428572
2025-09-06,P002,S001,195,156.14285714285714
2025-09-06,P002,S002,177,189.0
2025-09-06,P002,S003,166,143.71428571428572
2025-09-06,P003,S001,136,108.14285714285714
2025-09-06,P003,S002,141,122.14285714285714
2025-09-06,P003,S003,91,95.0
2025-09-06,P004,S001,198,176.0
2025-09-06,P004,S002,296,211.8571428571429
2025-09-06,P004,S003,195,176.0
2025-09-06,P005,S001,170,144.28571428571428
2025-09-06,P005,S002,186,159.14285714285714
2025-09-06,P005,S003,157,118.28571428571428
2025-09-07,P001,S001,127,130.57142857142858
2025-09-07,P001,S002,176,146.57142857142858
2025-09-07,P001,S003,112,118.71428571428572
2025-09-07,P002,S001,153,162.14285714285714
2025-09-07,P002,S002,245,183.7142857142857
2025-09-07,P002,S003,119,147.14285714285714
2025-09-07,P003,S001,105,111.85714285714286
2025-09-07,P003,S002,113,124.14285714285714
2025-09-07,P003,S003,92,95.0
2025-09-07,P004,S001,202,171.14285714285714
2025-09-07,P004,S002,226,223.42857142857144
2025-09-07,P004,S003,183,170.14285714285714
2025-09-07,P005,S001,133,148.0
2025-09-07,P005,S002,147,161.57142857142858
2025-09-07,P005,S003,139,121.85714285714286
2025-09-08,P001,S001,103,126.85714285714286
2025-09-08,P001,S002,127,146.85714285714286
2025-09-08,P001,S003,102,117.14285714285714
2025-09-08,P002,S001,174,156.28571428571428
2025-09-08,P002,S002,156,190.28571428571428
2025-09-08,P002,S003,175,144.85714285714286
2025-09-08,P003,S001,105,107.14285714285714
2025-09-08,P003,S002,139,122.28571428571428
2025-09-08,P003,S003,70,94.42857142857144
2025-09-08,P004,S001,167,172.71428571428572
2025-09-08,P004,S002,186,219.1428571428572
2025-09-08,P004,S003,146,172.57142857142858
2025-09-08,P005,S001,129,139.57142857142858
2025-09-08,P005,S002,159,161.57142857142858
2025-09-08,P005,S003,130,125.28571428571428
2025-09-09,P001,S001,115,123.14285714285714
2025-09-09,P001,S002,125,145.28571428571428
2025-09-09,P001,S003,115,117.0
2025-09-09,P002,S001,203,161.28571428571428
2025-09-09,P002,S002,186,181.0
2025-09-09,P002,S003,127,150.14285714285714
2025-09-09,P003,S001,97,109.14285714285714
2025-09-09,P003,S002,99,127.28571428571428
2025-09-09,P003,S003,91,90.57142857142856
2025-09-09,P004,S001,144,173.57142857142858
2025-09-09,P004,S002,176,218.8571428571429
2025-09-09,P004,S003,194,168.57142857142858
2025-09-09,P005,S001,133,140.14285714285714
2025-09-09,P005,S002,136,164.42857142857142
2025-09-09,P005,S003,115,126.85714285714286
2025-09-10,P001,S001,98,122.28571428571428
2025-09-10,P001,S002,178,140.14285714285714
2025-09-10,P001,S003,112,117.42857142857144
2025-09-10,P002,S001,168,168.71428571428572
2025-09-10,P002,S002,192,182.1428571428572
2025-09-10,P002,S003,172,149.0
2025-09-10,P003,S001,100,109.28571428571428
2025-09-10,P003,S002,138,121.14285714285714
2025-09-10,P003,S003,83,91.14285714285714
2025-09-10,P004,S001,161,171.0
2025-09-10,P004,S002,208,216.28571428571428
2025-09-10,P004,S003,179,173.57142857142858
2025-09-10,P005,S001,131,139.57142857142858
2025-09-10,P005,S002,128,156.42857142857142
2025-09-10,P005,S003,146,127.0
2025-09-11,P001,S001,97,115.85714285714286
2025-09-11,P001,S002,142,147.0
2025-09-11,P001,S003,122,120.28571428571428
2025-09-11,P002,S001,162,173.42857142857142
2025-09-11,P002,S002,170,185.57142857142856
2025-09-11,P002,S003,133,154.57142857142858
2025-09-11,P003,S001,114,109.57142857142856
2025-09-11,P003,S002,124,123.42857142857144
2025-09-11,P003,S003,103,87.28571428571429
2025-09-11,P004,S001,171,173.0
2025-09-11,P004,S002,243,214.8571428571429
2025-09-11,P004,S003,134,175.42857142857142
2025-09-11,P005,S001,119,136.71428571428572
2025-09-11,P005,S002,138,151.28571428571428
2025-09-11,P005,S003,96,132.57142857142858
2025-09-12,P001,S001,154,112.85714285714286
2025-09-12,P001,S002,139,149.42857142857142
2025-09-12,P001,S003,122,120.71428571428572
2025-09-12,P002,S001,147,173.0
2025-09-12,P002,S002,236,183.8571428571429
2025-09-12,P002,S003,127,148.28571428571428
2025-09-12,P003,S001,101,110.14285714285714
2025-09-12,P003,S002,122,125.0
2025-09-12,P003,S003,96,86.42857142857143
2025-09-12,P004,S001,193,171.57142857142858
2025-09-12,P004,S002,212,216.8571428571429
2025-09-12,P004,S003,155,171.0
2025-09-12,P005,S001,115,134.57142857142858
2025-09-12,P005,S002,134,148.57142857142858
2025-09-12,P005,S003,124,130.71428571428572
2025-09-13,P001,S001,127,117.85714285714286
2025-09-13,P001,S002,154,148.42857142857142
2025-09-13,P001,S003,138,118.14285714285714
2025-09-13,P002,S001,172,171.71428571428572
2025-09-13,P002,S002,202,194.57142857142856
2025-09-13,P002,S003,156,145.57142857142858
2025-09-13,P003,S001,115,108.28571428571428
2025-09-13,P003,S002,125,125.14285714285714
2025-09-13,P003,S003,93,89.42857142857143
2025-09-13,P004,S001,193,176.57142857142858
2025-09-13,P004,S002,235,221.0
2025-09-13,P004,S003,222,169.42857142857142
2025-09-13,P005,S001,145,132.85714285714286
2025-09-13,P005,S002,155,146.85714285714286
2025-09-13,P005,S003,127,129.57142857142858
2025-09-14,P001,S001,131,117.28571428571428
2025-09-14,P001,S002,162,148.71428571428572
2025-09-14,P001,S003,109,117.57142857142856
2025-09-14,P002,S001,193,168.42857142857142
2025-09-14,P002,S002,213,198.1428571428572
2025-09-14,P002,S003,131,144.14285714285714
2025-09-14,P003,S001,129,105.28571428571428
2025-09-14,P003,S002,139,122.85714285714286
2025-09-14,P003,S003,101,89.71428571428571
2025-09-14,P004,S001,215,175.85714285714286
2025-09-14,P004,S002,230,212.28571428571428
2025-09-14,P004,S003,157,173.28571428571428
2025-09-14,P005,S001,139,129.28571428571428
2025-09-14,P005,S002,159,142.42857142857142
2025-09-14,P005,S003,151,125.28571428571428
2025-09-15,P001,S001,128,117.85714285714286
2025-09-15,P001,S002,122,146.71428571428572
2025-09-15,P001,S003,107,117.14285714285714
2025-09-15,P002,S001,165,174.14285714285714
2025-09-15,P002,S002,146,193.57142857142856
2025-09-15,P002,S003,143,145.85714285714286
2025-09-15,P003,S001,100,108.71428571428572
2025-09-15,P003,S002,113,126.57142857142856
2025-09-15,P003,S003,78,91.0
2025-09-15,P004,S001,161,177.71428571428572
2025-09-15,P004,S002,225,212.8571428571429
2025-09-15,P004,S003,175,169.57142857142858
2025-09-15,P005,S001,129,130.14285714285714
2025-09-15,P005,S002,146,144.14285714285714
2025-09-15,P005,S003,109,127.0
2025-09-16,P001,S001,126,121.42857142857144
2025-09-16,P001,S002,134,146.0
2025-09-16,P001,S003,106,117.85714285714286
2025-09-16,P002,S001,155,172.85714285714286
2025-09-16,P002,S002,152,192.1428571428572
2025-09-16,P002,S003,116,141.28571428571428
2025-09-16,P003,S001,98,108.0
2025-09-16,P003,S002,114,122.85714285714286
2025-09-16,P003,S003,84,92.14285714285714
2025-09-16,P004,S001,178,176.85714285714286
2025-09-16,P004,S002,203,218.42857142857144
2025-09-16,P004,S003,145,173.71428571428572
2025-09-16,P005,S001,123,130.14285714285714
2025-09-16,P005,S002,141,142.28571428571428
2025-09-16,P005,S003,114,124.0
2025-09-17,P001,S001,104,123.0
2025-09-17,P001,S002,133,147.28571428571428
2025-09-17,P001,S003,99,116.57142857142856
2025-09-17,P002,S001,154,166.0
2025-09-17,P002,S002,176,187.28571428571428
2025-09-17,P002,S003,153,139.71428571428572
2025-09-17,P003,S001,107,108.14285714285714
2025-09-17,P003,S002,109,125.0
2025-09-17,P003,S003,83,91.14285714285714
2025-09-17,P004,S001,177,181.7142857142857
2025-09-17,P004,S002,236,222.28571428571428
2025-09-17,P004,S003,165,166.71428571428572
2025-09-17,P005,S001,120,128.71428571428572
2025-09-17,P005,S002,150,143.0
2025-09-17,P005,S003,127,123.85714285714286
2025-09-18,P001,S001,112,123.85714285714286
2025-09-18,P001,S002,135,140.85714285714286
2025-09-18,P001,S003,130,114.71428571428572
2025-09-18,P002,S001,148,164.0
2025-09-18,P002,S002,188,185.0
2025-09-18,P002,S003,120,137.0
2025-09-18,P003,S001,95,109.14285714285714
2025-09-18,P003,S002,112,120.85714285714286
2025-09-18,P003,S003,108,91.14285714285714
2025-09-18,P004,S001,181,184.0
2025-09-18,P004,S002,191,226.28571428571428
2025-09-18,P004,S003,143,164.71428571428572
2025-09-18,P005,S001,139,127.14285714285714
2025-09-18,P005,S002,138,146.14285714285714
2025-09-18,P005,S003,124,121.14285714285714
2025-09-19,P001,S001,122,126.0
2025-09-19,P001,S002,148,139.85714285714286
2025-09-19,P001,S003,110,115.85714285714286
2025-09-19,P002,S001,128,162.0
2025-09-19,P002,S002,177,187.57142857142856
2025-09-19,P002,S003,135,135.14285714285714
2025-09-19,P003,S001,110,106.42857142857144
2025-09-19,P003,S002,128,119.14285714285714
2025-09-19,P003,S003,89,91.85714285714286
2025-09-19,P004,S001,166,185.42857142857144
2025-09-19,P004,S002,182,218.8571428571429
2025-09-19,P004,S003,172,166.0
2025-09-19,P005,S001,142,130.0
2025-09-19,P005,S002,179,146.14285714285714
2025-09-19,P005,S003,122,125.14285714285714
2025-09-20,P001,S001,123,121.42857142857144
2025-09-20,P001,S002,152,141.14285714285714
2025-09-20,P001,S003,141,114.14285714285714
2025-09-20,P002,S001,165,159.28571428571428
2025-09-20,P002,S002,192,179.14285714285714
2025-09-20,P002,S003,149,136.28571428571428
2025-09-20,P003,S001,109,107.71428571428572
2025-09-20,P003,S002,131,120.0
2025-09-20,P003,S003,100,90.85714285714286
2025-09-20,P004,S001,252,181.57142857142856
2025-09-20,P004,S002,211,214.57142857142856
2025-09-20,P004,S003,173,168.42857142857142
2025-09-20,P005,S001,162,133.85714285714286
2025-09-20,P005,S002,214,152.57142857142858
2025-09-20,P005,S003,100,124.85714285714286
2025-09-21,P001,S001,153,120.85714285714286
2025-09-21,P001,S002,142,140.85714285714286
2025-09-21,P001,S003,114,114.57142857142856
2025-09-21,P002,S001,204,158.28571428571428
2025-09-21,P002,S002,186,177.71428571428572
2025-09-21,P002,S003,159,135.28571428571428
2025-09-21,P003,S001,94,106.85714285714286
2025-09-21,P003,S002,119,120.85714285714286
2025-09-21,P003,S003,106,91.85714285714286
2025-09-21,P004,S001,170,190.0
2025-09-21,P004,S002,200,211.1428571428572
2025-09-21,P004,S003,172,161.42857142857142
2025-09-21,P005,S001,133,136.28571428571428
2025-09-21,P005,S002,154,161.0
2025-09-21,P005,S003,156,121.0
2025-09-22,P001,S001,142,124.0
2025-09-22,P001,S002,134,138.0
2025-09-22,P001,S003,101,115.28571428571428
2025-09-22,P002,S001,136,159.85714285714286
2025-09-22,P002,S002,154,173.85714285714286
2025-09-22,P002,S003,132,139.28571428571428
2025-09-22,P003,S001,136,101.85714285714286
2025-09-22,P003,S002,107,118.0
2025-09-22,P003,S003,96,92.57142857142856
2025-09-22,P004,S001,178,183.57142857142856
2025-09-22,P004,S002,250,206.8571428571429
2025-09-22,P004,S003,207,163.57142857142858
2025-09-22,P005,S001,143,135.42857142857142
2025-09-22,P005,S002,165,160.28571428571428
2025-09-22,P005,S003,140,121.71428571428572
2025-09-23,P001,S001,122,126.0
2025-09-23,P001,S002,140,139.71428571428572
2025-09-23,P001,S003,113,114.42857142857144
2025-09-23,P002,S001,148,155.71428571428572
2025-09-23,P002,S002,221,175.0
2025-09-23,P002,S003,159,137.71428571428572
2025-09-23,P003,S001,123,107.0
2025-09-23,P003,S002,116,117.14285714285714
2025-09-23,P003,S003,94,95.14285714285714
2025-09-23,P004,S001,164,186.0
2025-09-23,P004,S002,208,210.42857142857144
2025-09-23,P004,S003,200,168.14285714285714
2025-09-23,P005,S001,111,137.42857142857142
2025-09-23,P005,S002,138,163.0
2025-09-23,P005,S003,107,126.14285714285714
2025-09-24,P001,S001,115,125.42857142857144
2025-09-24,P001,S002,135,140.57142857142858
2025-09-24,P001,S003,104,115.42857142857144
2025-09-24,P002,S001,183,154.71428571428572
2025-09-24,P002,S002,202,184.8571428571429
2025-09-24,P002,S003,138,143.85714285714286
2025-09-24,P003,S001,133,110.57142857142856
2025-09-24,P003,S002,111,117.42857142857144
2025-09-24,P003,S003,90,96.57142857142856
2025-09-24,P004,S001,200,184.0
2025-09-24,P004,S002,255,211.1428571428572
2025-09-24,P004,S003,158,176.0
2025-09-24,P005,S001,140,135.71428571428572
2025-09-24,P005,S002,121,162.57142857142858
2025-09-24,P005,S003,114,125.14285714285714
2025-09-25,P001,S001,137,127.0
2025-09-25,P001,S002,122,140.85714285714286
2025-09-25,P001,S003,111,116.14285714285714
2025-09-25,P002,S001,147,158.85714285714286
2025-09-25,P002,S002,164,188.57142857142856
2025-09-25,P002,S003,140,141.71428571428572
2025-09-25,P003,S001,108,114.28571428571428
2025-09-25,P003,S002,108,117.71428571428572
2025-09-25,P003,S003,96,97.57142857142856
2025-09-25,P004,S001,176,187.28571428571428
2025-09-25,P004,S002,254,213.8571428571429
2025-09-25,P004,S003,165,175.0
2025-09-25,P005,S001,141,138.57142857142858
2025-09-25,P005,S002,181,158.42857142857142
2025-09-25,P005,S003,103,123.28571428571428
2025-09-26,P001,S001,145,130.57142857142858
2025-09-26,P001,S002,140,139.0
2025-09-26,P001,S003,110,113.42857142857144
2025-09-26,P002,S001,154,158.71428571428572
2025-09-26,P002,S002,168,185.1428571428572
2025-09-26,P002,S003,120,144.57142857142858
2025-09-26,P003,S001,106,116.14285714285714
2025-09-26,P003,S002,116,117.14285714285714
2025-09-26,P003,S003,88,95.85714285714286
2025-09-26,P004,S001,203,186.57142857142856
2025-09-26,P004,S002,186,222.8571428571429
2025-09-26,P004,S003,157,178.14285714285714
2025-09-26,P005,S001,133,138.85714285714286
2025-09-26,P005,S002,143,164.57142857142858
2025-09-26,P005,S003,113,120.28571428571428
2025-09-27,P001,S001,125,133.85714285714286
2025-09-27,P001,S002,133,137.85714285714286
2025-09-27,P001,S003,129,113.42857142857144
2025-09-27,P002,S001,146,162.42857142857142
2025-09-27,P002,S002,214,183.8571428571429
2025-09-27,P002,S003,134,142.42857142857142
2025-09-27,P003,S001,100,115.57142857142856
2025-09-27,P003,S002,125,115.42857142857144
2025-09-27,P003,S003,118,95.71428571428572
2025-09-27,P004,S001,209,191.8571428571429
2025-09-27,P004,S002,211,223.42857142857144
2025-09-27,P004,S003,163,176.0
2025-09-27,P005,S001,128,137.57142857142858
2025-09-27,P005,S002,159,159.42857142857142
2025-09-27,P005,S003,119,119.0
2025-09-28,P001,S001,134,134.14285714285714
2025-09-28,P001,S002,141,135.14285714285714
2025-09-28,P001,S003,117,111.71428571428572
2025-09-28,P002,S001,191,159.71428571428572
2025-09-28,P002,S002,186,187.0
2025-09-28,P002,S003,156,140.28571428571428
2025-09-28,P003,S001,143,114.28571428571428
2025-09-28,P003,S002,117,114.57142857142856
2025-09-28,P003,S003,112,98.28571428571428
2025-09-28,P004,S001,189,185.7142857142857
2025-09-28,P004,S002,232,223.42857142857144
2025-09-28,P004,S003,190,174.57142857142858
2025-09-28,P005,S001,143,132.71428571428572
2025-09-28,P005,S002,205,151.57142857142858
2025-09-28,P005,S003,115,121.71428571428572
2025-09-29,P001,S001,117,131.42857142857142
2025-09-29,P001,S002,132,135.0
2025-09-29,P001,S003,117,112.14285714285714
2025-09-29,P002,S001,156,157.85714285714286
2025-09-29,P002,S002,233,187.0
2025-09-29,P002,S003,166,139.85714285714286
2025-09-29,P003,S001,101,121.28571428571428
2025-09-29,P003,S002,109,114.28571428571428
2025-09-29,P003,S003,93,99.14285714285714
2025-09-29,P004,S001,172,188.42857142857144
2025-09-29,P004,S002,172,228.0
2025-09-29,P004,S003,177,177.14285714285714
2025-09-29,P005,S001,121,134.14285714285714
2025-09-29,P005,S002,130,158.85714285714286
2025-09-29,P005,S003,102,115.85714285714286
2025-09-30,P001,S001,117,127.85714285714286
2025-09-30,P001,S002,137,134.71428571428572
2025-09-30,P001,S003,100,114.42857142857144
2025-09-30,P002,S001,173,160.71428571428572
2025-09-30,P002,S002,215,198.28571428571428
2025-09-30,P002,S003,128,144.71428571428572
2025-09-30,P003,S001,91,116.28571428571428
2025-09-30,P003,S002,101,114.57142857142856
2025-09-30,P003,S003,76,98.71428571428572
2025-09-30,P004,S001,176,187.57142857142856
2025-09-30,P004,S002,196,216.8571428571429
2025-09-30,P004,S003,159,172.85714285714286
2025-09-30,P005,S001,116,131.0
2025-09-30,P005,S002,180,153.85714285714286
2025-09-30,P005,S003,114,110.42857142857144
2025-10-01,P001,S001,120,127.14285714285714
2025-10-01,P001,S002,134,134.28571428571428
2025-10-01,P001,S003,95,112.57142857142856
2025-10-01,P002,S001,157,164.28571428571428
2025-10-01,P002,S002,226,197.42857142857144
2025-10-01,P002,S003,138,140.28571428571428
2025-10-01,P003,S001,97,111.71428571428572
2025-10-01,P003,S002,109,112.42857142857144
2025-10-01,P003,S003,117,96.14285714285714
2025-10-01,P004,S001,171,189.28571428571428
2025-10-01,P004,S002,208,215.1428571428572
2025-10-01,P004,S003,176,167.0
2025-10-01,P005,S001,142,131.71428571428572
2025-10-01,P005,S002,148,159.85714285714286
2025-10-01,P005,S003,117,111.42857142857144
2025-10-02,P001,S001,150,127.85714285714286
2025-10-02,P001,S002,165,134.14285714285714
2025-10-02,P001,S003,138,111.28571428571428
2025-10-02,P002,S001,182,160.57142857142858
2025-10-02,P002,S002,217,200.8571428571429
2025-10-02,P002,S003,151,140.28571428571428
2025-10-02,P003,S001,125,106.57142857142856
2025-10-02,P003,S002,169,112.14285714285714
2025-10-02,P003,S003,108,100.0
2025-10-02,P004,S001,217,185.1428571428572
2025-10-02,P004,S002,295,208.42857142857144
2025-10-02,P004,S003,258,169.57142857142858
2025-10-02,P005,S001,160,132.0
2025-10-02,P005,S002,151,163.71428571428572
2025-10-02,P005,S003,130,111.85714285714286
2025-10-03,P001,S001,122,129.71428571428572
2025-10-03,P001,S002,180,140.28571428571428
2025-10-03,P001,S003,98,115.14285714285714
2025-10-03,P002,S001,172,165.57142857142858
2025-10-03,P002,S002,163,208.42857142857144
2025-10-03,P002,S003,128,141.85714285714286
2025-10-03,P003,S001,99,109.0
2025-10-03,P003,S002,101,120.85714285714286
2025-10-03,P003,S003,101,101.71428571428572
2025-10-03,P004,S001,227,191.0
2025-10-03,P004,S002,195,214.28571428571428
2025-10-03,P004,S003,158,182.8571428571429
2025-10-03,P005,S001,136,134.71428571428572
2025-10-03,P005,S002,156,159.42857142857142
2025-10-03,P005,S003,114,115.71428571428572
2025-10-04,P001,S001,138,126.42857142857144
2025-10-04,P001,S002,138,146.0
2025-10-04,P001,S003,121,113.42857142857144
2025-10-04,P002,S001,180,168.14285714285714
2025-10-04,P002,S002,171,207.7142857142857
2025-10-04,P002,S003,165,143.0
2025-10-04,P003,S001,99,108.0
2025-10-04,P003,S002,125,118.71428571428572
2025-10-04,P003,S003,115,103.57142857142856
2025-10-04,P004,S001,174,194.42857142857144
2025-10-04,P004,S002,223,215.57142857142856
2025-10-04,P004,S003,198,183.0
2025-10-04,P005,S001,131,135.14285714285714
2025-10-04,P005,S002,158,161.28571428571428
2025-10-04,P005,S003,133,115.85714285714286
2025-10-05,P001,S001,120,128.28571428571428
2025-10-05,P001,S002,186,146.71428571428572
2025-10-05,P001,S003,108,112.28571428571428
2025-10-05,P002,S001,141,173.0
2025-10-05,P002,S002,168,201.57142857142856
2025-10-05,P002,S003,169,147.42857142857142
2025-10-05,P003,S001,101,107.85714285714286
2025-10-05,P003,S002,140,118.71428571428572
2025-10-05,P003,S003,106,103.14285714285714
2025-10-05,P004,S001,212,189.42857142857144
2025-10-05,P004,S002,174,217.28571428571428
2025-10-05,P004,S003,261,188.0
2025-10-05,P005,S001,139,135.57142857142858
2025-10-05,P005,S002,193,161.14285714285714
2025-10-05,P005,S003,142,117.85714285714286
2025-10-06,P001,S001,169,126.28571428571428
2025-10-06,P001,S002,127,153.14285714285714
2025-10-06,P001,S003,106,111.0
2025-10-06,P002,S001,182,165.85714285714286
2025-10-06,P002,S002,162,199.0
2025-10-06,P002,S003,148,149.28571428571428
2025-10-06,P003,S001,109,101.85714285714286
2025-10-06,P003,S002,138,122.0
2025-10-06,P003,S003,98,102.28571428571428
2025-10-06,P004,S001,185,192.7142857142857
2025-10-06,P004,S002,262,209.0
2025-10-06,P004,S003,172,198.1428571428572
2025-10-06,P005,S001,126,135.0
2025-10-06,P005,S002,173,159.42857142857142
2025-10-06,P005,S003,120,121.71428571428572
2025-10-07,P001,S001,120,133.71428571428572
2025-10-07,P001,S002,137,152.42857142857142
2025-10-07,P001,S003,112,109.42857142857144
2025-10-07,P002,S001,147,169.57142857142858
2025-10-07,P002,S002,164,188.8571428571429
2025-10-07,P002,S003,123,146.71428571428572
2025-10-07,P003,S001,80,103.0
2025-10-07,P003,S002,111,126.14285714285714
2025-10-07,P003,S003,90,103.0
2025-10-07,P004,S001,222,194.57142857142856
2025-10-07,P004,S002,202,221.8571428571429
2025-10-07,P004,S003,154,197.42857142857144
2025-10-07,P005,S001,138,135.71428571428572
2025-10-07,P005,S002,182,165.57142857142858
2025-10-07,P005,S003,142,124.28571428571428
2025-10-08,P001,S001,122,134.14285714285714
2025-10-08,P001,S002,158,152.42857142857142
2025-10-08,P001,S003,114,111.14285714285714
2025-10-08,P002,S001,182,165.85714285714286
2025-10-08,P002,S002,180,181.57142857142856
2025-10-08,P002,S003,169,146.0
2025-10-08,P003,S001,106,101.42857142857144
2025-10-08,P003,S002,152,127.57142857142856
2025-10-08,P003,S003,80,105.0
2025-10-08,P004,S001,187,201.1428571428572
2025-10-08,P004,S002,204,222.7142857142857
2025-10-08,P004,S003,151,196.7142857142857
2025-10-08,P005,S001,156,138.85714285714286
2025-10-08,P005,S002,131,165.85714285714286
2025-10-08,P005,S003,153,128.28571428571428
2025-10-09,P001,S001,122,134.42857142857142
2025-10-09,P001,S002,138,155.85714285714286
2025-10-09,P001,S003,97,113.85714285714286
2025-10-09,P002,S001,138,169.42857142857142
2025-10-09,P002,S002,192,175.0
2025-10-09,P002,S003,153,150.42857142857142
2025-10-09,P003,S001,110,102.71428571428572
2025-10-09,P003,S002,122,133.71428571428572
2025-10-09,P003,S003,81,99.71428571428572
2025-10-09,P004,S001,167,203.42857142857144
2025-10-09,P004,S002,265,222.1428571428572
2025-10-09,P004,S003,164,193.1428571428572
2025-10-09,P005,S001,161,140.85714285714286
2025-10-09,P005,S002,194,163.42857142857142
2025-10-09,P005,S003,110,133.42857142857142
2025-10-10,P001,S001,114,130.42857142857142
2025-10-10,P001,S002,168,152.0
2025-10-10,P001,S003,123,108.0
2025-10-10,P002,S001,147,163.14285714285714
2025-10-10,P002,S002,161,171.42857142857142
2025-10-10,P002,S003,132,150.71428571428572
2025-10-10,P003,S001,98,100.57142857142856
2025-10-10,P003,S002,118,127.0
2025-10-10,P003,S003,124,95.85714285714286
2025-10-10,P004,S001,214,196.28571428571428
2025-10-10,P004,S002,258,217.8571428571429
2025-10-10,P004,S003,183,179.71428571428572
2025-10-10,P005,S001,127,141.0
2025-10-10,P005,S002,150,169.57142857142858
2025-10-10,P005,S003,100,130.57142857142858
2025-10-11,P001,S001,180,129.28571428571428
2025-10-11,P001,S002,163,150.28571428571428
2025-10-11,P001,S003,130,111.57142857142856
2025-10-11,P002,S001,163,159.57142857142858
2025-10-11,P002,S002,210,171.14285714285714
2025-10-11,P002,S003,175,151.28571428571428
2025-10-11,P003,S001,127,100.42857142857144
2025-10-11,P003,S002,149,129.42857142857142
2025-10-11,P003,S003,97,99.14285714285714
2025-10-11,P004,S001,185,194.42857142857144
2025-10-11,P004,S002,233,226.8571428571429
2025-10-11,P004,S003,224,183.28571428571428
2025-10-11,P005,S001,137,139.71428571428572
2025-10-11,P005,S002,167,168.71428571428572
2025-10-11,P005,S003,156,128.57142857142858
2025-10-12,P001,S001,173,135.28571428571428
2025-10-12,P001,S002,192,153.85714285714286
2025-10-12,P001,S003,113,112.85714285714286
2025-10-12,P002,S001,186,157.14285714285714
2025-10-12,P002,S002,199,176.71428571428572
2025-10-12,P002,S003,143,152.71428571428572
2025-10-12,P003,S001,140,104.42857142857144
2025-10-12,P003,S002,175,132.85714285714286
2025-10-12,P003,S003,107,96.57142857142856
2025-10-12,P004,S001,188,196.0
2025-10-12,P004,S002,220,228.28571428571428
2025-10-12,P004,S003,188,187.0
2025-10-12,P005,S001,193,140.57142857142858
2025-10-12,P005,S002,166,170.0
2025-10-12,P005,S003,122,131.85714285714286
2025-10-13,P001,S001,105,142.85714285714286
2025-10-13,P001,S002,157,154.71428571428572
2025-10-13,P001,S003,106,113.57142857142856
2025-10-13,P002,S001,150,163.57142857142858
2025-10-13,P002,S002,179,181.1428571428572
2025-10-13,P002,S003,130,149.0
2025-10-13,P003,S001,95,110.0
2025-10-13,P003,S002,104,137.85714285714286
2025-10-13,P003,S003,82,96.71428571428572
2025-10-13,P004,S001,197,192.57142857142856
2025-10-13,P004,S002,244,234.8571428571429
2025-10-13,P004,S003,160,176.57142857142858
2025-10-13,P005,S001,176,148.28571428571428
2025-10-13,P005,S002,172,166.14285714285714
2025-10-13,P005,S003,106,129.0
2025-10-14,P001,S001,130,133.71428571428572
2025-10-14,P001,S002,144,159.0
2025-10-14,P001,S003,102,113.57142857142856
2025-10-14,P002,S001,177,159.0
2025-10-14,P002,S002,150,183.57142857142856
2025-10-14,P002,S003,154,146.42857142857142
2025-10-14,P003,S001,121,108.0
2025-10-14,P003,S002,128,133.0
2025-10-14,P003,S003,88,94.42857142857144
2025-10-14,P004,S001,208,194.28571428571428
2025-10-14,P004,S002,206,232.28571428571428
2025-10-14,P004,S003,195,174.85714285714286
2025-10-14,P005,S001,137,155.42857142857142
2025-10-14,P005,S002,149,166.0
2025-10-14,P005,S003,117,127.0
2025-10-15,P001,S001,98,135.14285714285714
2025-10-15,P001,S002,165,160.0
2025-10-15,P001,S003,129,112.14285714285714
2025-10-15,P002,S001,166,163.28571428571428
2025-10-15,P002,S002,182,181.57142857142856
2025-10-15,P002,S003,133,150.85714285714286
2025-10-15,P003,S001,96,113.85714285714286
2025-10-15,P003,S002,141,135.42857142857142
2025-10-15,P003,S003,99,94.14285714285714
2025-10-15,P004,S001,228,192.28571428571428
2025-10-15,P004,S002,198,232.8571428571429
2025-10-15,P004,S003,173,180.7142857142857
2025-10-15,P005,S001,115,155.28571428571428
2025-10-15,P005,S002,162,161.28571428571428
2025-10-15,P005,S003,113,123.42857142857144
2025-10-16,P001,S001,107,131.71428571428572
2025-10-16,P001,S002,128,161.0
2025-10-16,P001,S003,137,114.28571428571428
2025-10-16,P002,S001,147,161.0
2025-10-16,P002,S002,183,181.8571428571429
2025-10-16,P002,S003,124,145.71428571428572
2025-10-16,P003,S001,101,112.42857142857144
2025-10-16,P003,S002,138,133.85714285714286
2025-10-16,P003,S003,86,96.85714285714286
2025-10-16,P004,S001,182,198.1428571428572
2025-10-16,P004,S002,200,232.0
2025-10-16,P004,S003,174,183.8571428571429
2025-10-16,P005,S001,130,149.42857142857142
2025-10-16,P005,S002,137,165.71428571428572
2025-10-16,P005,S003,131,117.71428571428572
2025-10-17,P001,S001,155,129.57142857142858
2025-10-17,P001,S002,139,159.57142857142858
2025-10-17,P001,S003,96,120.0
2025-10-17,P002,S001,168,162.28571428571428
2025-10-17,P002,S002,189,180.57142857142856
2025-10-17,P002,S003,131,141.57142857142858
2025-10-17,P003,S001,112,111.14285714285714
2025-10-17,P003,S002,109,136.14285714285714
2025-10-17,P003,S003,85,97.57142857142856
2025-10-17,P004,S001,209,200.28571428571428
2025-10-17,P004,S002,266,222.7142857142857
2025-10-17,P004,S003,199,185.28571428571428
2025-10-17,P005,S001,141,145.0
2025-10-17,P005,S002,151,157.57142857142858
2025-10-17,P005,S003,109,120.71428571428572
2025-10-18,P001,S001,133,135.42857142857142
2025-10-18,P001,S002,157,155.42857142857142
2025-10-18,P001,S003,124,116.14285714285714
2025-10-18,P002,S001,160,165.28571428571428
2025-10-18,P002,S002,205,184.57142857142856
2025-10-18,P002,S003,143,141.42857142857142
2025-10-18,P003,S001,117,113.14285714285714
2025-10-18,P003,S002,104,134.85714285714286
2025-10-18,P003,S003,111,92.0
2025-10-18,P004,S001,221,199.57142857142856
2025-10-18,P004,S002,207,223.8571428571429
2025-10-18,P004,S003,189,187.57142857142856
2025-10-18,P005,S001,172,147.0
2025-10-18,P005,S002,175,157.71428571428572
2025-10-18,P005,S003,108,122.0
2025-10-19,P001,S001,125,128.71428571428572
2025-10-19,P001,S002,144,154.57142857142858
2025-10-19,P001,S003,114,115.28571428571428
2025-10-19,P002,S001,164,164.85714285714286
2025-10-19,P002,S002,197,183.8571428571429
2025-10-19,P002,S003,174,136.85714285714286
2025-10-19,P003,S001,139,111.71428571428572
2025-10-19,P003,S002,171,128.42857142857142
2025-10-19,P003,S003,109,94.0
2025-10-19,P004,S001,204,204.7142857142857
2025-10-19,P004,S002,240,220.1428571428572
2025-10-19,P004,S003,175,182.57142857142856
2025-10-19,P005,S001,143,152.0
2025-10-19,P005,S002,162,158.85714285714286
2025-10-19,P005,S003,132,115.14285714285714
2025-10-20,P001,S001,120,121.85714285714286
2025-10-20,P001,S002,145,147.71428571428572
2025-10-20,P001,S003,104,115.42857142857144
2025-10-20,P002,S001,154,161.71428571428572
2025-10-20,P002,S002,162,183.57142857142856
2025-10-20,P002,S003,147,141.28571428571428
2025-10-20,P003,S001,113,111.57142857142856
2025-10-20,P003,S002,132,127.85714285714286
2025-10-20,P003,S003,134,94.28571428571428
2025-10-20,P004,S001,209,207.0
2025-10-20,P004,S002,213,223.0
2025-10-20,P004,S003,155,180.7142857142857
2025-10-20,P005,S001,138,144.85714285714286
2025-10-20,P005,S002,164,158.28571428571428
2025-10-20,P005,S003,151,116.57142857142856
2025-10-21,P001,S001,130,124.0
2025-10-21,P001,S002,149,146.0
2025-10-21,P001,S003,126,115.14285714285714
2025-10-21,P002,S001,159,162.28571428571428
2025-10-21,P002,S002,188,181.1428571428572
2025-10-21,P002,S003,133,143.71428571428572
2025-10-21,P003,S001,97,114.14285714285714
2025-10-21,P003,S002,103,131.85714285714286
2025-10-21,P003,S003,85,101.71428571428572
2025-10-21,P004,S001,184,208.7142857142857
2025-10-21,P004,S002,223,218.57142857142856
2025-10-21,P004,S003,174,180.0
2025-10-21,P005,S001,120,139.42857142857142
2025-10-21,P005,S002,168,157.14285714285714
2025-10-21,P005,S003,136,123.0
2025-10-22,P001,S001,140,124.0
2025-10-22,P001,S002,177,146.71428571428572
2025-10-22,P001,S003,138,118.57142857142856
2025-10-22,P002,S001,150,159.71428571428572
2025-10-22,P002,S002,154,186.57142857142856
2025-10-22,P002,S003,140,140.71428571428572
2025-10-22,P003,S001,103,110.71428571428572
2025-10-22,P003,S002,122,128.28571428571428
2025-10-22,P003,S003,84,101.28571428571428
2025-10-22,P004,S001,169,205.28571428571428
2025-10-22,P004,S002,199,221.0
2025-10-22,P004,S003,145,177.0
2025-10-22,P005,S001,154,137.0
2025-10-22,P005,S002,135,159.85714285714286
2025-10-22,P005,S003,110,125.71428571428572
2025-10-23,P001,S001,125,130.0
2025-10-23,P001,S002,167,148.42857142857142
2025-10-23,P001,S003,109,119.85714285714286
2025-10-23,P002,S001,145,157.42857142857142
2025-10-23,P002,S002,189,182.57142857142856
2025-10-23,P002,S003,158,141.71428571428572
2025-10-23,P003,S001,119,111.71428571428572
2025-10-23,P003,S002,106,125.57142857142856
2025-10-23,P003,S003,98,99.14285714285714
2025-10-23,P004,S001,213,196.8571428571429
2025-10-23,P004,S002,211,221.1428571428572
2025-10-23,P004,S003,148,173.0
2025-10-23,P005,S001,122,142.57142857142858
2025-10-23,P005,S002,154,156.0
2025-10-23,P005,S003,120,125.28571428571428
2025-10-24,P001,S001,143,132.57142857142858
2025-10-24,P001,S002,168,154.0
2025-10-24,P001,S003,102,115.85714285714286
2025-10-24,P002,S001,163,157.14285714285714
2025-10-24,P002,S002,173,183.42857142857144
2025-10-24,P002,S003,156,146.57142857142858
2025-10-24,P003,S001,138,114.28571428571428
2025-10-24,P003,S002,115,121.0
2025-10-24,P003,S003,78,100.85714285714286
2025-10-24,P004,S001,189,201.28571428571428
2025-10-24,P004,S002,247,222.7142857142857
2025-10-24,P004,S003,159,169.28571428571428
2025-10-24,P005,S001,128,141.42857142857142
2025-10-24,P005,S002,153,158.42857142857142
2025-10-24,P005,S003,112,123.71428571428572
2025-10-25,P001,S001,140,130.85714285714286
2025-10-25,P001,S002,161,158.14285714285714
2025-10-25,P001,S003,122,116.71428571428572
2025-10-25,P002,S001,174,156.42857142857142
2025-10-25,P002,S002,217,181.1428571428572
2025-10-25,P002,S003,135,150.14285714285714
2025-10-25,P003,S001,117,118.0
2025-10-25,P003,S002,142,121.85714285714286
2025-10-25,P003,S003,94,99.85714285714286
2025-10-25,P004,S001,171,198.42857142857144
2025-10-25,P004,S002,240,220.0
2025-10-25,P004,S003,199,163.57142857142858
2025-10-25,P005,S001,147,139.57142857142858
2025-10-25,P005,S002,167,158.71428571428572
2025-10-25,P005,S003,173,124.14285714285714
2025-10-26,P001,S001,151,131.85714285714286
2025-10-26,P001,S002,174,158.71428571428572
2025-10-26,P001,S003,141,116.42857142857144
2025-10-26,P002,S001,157,158.42857142857142
2025-10-26,P002,S002,184,182.8571428571429
2025-10-26,P002,S003,175,149.0
2025-10-26,P003,S001,102,118.0
2025-10-26,P003,S002,154,127.28571428571428
2025-10-26,P003,S003,99,97.42857142857144
2025-10-26,P004,S001,234,191.28571428571428
2025-10-26,P004,S002,221,224.7142857142857
2025-10-26,P004,S003,167,165.0
2025-10-26,P005,S001,150,136.0
2025-10-26,P005,S002,164,157.57142857142858
2025-10-26,P005,S003,113,133.42857142857142
2025-10-27,P001,S001,141,135.57142857142858
2025-10-27,P001,S002,145,163.0
2025-10-27,P001,S003,114,120.28571428571428
2025-10-27,P002,S001,161,157.42857142857142
2025-10-27,P002,S002,180,181.0
2025-10-27,P002,S003,181,149.14285714285714
2025-10-27,P003,S001,101,112.71428571428572
2025-10-27,P003,S002,116,124.85714285714286
2025-10-27,P003,S003,82,96.0
2025-10-27,P004,S001,203,195.57142857142856
2025-10-27,P004,S002,234,222.0
2025-10-27,P004,S003,179,163.85714285714286
2025-10-27,P005,S001,136,137.0
2025-10-27,P005,S002,160,157.85714285714286
2025-10-27,P005,S003,122,130.71428571428572
2025-10-28,P001,S001,127,138.57142857142858
2025-10-28,P001,S002,152,163.0
2025-10-28,P001,S003,111,121.71428571428572
2025-10-28,P002,S001,215,158.42857142857142
2025-10-28,P002,S002,210,183.57142857142856
2025-10-28,P002,S003,158,154.0
2025-10-28,P003,S001,111,111.0
2025-10-28,P003,S002,109,122.57142857142856
2025-10-28,P003,S003,85,88.57142857142857
2025-10-28,P004,S001,194,194.7142857142857
2025-10-28,P004,S002,212,225.0
2025-10-28,P004,S003,167,167.28571428571428
2025-10-28,P005,S001,141,136.71428571428572
2025-10-28,P005,S002,158,157.28571428571428
2025-10-28,P005,S003,125,126.57142857142856
2025-10-29,P001,S001,115,138.14285714285714
2025-10-29,P001,S002,179,163.42857142857142
2025-10-29,P001,S003,101,119.57142857142856
2025-10-29,P002,S001,142,166.42857142857142
2025-10-29,P002,S002,178,186.7142857142857
2025-10-29,P002,S003,124,157.57142857142858
2025-10-29,P003,S001,109,113.0
2025-10-29,P003,S002,144,123.42857142857144
2025-10-29,P003,S003,85,88.57142857142857
2025-10-29,P004,S001,183,196.1428571428572
2025-10-29,P004,S002,235,223.42857142857144
2025-10-29,P004,S003,162,166.28571428571428
2025-10-29,P005,S001,124,139.71428571428572
2025-10-29,P005,S002,168,155.85714285714286
2025-10-29,P005,S003,132,125.0
2025-10-30,P001,S001,121,134.57142857142858
2025-10-30,P001,S002,173,163.71428571428572
2025-10-30,P001,S003,130,114.28571428571428
2025-10-30,P002,S001,159,165.28571428571428
2025-10-30,P002,S002,171,190.1428571428572
2025-10-30,P002,S003,140,155.28571428571428
2025-10-30,P003,S001,113,113.85714285714286
2025-10-30,P003,S002,112,126.57142857142856
2025-10-30,P003,S003,91,88.71428571428571
2025-10-30,P004,S001,224,198.1428571428572
2025-10-30,P004,S002,226,228.57142857142856
2025-10-30,P004,S003,175,168.71428571428572
2025-10-30,P005,S001,143,135.42857142857142
2025-10-30,P005,S002,151,160.57142857142858
2025-10-30,P005,S003,129,128.14285714285714
2025-10-31,P001,S001,159,134.0
2025-10-31,P001,S002,155,164.57142857142858
2025-10-31,P001,S003,115,117.28571428571428
2025-10-31,P002,S001,171,167.28571428571428
2025-10-31,P002,S002,182,187.57142857142856
2025-10-31,P002,S003,150,152.71428571428572
2025-10-31,P003,S001,94,113.0
2025-10-31,P003,S002,109,127.42857142857144
2025-10-31,P003,S003,91,87.71428571428571
2025-10-31,P004,S001,204,199.7142857142857
2025-10-31,P004,S002,272,230.7142857142857
2025-10-31,P004,S003,200,172.57142857142858
2025-10-31,P005,S001,144,138.42857142857142
2025-10-31,P005,S002,158,160.14285714285714
2025-10-31,P005,S003,114,129.42857142857142
2025-11-01,P001,S001,142,136.28571428571428
2025-11-01,P001,S002,174,162.71428571428572
2025-11-01,P001,S003,153,119.14285714285714
2025-11-01,P002,S001,163,168.42857142857142
2025-11-01,P002,S002,237,188.8571428571429
2025-11-01,P002,S003,152,151.85714285714286
2025-11-01,P003,S001,119,106.71428571428572
2025-11-01,P003,S002,135,126.57142857142856
2025-11-01,P003,S003,105,89.57142857142857
2025-11-01,P004,S001,282,201.8571428571429
2025-11-01,P004,S002,229,234.28571428571428
2025-11-01,P004,S003,211,178.42857142857142
2025-11-01,P005,S001,160,140.71428571428572
2025-11-01,P005,S002,180,160.85714285714286
2025-11-01,P005,S003,173,129.71428571428572
2025-11-02,P001,S001,137,136.57142857142858
2025-11-02,P001,S002,168,164.57142857142858
2025-11-02,P001,S003,113,123.57142857142856
2025-11-02,P002,S001,179,166.85714285714286
2025-11-02,P002,S002,201,191.7142857142857
2025-11-02,P002,S003,185,154.28571428571428
2025-11-02,P003,S001,114,107.0
2025-11-02,P003,S002,135,125.57142857142856
2025-11-02,P003,S003,111,91.14285714285714
2025-11-02,P004,S001,234,217.7142857142857
2025-11-02,P004,S002,289,232.7142857142857
2025-11-02,P004,S003,209,180.14285714285714
2025-11-02,P005,S001,183,142.57142857142858
2025-11-02,P005,S002,193,162.71428571428572
2025-11-02,P005,S003,137,129.71428571428572
2025-11-03,P001,S001,141,134.57142857142858
2025-11-03,P001,S002,151,163.71428571428572
2025-11-03,P001,S003,123,119.57142857142856
2025-11-03,P002,S001,144,170.0
2025-11-03,P002,S002,212,194.1428571428572
2025-11-03,P002,S003,146,155.71428571428572
2025-11-03,P003,S001,107,108.71428571428572
2025-11-03,P003,S002,143,122.85714285714286
2025-11-03,P003,S003,100,92.85714285714286
2025-11-03,P004,S001,275,217.7142857142857
2025-11-03,P004,S002,265,242.42857142857144
2025-11-03,P004,S003,197,186.1428571428572
2025-11-03,P005,S001,159,147.28571428571428
2025-11-03,P005,S002,155,166.85714285714286
2025-11-03,P005,S003,128,133.14285714285714
2025-11-04,P001,S001,125,134.57142857142858
2025-11-04,P001,S002,142,164.57142857142858
2025-11-04,P001,S003,108,120.85714285714286
2025-11-04,P002,S001,153,167.57142857142858
2025-11-04,P002,S002,162,198.7142857142857
2025-11-04,P002,S003,182,150.71428571428572
2025-11-04,P003,S001,124,109.57142857142856
2025-11-04,P003,S002,133,126.71428571428572
2025-11-04,P003,S003,130,95.42857142857144
2025-11-04,P004,S001,211,228.0
2025-11-04,P004,S002,246,246.8571428571429
2025-11-04,P004,S003,194,188.7142857142857
2025-11-04,P005,S001,149,150.57142857142858
2025-11-04,P005,S002,157,166.14285714285714
2025-11-04,P005,S003,133,134.0
2025-11-05,P001,S001,156,134.28571428571428
2025-11-05,P001,S002,183,163.14285714285714
2025-11-05,P001,S003,124,120.42857142857144
2025-11-05,P002,S001,161,158.71428571428572
2025-11-05,P002,S002,191,191.8571428571429
2025-11-05,P002,S003,133,154.14285714285714
2025-11-05,P003,S001,113,111.42857142857144
2025-11-05,P003,S002,108,130.14285714285714
2025-11-05,P003,S003,103,101.85714285714286
2025-11-05,P004,S001,165,230.42857142857144
2025-11-05,P004,S002,238,251.7142857142857
2025-11-05,P004,S003,179,192.57142857142856
2025-11-05,P005,S001,167,151.71428571428572
2025-11-05,P005,S002,243,166.0
2025-11-05,P005,S003,132,135.14285714285714
2025-11-06,P001,S001,144,140.14285714285714
2025-11-06,P001,S002,142,163.71428571428572
2025-11-06,P001,S003,120,123.71428571428572
2025-11-06,P002,S001,154,161.42857142857142
2025-11-06,P002,S002,187,193.7142857142857
2025-11-06,P002,S003,151,155.42857142857142
2025-11-06,P003,S001,112,112.0
2025-11-06,P003,S002,129,125.0
2025-11-06,P003,S003,93,104.42857142857144
2025-11-06,P004,S001,196,227.8571428571429
2025-11-06,P004,S002,219,252.1428571428572
2025-11-06,P004,S003,183,195.0
2025-11-06,P005,S001,126,157.85714285714286
2025-11-06,P005,S002,167,176.71428571428572
2025-11-06,P005,S003,142,135.14285714285714
2025-11-07,P001,S001,124,143.42857142857142
2025-11-07,P001,S002,191,159.28571428571428
2025-11-07,P001,S003,132,122.28571428571428
2025-11-07,P002,S001,163,160.71428571428572
2025-11-07,P002,S002,245,196.0
2025-11-07,P002,S003,139,157.0
2025-11-07,P003,S001,118,111.85714285714286
2025-11-07,P003,S002,149,127.42857142857144
2025-11-07,P003,S003,89,104.71428571428572
2025-11-07,P004,S001,208,223.8571428571429
2025-11-07,P004,S002,260,251.1428571428572
2025-11-07,P004,S003,228,196.1428571428572
2025-11-07,P005,S001,133,155.42857142857142
2025-11-07,P005,S002,177,179.0
2025-11-07,P005,S003,113,137.0
2025-11-08,P001,S001,135,138.42857142857142
2025-11-08,P001,S002,153,164.42857142857142
2025-11-08,P001,S003,122,124.71428571428572
2025-11-08,P002,S001,197,159.57142857142858
2025-11-08,P002,S002,258,205.0
2025-11-08,P002,S003,158,155.42857142857142
2025-11-08,P003,S001,127,115.28571428571428
2025-11-08,P003,S002,111,133.14285714285714
2025-11-08,P003,S003,106,104.42857142857144
2025-11-08,P004,S001,236,224.42857142857144
2025-11-08,P004,S002,231,249.42857142857144
2025-11-08,P004,S003,202,200.1428571428572
2025-11-08,P005,S001,181,153.85714285714286
2025-11-08,P005,S002,220,181.7142857142857
2025-11-08,P005,S003,140,136.85714285714286
2025-11-09,P001,S001,145,137.42857142857142
2025-11-09,P001,S002,148,161.42857142857142
2025-11-09,P001,S003,128,120.28571428571428
2025-11-09,P002,S001,210,164.42857142857142
2025-11-09,P002,S002,172,208.0
2025-11-09,P002,S003,151,156.28571428571428
2025-11-09,P003,S001,132,116.42857142857144
2025-11-09,P003,S002,171,129.71428571428572
2025-11-09,P003,S003,112,104.57142857142856
2025-11-09,P004,S001,198,217.8571428571429
2025-11-09,P004,S002,239,249.7142857142857
2025-11-09,P004,S003,167,198.8571428571429
2025-11-09,P005,S001,143,156.85714285714286
2025-11-09,P005,S002,177,187.42857142857144
2025-11-09,P005,S003,190,132.14285714285714
2025-11-10,P001,S001,140,138.57142857142858
2025-11-10,P001,S002,194,158.57142857142858
2025-11-10,P001,S003,107,122.42857142857144
2025-11-10,P002,S001,154,168.85714285714286
2025-11-10,P002,S002,177,203.8571428571429
2025-11-10,P002,S003,154,151.42857142857142
2025-11-10,P003,S001,104,119.0
2025-11-10,P003,S002,130,134.85714285714286
2025-11-10,P003,S003,116,104.71428571428572
2025-11-10,P004,S001,206,212.7142857142857
2025-11-10,P004,S002,245,242.57142857142856
2025-11-10,P004,S003,200,192.8571428571429
2025-11-10,P005,S001,145,151.14285714285714
2025-11-10,P005,S002,142,185.1428571428572
2025-11-10,P005,S003,121,139.71428571428572
2025-11-11,P001,S001,132,138.42857142857142
2025-11-11,P001,S002,170,164.71428571428572
2025-11-11,P001,S003,138,120.14285714285714
2025-11-11,P002,S001,180,170.28571428571428
2025-11-11,P002,S002,201,198.8571428571429
2025-11-11,P002,S003,137,152.57142857142858
2025-11-11,P003,S001,108,118.57142857142856
2025-11-11,P003,S002,111,133.0
2025-11-11,P003,S003,119,107.0
2025-11-11,P004,S001,189,202.8571428571429
2025-11-11,P004,S002,236,239.7142857142857
2025-11-11,P004,S003,184,193.28571428571428
2025-11-11,P005,S001,135,149.14285714285714
2025-11-11,P005,S002,150,183.28571428571428
2025-11-11,P005,S003,126,138.71428571428572
2025-11-12,P001,S001,141,139.42857142857142
2025-11-12,P001,S002,142,168.71428571428572
2025-11-12,P001,S003,129,124.42857142857144
2025-11-12,P002,S001,166,174.14285714285714
2025-11-12,P002,S002,170,204.42857142857144
2025-11-12,P002,S003,129,146.14285714285714
2025-11-12,P003,S001,111,116.28571428571428
2025-11-12,P003,S002,118,129.85714285714286
2025-11-12,P003,S003,108,105.42857142857144
2025-11-12,P004,S001,203,199.7142857142857
2025-11-12,P004,S002,224,238.28571428571428
2025-11-12,P004,S003,164,191.8571428571429
2025-11-12,P005,S001,160,147.14285714285714
2025-11-12,P005,S002,146,182.28571428571428
2025-11-12,P005,S003,126,137.71428571428572
2025-11-13,P001,S001,153,137.28571428571428
2025-11-13,P001,S002,180,162.85714285714286
2025-11-13,P001,S003,102,125.14285714285714
2025-11-13,P002,S001,140,174.85714285714286
2025-11-13,P002,S002,174,201.42857142857144
2025-11-13,P002,S003,166,145.57142857142858
2025-11-13,P003,S001,104,116.0
2025-11-13,P003,S002,140,131.28571428571428
2025-11-13,P003,S003,99,106.14285714285714
2025-11-13,P004,S001,172,205.1428571428572
2025-11-13,P004,S002,270,236.28571428571428
2025-11-13,P004,S003,160,189.7142857142857
2025-11-13,P005,S001,151,146.14285714285714
2025-11-13,P005,S002,156,168.42857142857142
2025-11-13,P005,S003,149,136.85714285714286
2025-11-14,P001,S001,133,138.57142857142858
2025-11-14,P001,S002,130,168.28571428571428
2025-11-14,P001,S003,151,122.57142857142856
2025-11-14,P002,S001,154,172.85714285714286
2025-11-14,P002,S002,187,199.57142857142856
2025-11-14,P002,S003,158,147.71428571428572
2025-11-14,P003,S001,127,114.85714285714286
2025-11-14,P003,S002,148,132.85714285714286
2025-11-14,P003,S003,85,107.0
2025-11-14,P004,S001,193,201.7142857142857
2025-11-14,P004,S002,256,243.57142857142856
2025-11-14,P004,S003,190,186.42857142857144
2025-11-14,P005,S001,155,149.71428571428572
2025-11-14,P005,S002,165,166.85714285714286
2025-11-14,P005,S003,112,137.85714285714286
2025-11-15,P001,S001,122,139.85714285714286
2025-11-15,P001,S002,153,159.57142857142858
2025-11-15,P001,S003,157,125.28571428571428
2025-11-15,P002,S001,229,171.57142857142858
2025-11-15,P002,S002,261,191.28571428571428
2025-11-15,P002,S003,170,150.42857142857142
2025-11-15,P003,S001,109,116.14285714285714
2025-11-15,P003,S002,168,132.71428571428572
2025-11-15,P003,S003,100,106.42857142857144
2025-11-15,P004,S001,272,199.57142857142856
2025-11-15,P004,S002,290,243.0
2025-11-15,P004,S003,166,181.0
2025-11-15,P005,S001,171,152.85714285714286
2025-11-15,P005,S002,191,165.14285714285714
2025-11-15,P005,S003,172,137.71428571428572
2025-11-16,P001,S001,149,138.0
2025-11-16,P001,S002,142,159.57142857142858
2025-11-16,P001,S003,137,130.28571428571428
2025-11-16,P002,S001,182,176.14285714285714
2025-11-16,P002,S002,180,191.7142857142857
2025-11-16,P002,S003,163,152.14285714285714
2025-11-16,P003,S001,119,113.57142857142856
2025-11-16,P003,S002,149,140.85714285714286
2025-11-16,P003,S003,101,105.57142857142856
2025-11-16,P004,S001,270,204.7142857142857
2025-11-16,P004,S002,242,251.42857142857144
2025-11-16,P004,S003,209,175.85714285714286
2025-11-16,P005,S001,143,151.42857142857142
2025-11-16,P005,S002,213,161.0
2025-11-16,P005,S003,125,142.28571428571428
2025-11-17,P001,S001,121,138.57142857142858
2025-11-17,P001,S002,163,158.71428571428572
2025-11-17,P001,S003,119,131.57142857142858
2025-11-17,P002,S001,202,172.14285714285714
2025-11-17,P002,S002,181,192.8571428571429
2025-11-17,P002,S003,123,153.85714285714286
2025-11-17,P003,S001,116,111.71428571428572
2025-11-17,P003,S002,123,137.71428571428572
2025-11-17,P003,S003,93,104.0
2025-11-17,P004,S001,175,215.0
2025-11-17,P004,S002,199,251.8571428571429
2025-11-17,P004,S003,217,181.8571428571429
2025-11-17,P005,S001,165,151.42857142857142
2025-11-17,P005,S002,168,166.14285714285714
2025-11-17,P005,S003,138,133.0
2025-11-18,P001,S001,131,135.85714285714286
2025-11-18,P001,S002,173,154.28571428571428
2025-11-18,P001,S003,128,133.28571428571428
2025-11-18,P002,S001,138,179.0
2025-11-18,P002,S002,183,193.42857142857144
2025-11-18,P002,S003,147,149.42857142857142
2025-11-18,P003,S001,106,113.42857142857144
2025-11-18,P003,S002,169,136.71428571428572
2025-11-18,P003,S003,97,100.71428571428572
2025-11-18,P004,S001,187,210.57142857142856
2025-11-18,P004,S002,266,245.28571428571428
2025-11-18,P004,S003,165,184.28571428571428
2025-11-18,P005,S001,124,154.28571428571428
2025-11-18,P005,S002,167,169.85714285714286
2025-11-18,P005,S003,125,135.42857142857142
2025-11-19,P001,S001,113,135.71428571428572
2025-11-19,P001,S002,182,154.71428571428572
2025-11-19,P001,S003,140,131.85714285714286
2025-11-19,P002,S001,167,173.0
2025-11-19,P002,S002,200,190.8571428571429
2025-11-19,P002,S003,133,150.85714285714286
2025-11-19,P003,S001,106,113.14285714285714
2025-11-19,P003,S002,122,145.0
2025-11-19,P003,S003,95,97.57142857142856
2025-11-19,P004,S001,193,210.28571428571428
2025-11-19,P004,S002,253,249.57142857142856
2025-11-19,P004,S003,188,181.57142857142856
2025-11-19,P005,S001,144,152.71428571428572
2025-11-19,P005,S002,162,172.28571428571428
2025-11-19,P005,S003,121,135.28571428571428
2025-11-20,P001,S001,134,131.71428571428572
2025-11-20,P001,S002,157,160.42857142857142
2025-11-20,P001,S003,148,133.42857142857142
2025-11-20,P002,S001,146,173.14285714285714
2025-11-20,P002,S002,191,195.1428571428572
2025-11-20,P002,S003,127,151.42857142857142
2025-11-20,P003,S001,111,112.42857142857144
2025-11-20,P003,S002,127,145.57142857142858
2025-11-20,P003,S003,99,95.71428571428572
2025-11-20,P004,S001,194,208.8571428571429
2025-11-20,P004,S002,219,253.7142857142857
2025-11-20,P004,S003,172,185.0
2025-11-20,P005,S001,139,150.42857142857142
2025-11-20,P005,S002,195,174.57142857142858
2025-11-20,P005,S003,120,134.57142857142858
2025-11-21,P001,S001,128,129.0
2025-11-21,P001,S002,179,157.14285714285714
2025-11-21,P001,S003,128,140.0
2025-11-21,P002,S001,176,174.0
2025-11-21,P002,S002,174,197.57142857142856
2025-11-21,P002,S003,144,145.85714285714286
2025-11-21,P003,S001,112,113.42857142857144
2025-11-21,P003,S002,124,143.71428571428572
2025-11-21,P003,S003,101,95.71428571428572
2025-11-21,P004,S001,179,212.0
2025-11-21,P004,S002,236,246.42857142857144
2025-11-21,P004,S003,223,186.7142857142857
2025-11-21,P005,S001,134,148.71428571428572
2025-11-21,P005,S002,189,180.14285714285714
2025-11-21,P005,S003,137,130.42857142857142
2025-11-22,P001,S001,127,128.28571428571428
2025-11-22,P001,S002,218,164.14285714285714
2025-11-22,P001,S003,164,136.71428571428572
2025-11-22,P002,S001,181,177.14285714285714
2025-11-22,P002,S002,184,195.7142857142857
2025-11-22,P002,S003,146,143.85714285714286
2025-11-22,P003,S001,147,111.28571428571428
2025-11-22,P003,S002,135,140.28571428571428
2025-11-22,P003,S003,108,98.0
2025-11-22,P004,S001,212,210.0
2025-11-22,P004,S002,247,243.57142857142856
2025-11-22,P004,S003,221,191.42857142857144
2025-11-22,P005,S001,132,145.71428571428572
2025-11-22,P005,S002,178,183.57142857142856
2025-11-22,P005,S003,117,134.0
2025-11-23,P001,S001,144,129.0
2025-11-23,P001,S002,169,173.42857142857142
2025-11-23,P001,S003,130,137.71428571428572
2025-11-23,P002,S001,176,170.28571428571428
2025-11-23,P002,S002,166,184.7142857142857
2025-11-23,P002,S003,176,140.42857142857142
2025-11-23,P003,S001,116,116.71428571428572
2025-11-23,P003,S002,149,135.57142857142858
2025-11-23,P003,S003,111,99.14285714285714
2025-11-23,P004,S001,210,201.42857142857144
2025-11-23,P004,S002,252,237.42857142857144
2025-11-23,P004,S003,195,199.28571428571428
2025-11-23,P005,S001,135,140.14285714285714
2025-11-23,P005,S002,156,181.7142857142857
2025-11-23,P005,S003,158,126.14285714285714
2025-11-24,P001,S001,128,128.28571428571428
2025-11-24,P001,S002,123,177.28571428571428
2025-11-24,P001,S003,128,136.71428571428572
2025-11-24,P002,S001,173,169.42857142857142
2025-11-24,P002,S002,165,182.7142857142857
2025-11-24,P002,S003,150,142.28571428571428
2025-11-24,P003,S001,107,116.28571428571428
2025-11-24,P003,S002,149,135.57142857142858
2025-11-24,P003,S003,96,100.57142857142856
2025-11-24,P004,S001,195,192.8571428571429
2025-11-24,P004,S002,206,238.8571428571429
2025-11-24,P004,S003,189,197.28571428571428
2025-11-24,P005,S001,192,139.0
2025-11-24,P005,S002,134,173.57142857142858
2025-11-24,P005,S003,141,130.85714285714286
2025-11-25,P001,S001,148,129.28571428571428
2025-11-25,P001,S002,151,171.57142857142858
2025-11-25,P001,S003,122,138.0
2025-11-25,P002,S001,172,165.28571428571428
2025-11-25,P002,S002,202,180.42857142857144
2025-11-25,P002,S003,143,146.14285714285714
2025-11-25,P003,S001,110,115.0
2025-11-25,P003,S002,142,139.28571428571428
2025-11-25,P003,S003,130,101.0
2025-11-25,P004,S001,197,195.7142857142857
2025-11-25,P004,S002,211,239.8571428571429
2025-11-25,P004,S003,200,193.28571428571428
2025-11-25,P005,S001,179,142.85714285714286
2025-11-25,P005,S002,170,168.71428571428572
2025-11-25,P005,S003,151,131.28571428571428
2025-11-26,P001,S001,123,131.71428571428572
2025-11-26,P001,S002,141,168.42857142857142
2025-11-26,P001,S003,115,137.14285714285714
2025-11-26,P002,S001,186,170.14285714285714
2025-11-26,P002,S002,197,183.1428571428572
2025-11-26,P002,S003,137,145.57142857142858
2025-11-26,P003,S001,109,115.57142857142856
2025-11-26,P003,S002,84,135.42857142857142
2025-11-26,P003,S003,76,105.71428571428572
2025-11-26,P004,S001,228,197.1428571428572
2025-11-26,P004,S002,247,232.0
2025-11-26,P004,S003,180,198.28571428571428
2025-11-26,P005,S001,167,150.71428571428572
2025-11-26,P005,S002,153,169.14285714285714
2025-11-26,P005,S003,126,135.0
2025-11-27,P001,S001,128,133.14285714285714
2025-11-27,P001,S002,131,162.57142857142858
2025-11-27,P001,S003,121,133.57142857142858
2025-11-27,P002,S001,219,172.85714285714286
2025-11-27,P002,S002,191,182.7142857142857
2025-11-27,P002,S003,156,146.14285714285714
2025-11-27,P003,S001,112,116.0
2025-11-27,P003,S002,154,130.0
2025-11-27,P003,S003,122,103.0
2025-11-27,P004,S001,221,202.1428571428572
2025-11-27,P004,S002,189,231.1428571428572
2025-11-27,P004,S003,197,197.1428571428572
2025-11-27,P005,S001,151,154.0
2025-11-27,P005,S002,155,167.85714285714286
2025-11-27,P005,S003,132,135.71428571428572
2025-11-28,P001,S001,127,132.28571428571428
2025-11-28,P001,S002,140,158.85714285714286
2025-11-28,P001,S003,113,129.71428571428572
2025-11-28,P002,S001,209,183.28571428571428
2025-11-28,P002,S002,222,182.7142857142857
2025-11-28,P002,S003,128,150.28571428571428
2025-11-28,P003,S001,132,116.14285714285714
2025-11-28,P003,S002,132,133.85714285714286
2025-11-28,P003,S003,99,106.28571428571428
2025-11-28,P004,S001,243,206.0
2025-11-28,P004,S002,224,226.8571428571429
2025-11-28,P004,S003,192,200.7142857142857
2025-11-28,P005,S001,140,155.71428571428572
2025-11-28,P005,S002,146,162.14285714285714
2025-11-28,P005,S003,134,137.42857142857142
2025-11-29,P001,S001,145,132.14285714285714
2025-11-29,P001,S002,171,153.28571428571428
2025-11-29,P001,S003,148,127.57142857142856
2025-11-29,P002,S001,185,188.0
2025-11-29,P002,S002,239,189.57142857142856
2025-11-29,P002,S003,169,148.0
2025-11-29,P003,S001,132,119.0
2025-11-29,P003,S002,127,135.0
2025-11-29,P003,S003,144,106.0
2025-11-29,P004,S001,243,215.1428571428572
2025-11-29,P004,S002,234,225.1428571428572
2025-11-29,P004,S003,215,196.28571428571428
2025-11-29,P005,S001,189,156.57142857142858
2025-11-29,P005,S002,194,156.0
2025-11-29,P005,S003,168,137.0
2025-11-30,P001,S001,139,134.71428571428572
2025-11-30,P001,S002,190,146.57142857142858
2025-11-30,P001,S003,125,125.28571428571428
2025-11-30,P002,S001,176,188.57142857142856
2025-11-30,P002,S002,229,197.42857142857144
2025-11-30,P002,S003,183,151.28571428571428
2025-11-30,P003,S001,114,116.85714285714286
2025-11-30,P003,S002,169,133.85714285714286
2025-11-30,P003,S003,105,111.14285714285714
2025-11-30,P004,S001,229,219.57142857142856
2025-11-30,P004,S002,263,223.28571428571428
2025-11-30,P004,S003,218,195.42857142857144
2025-11-30,P005,S001,150,164.71428571428572
2025-11-30,P005,S002,163,158.28571428571428
2025-11-30,P005,S003,142,144.28571428571428
2025-12-01,P001,S001,130,134.0
2025-12-01,P001,S002,146,149.57142857142858
2025-12-01,P001,S003,112,124.57142857142856
2025-12-01,P002,S001,192,188.57142857142856
2025-12-01,P002,S002,239,206.42857142857144
2025-12-01,P002,S003,162,152.28571428571428
2025-12-01,P003,S001,120,116.57142857142856
2025-12-01,P003,S002,133,136.71428571428572
2025-12-01,P003,S003,108,110.28571428571428
2025-12-01,P004,S001,209,222.28571428571428
2025-12-01,P004,S002,232,224.8571428571429
2025-12-01,P004,S003,167,198.7142857142857
2025-12-01,P005,S001,167,166.85714285714286
2025-12-01,P005,S002,160,159.28571428571428
2025-12-01,P005,S003,138,142.0
2025-12-02,P001,S001,129,134.28571428571428
2025-12-02,P001,S002,154,152.85714285714286
2025-12-02,P001,S003,133,122.28571428571428
2025-12-02,P002,S001,154,191.28571428571428
2025-12-02,P002,S002,155,217.0
2025-12-02,P002,S003,171,154.0
2025-12-02,P003,S001,120,118.42857142857144
2025-12-02,P003,S002,124,134.42857142857142
2025-12-02,P003,S003,97,112.0
2025-12-02,P004,S001,227,224.28571428571428
2025-12-02,P004,S002,223,228.57142857142856
2025-12-02,P004,S003,191,195.57142857142856
2025-12-02,P005,S001,153,163.28571428571428
2025-12-02,P005,S002,208,163.0
2025-12-02,P005,S003,139,141.57142857142858
2025-12-03,P001,S001,151,131.57142857142858
2025-12-03,P001,S002,146,153.28571428571428
2025-12-03,P001,S003,131,123.85714285714286
2025-12-03,P002,S001,214,188.7142857142857
2025-12-03,P002,S002,176,210.28571428571428
2025-12-03,P002,S003,157,158.0
2025-12-03,P003,S001,98,119.85714285714286
2025-12-03,P003,S002,182,131.85714285714286
2025-12-03,P003,S003,104,107.28571428571428
2025-12-03,P004,S001,210,228.57142857142856
2025-12-03,P004,S002,209,230.28571428571428
2025-12-03,P004,S003,174,194.28571428571428
2025-12-03,P005,S001,175,159.57142857142858
2025-12-03,P005,S002,195,168.42857142857142
2025-12-03,P005,S003,153,139.85714285714286
2025-12-04,P001,S001,133,135.57142857142858
2025-12-04,P001,S002,150,154.0
2025-12-04,P001,S003,116,126.14285714285714
2025-12-04,P002,S001,203,192.7142857142857
2025-12-04,P002,S002,206,207.28571428571428
2025-12-04,P002,S003,156,160.85714285714286
2025-12-04,P003,S001,106,118.28571428571428
2025-12-04,P003,S002,183,145.85714285714286
2025-12-04,P003,S003,109,111.28571428571428
2025-12-04,P004,S001,234,226.0
2025-12-04,P004,S002,239,224.8571428571429
2025-12-04,P004,S003,184,193.42857142857144
2025-12-04,P005,S001,188,160.71428571428572
2025-12-04,P005,S002,195,174.42857142857142
2025-12-04,P005,S003,160,143.71428571428572
2025-12-05,P001,S001,162,136.28571428571428
2025-12-05,P001,S002,173,156.71428571428572
2025-12-05,P001,S003,134,125.42857142857144
2025-12-05,P002,S001,177,190.42857142857144
2025-12-05,P002,S002,251,209.42857142857144
2025-12-05,P002,S003,154,160.85714285714286
2025-12-05,P003,S001,113,117.42857142857144
2025-12-05,P003,S002,141,150.0
2025-12-05,P003,S003,117,109.42857142857144
2025-12-05,P004,S001,223,227.8571428571429
2025-12-05,P004,S002,231,232.0
2025-12-05,P004,S003,174,191.57142857142856
2025-12-05,P005,S001,166,166.0
2025-12-05,P005,S002,215,180.14285714285714
2025-12-05,P005,S003,134,147.71428571428572
2025-12-06,P001,S001,171,141.28571428571428
2025-12-06,P001,S002,173,161.42857142857142
2025-12-06,P001,S003,136,128.42857142857142
2025-12-06,P002,S001,216,185.8571428571429
2025-12-06,P002,S002,232,213.57142857142856
2025-12-06,P002,S003,177,164.57142857142858
2025-12-06,P003,S001,123,114.71428571428572
2025-12-06,P003,S002,130,151.28571428571428
2025-12-06,P003,S003,118,112.0
2025-12-06,P004,S001,206,225.0
2025-12-06,P004,S002,254,233.0
2025-12-06,P004,S003,190,189.0
2025-12-06,P005,S001,147,169.71428571428572
2025-12-06,P005,S002,173,190.0
2025-12-06,P005,S003,188,147.71428571428572
2025-12-07,P001,S001,151,145.0
2025-12-07,P001,S002,155,161.71428571428572
2025-12-07,P001,S003,132,126.71428571428572
2025-12-07,P002,S001,201,190.28571428571428
2025-12-07,P002,S002,173,212.57142857142856
2025-12-07,P002,S003,174,165.71428571428572
2025-12-07,P003,S001,125,113.42857142857144
2025-12-07,P003,S002,143,151.71428571428572
2025-12-07,P003,S003,117,108.28571428571428
2025-12-07,P004,S001,243,219.7142857142857
2025-12-07,P004,S002,281,235.8571428571429
2025-12-07,P004,S003,221,185.42857142857144
2025-12-07,P005,S001,206,163.71428571428572
2025-12-07,P005,S002,214,187.0
2025-12-07,P005,S003,155,150.57142857142858
2025-12-08,P001,S001,127,146.71428571428572
2025-12-08,P001,S002,181,156.71428571428572
2025-12-08,P001,S003,137,127.71428571428572
2025-12-08,P002,S001,172,193.8571428571429
2025-12-08,P002,S002,194,204.57142857142856
2025-12-08,P002,S003,143,164.42857142857142
2025-12-08,P003,S001,113,115.0
2025-12-08,P003,S002,161,148.0
2025-12-08,P003,S003,123,110.0
2025-12-08,P004,S001,238,221.7142857142857
2025-12-08,P004,S002,203,238.42857142857144
2025-12-08,P004,S003,183,185.8571428571429
2025-12-08,P005,S001,159,171.71428571428572
2025-12-08,P005,S002,173,194.28571428571428
2025-12-08,P005,S003,160,152.42857142857142
2025-12-09,P001,S001,125,146.28571428571428
2025-12-09,P001,S002,174,161.71428571428572
2025-12-09,P001,S003,112,131.28571428571428
2025-12-09,P002,S001,215,191.0
2025-12-09,P002,S002,201,198.1428571428572
2025-12-09,P002,S003,173,161.71428571428572
2025-12-09,P003,S001,108,114.0
2025-12-09,P003,S002,162,152.0
2025-12-09,P003,S003,118,112.14285714285714
2025-12-09,P004,S001,214,225.8571428571429
2025-12-09,P004,S002,231,234.28571428571428
2025-12-09,P004,S003,193,188.1428571428572
2025-12-09,P005,S001,182,170.57142857142858
2025-12-09,P005,S002,161,196.1428571428572
2025-12-09,P005,S003,151,155.57142857142858
2025-12-10,P001,S001,137,145.71428571428572
2025-12-10,P001,S002,179,164.57142857142858
2025-12-10,P001,S003,130,128.28571428571428
2025-12-10,P002,S001,167,199.7142857142857
2025-12-10,P002,S002,215,204.7142857142857
2025-12-10,P002,S003,161,162.0
2025-12-10,P003,S001,123,112.28571428571428
2025-12-10,P003,S002,130,157.42857142857142
2025-12-10,P003,S003,131,115.14285714285714
2025-12-10,P004,S001,262,224.0
2025-12-10,P004,S002,240,235.42857142857144
2025-12-10,P004,S003,177,188.42857142857144
2025-12-10,P005,S001,154,174.71428571428572
2025-12-10,P005,S002,215,189.42857142857144
2025-12-10,P005,S003,114,157.28571428571428
2025-12-11,P001,S001,143,143.71428571428572
2025-12-11,P001,S002,173,169.28571428571428
2025-12-11,P001,S003,133,128.14285714285714
2025-12-11,P002,S001,162,193.0
2025-12-11,P002,S002,237,210.28571428571428
2025-12-11,P002,S003,166,162.57142857142858
2025-12-11,P003,S001,144,115.85714285714286
2025-12-11,P003,S002,156,150.0
2025-12-11,P003,S003,116,119.0
2025-12-11,P004,S001,216,231.42857142857144
2025-12-11,P004,S002,224,239.8571428571429
2025-12-11,P004,S003,192,188.8571428571429
2025-12-11,P005,S001,138,171.71428571428572
2025-12-11,P005,S002,163,192.28571428571428
2025-12-11,P005,S003,142,151.71428571428572
2025-12-12,P001,S001,125,145.14285714285714
2025-12-12,P001,S002,171,172.57142857142858
2025-12-12,P001,S003,122,130.57142857142858
2025-12-12,P002,S001,168,187.1428571428572
2025-12-12,P002,S002,246,214.7142857142857
2025-12-12,P002,S003,137,164.0
2025-12-12,P003,S001,111,121.28571428571428
2025-12-12,P003,S002,128,146.14285714285714
2025-12-12,P003,S003,120,120.0
2025-12-12,P004,S001,235,228.8571428571429
2025-12-12,P004,S002,262,237.7142857142857
2025-12-12,P004,S003,226,190.0
2025-12-12,P005,S001,167,164.57142857142858
2025-12-12,P005,S002,159,187.7142857142857
2025-12-12,P005,S003,127,149.14285714285714
2025-12-13,P001,S001,142,139.85714285714286
2025-12-13,P001,S002,194,172.28571428571428
2025-12-13,P001,S003,172,128.85714285714286
2025-12-13,P002,S001,230,185.8571428571429
2025-12-13,P002,S002,205,214.0
2025-12-13,P002,S003,203,161.57142857142858
2025-12-13,P003,S001,126,121.0
2025-12-13,P003,S002,173,144.28571428571428
2025-12-13,P003,S003,147,120.42857142857144
2025-12-13,P004,S001,251,230.57142857142856
2025-12-13,P004,S002,245,242.1428571428572
2025-12-13,P004,S003,212,197.42857142857144
2025-12-13,P005,S001,215,164.71428571428572
2025-12-13,P005,S002,170,179.71428571428572
2025-12-13,P005,S003,164,148.14285714285714
2025-12-14,P001,S001,142,135.71428571428572
2025-12-14,P001,S002,205,175.28571428571428
2025-12-14,P001,S003,137,134.0
2025-12-14,P002,S001,181,187.8571428571429
2025-12-14,P002,S002,216,210.1428571428572
2025-12-14,P002,S003,184,165.28571428571428
2025-12-14,P003,S001,138,121.42857142857144
2025-12-14,P003,S002,186,150.42857142857142
2025-12-14,P003,S003,108,124.57142857142856
2025-12-14,P004,S001,237,237.0
2025-12-14,P004,S002,257,240.8571428571429
2025-12-14,P004,S003,222,200.57142857142856
2025-12-14,P005,S001,157,174.42857142857142
2025-12-14,P005,S002,199,179.28571428571428
2025-12-14,P005,S003,155,144.71428571428572
2025-12-15,P001,S001,142,134.42857142857142
2025-12-15,P001,S002,158,182.42857142857144
2025-12-15,P001,S003,126,134.71428571428572
2025-12-15,P002,S001,172,185.0
2025-12-15,P002,S002,231,216.28571428571428
2025-12-15,P002,S003,146,166.71428571428572
2025-12-15,P003,S001,117,123.28571428571428
2025-12-15,P003,S002,173,156.57142857142858
2025-12-15,P003,S003,95,123.28571428571428
2025-12-15,P004,S001,249,236.1428571428572
2025-12-15,P004,S002,257,237.42857142857144
2025-12-15,P004,S003,183,200.7142857142857
2025-12-15,P005,S001,153,167.42857142857142
2025-12-15,P005,S002,166,177.14285714285714
2025-12-15,P005,S003,138,144.71428571428572
2025-12-16,P001,S001,165,136.57142857142858
2025-12-16,P001,S002,151,179.14285714285714
2025-12-16,P001,S003,120,133.14285714285714
2025-12-16,P002,S001,201,185.0
2025-12-16,P002,S002,254,221.57142857142856
2025-12-16,P002,S003,159,167.14285714285714
2025-12-16,P003,S001,144,123.85714285714286
2025-12-16,P003,S002,129,158.28571428571428
2025-12-16,P003,S003,88,119.28571428571428
2025-12-16,P004,S001,212,237.7142857142857
2025-12-16,P004,S002,305,245.1428571428572
2025-12-16,P004,S003,231,200.7142857142857
2025-12-16,P005,S001,142,166.57142857142858
2025-12-16,P005,S002,166,176.14285714285714
2025-12-16,P005,S003,110,141.57142857142858
2025-12-17,P001,S001,133,142.28571428571428
2025-12-17,P001,S002,159,175.85714285714286
2025-12-17,P001,S003,121,134.28571428571428
2025-12-17,P002,S001,197,183.0
2025-12-17,P002,S002,195,229.1428571428572
2025-12-17,P002,S003,185,165.14285714285714
2025-12-17,P003,S001,119,129.0
2025-12-17,P003,S002,134,153.57142857142858
2025-12-17,P003,S003,95,115.0
2025-12-17,P004,S001,244,237.42857142857144
2025-12-17,P004,S002,211,255.7142857142857
2025-12-17,P004,S003,231,206.1428571428572
2025-12-17,P005,S001,161,160.85714285714286
2025-12-17,P005,S002,209,176.85714285714286
2025-12-17,P005,S003,135,135.71428571428572
2025-12-18,P001,S001,155,141.71428571428572
2025-12-18,P001,S002,208,173.0
2025-12-18,P001,S003,130,133.0
2025-12-18,P002,S001,204,187.28571428571428
2025-12-18,P002,S002,178,226.28571428571428
2025-12-18,P002,S003,168,168.57142857142858
2025-12-18,P003,S001,121,128.42857142857142
2025-12-18,P003,S002,185,154.14285714285714
2025-12-18,P003,S003,110,109.85714285714286
2025-12-18,P004,S001,194,234.8571428571429
2025-12-18,P004,S002,240,251.57142857142856
2025-12-18,P004,S003,226,213.8571428571429
2025-12-18,P005,S001,142,161.85714285714286
2025-12-18,P005,S002,185,176.0
2025-12-18,P005,S003,141,138.71428571428572
2025-12-19,P001,S001,139,143.42857142857142
2025-12-19,P001,S002,164,178.0
2025-12-19,P001,S003,130,132.57142857142858
2025-12-19,P002,S001,256,193.28571428571428
2025-12-19,P002,S002,191,217.8571428571429
2025-12-19,P002,S003,145,168.85714285714286
2025-12-19,P003,S001,122,125.14285714285714
2025-12-19,P003,S002,124,158.28571428571428
2025-12-19,P003,S003,91,109.0
2025-12-19,P004,S001,235,231.7142857142857
2025-12-19,P004,S002,300,253.8571428571429
2025-12-19,P004,S003,198,218.7142857142857
2025-12-19,P005,S001,166,162.42857142857142
2025-12-19,P005,S002,180,179.14285714285714
2025-12-19,P005,S003,153,138.57142857142858
2025-12-20,P001,S001,169,145.42857142857142
2025-12-20,P001,S002,222,177.0
2025-12-20,P001,S003,158,133.71428571428572
2025-12-20,P002,S001,204,205.8571428571429
2025-12-20,P002,S002,222,210.0
2025-12-20,P002,S003,187,170.0
2025-12-20,P003,S001,154,126.71428571428572
2025-12-20,P003,S002,150,157.71428571428572
2025-12-20,P003,S003,114,104.85714285714286
2025-12-20,P004,S001,283,231.7142857142857
2025-12-20,P004,S002,278,259.2857142857143
2025-12-20,P004,S003,253,214.7142857142857
2025-12-20,P005,S001,178,162.28571428571428
2025-12-20,P005,S002,200,182.1428571428572
2025-12-20,P005,S003,158,142.28571428571428
2025-12-21,P001,S001,149,149.28571428571428
2025-12-21,P001,S002,175,181.0
2025-12-21,P001,S003,137,131.71428571428572
2025-12-21,P002,S001,205,202.1428571428572
2025-12-21,P002,S002,235,212.42857142857144
2025-12-21,P002,S003,177,167.71428571428572
2025-12-21,P003,S001,151,130.71428571428572
2025-12-21,P003,S002,160,154.42857142857142
2025-12-21,P003,S003,109,100.14285714285714
2025-12-21,P004,S001,239,236.28571428571428
2025-12-21,P004,S002,284,264.0
2025-12-21,P004,S003,230,220.57142857142856
2025-12-21,P005,S001,163,157.0
2025-12-21,P005,S002,214,186.42857142857144
2025-12-21,P005,S003,158,141.42857142857142
2025-12-22,P001,S001,152,150.28571428571428
2025-12-22,P001,S002,160,176.71428571428572
2025-12-22,P001,S003,164,131.71428571428572
2025-12-22,P002,S001,233,205.57142857142856
2025-12-22,P002,S002,197,215.1428571428572
2025-12-22,P002,S003,161,166.71428571428572
2025-12-22,P003,S001,119,132.57142857142858
2025-12-22,P003,S002,128,150.71428571428572
2025-12-22,P003,S003,107,100.28571428571428
2025-12-22,P004,S001,254,236.57142857142856
2025-12-22,P004,S002,310,267.85714285714283
2025-12-22,P004,S003,192,221.7142857142857
2025-12-22,P005,S001,197,157.85714285714286
2025-12-22,P005,S002,199,188.57142857142856
2025-12-22,P005,S003,160,141.85714285714286
2025-12-23,P001,S001,142,151.71428571428572
2025-12-23,P001,S002,155,177.0
2025-12-23,P001,S003,119,137.14285714285714
2025-12-23,P002,S001,173,214.28571428571428
2025-12-23,P002,S002,227,210.28571428571428
2025-12-23,P002,S003,166,168.85714285714286
2025-12-23,P003,S001,123,132.85714285714286
2025-12-23,P003,S002,140,144.28571428571428
2025-12-23,P003,S003,100,102.0
2025-12-23,P004,S001,198,237.28571428571428
2025-12-23,P004,S002,231,275.42857142857144
2025-12-23,P004,S003,158,223.0
2025-12-23,P005,S001,161,164.14285714285714
2025-12-23,P005,S002,191,193.28571428571428
2025-12-23,P005,S003,151,145.0
2025-12-24,P001,S001,164,148.42857142857142
2025-12-24,P001,S002,168,177.57142857142858
2025-12-24,P001,S003,157,137.0
2025-12-24,P002,S001,171,210.28571428571428
2025-12-24,P002,S002,239,206.42857142857144
2025-12-24,P002,S003,185,169.85714285714286
2025-12-24,P003,S001,127,129.85714285714286
2025-12-24,P003,S002,118,145.85714285714286
2025-12-24,P003,S003,103,103.71428571428572
2025-12-24,P004,S001,224,235.28571428571428
2025-12-24,P004,S002,300,264.85714285714283
2025-12-24,P004,S003,231,212.57142857142856
2025-12-24,P005,S001,178,166.85714285714286
2025-12-24,P005,S002,181,196.8571428571429
2025-12-24,P005,S003,137,150.85714285714286
2025-12-25,P001,S001,190,152.85714285714286
2025-12-25,P001,S002,191,178.85714285714286
2025-12-25,P001,S003,162,142.14285714285714
2025-12-25,P002,S001,219,206.57142857142856
2025-12-25,P002,S002,324,212.7142857142857
2025-12-25,P002,S003,168,169.85714285714286
2025-12-25,P003,S001,158,131.0
2025-12-25,P003,S002,172,143.57142857142858
2025-12-25,P003,S003,146,104.85714285714286
2025-12-25,P004,S001,258,232.42857142857144
2025-12-25,P004,S002,294,277.57142857142856
2025-12-25,P004,S003,286,212.57142857142856
2025-12-25,P005,S001,189,169.28571428571428
2025-12-25,P005,S002,261,192.8571428571429
2025-12-25,P005,S003,233,151.14285714285714
2025-12-26,P001,S001,179,157.85714285714286
2025-12-26,P001,S002,146,176.42857142857142
2025-12-26,P001,S003,143,146.71428571428572
2025-12-26,P002,S001,173,208.7142857142857
2025-12-26,P002,S002,262,233.57142857142856
2025-12-26,P002,S003,148,169.85714285714286
2025-12-26,P003,S001,113,136.28571428571428
2025-12-26,P003,S002,135,141.71428571428572
2025-12-26,P003,S003,93,110.0
2025-12-26,P004,S001,188,241.57142857142856
2025-12-26,P004,S002,233,285.2857142857143
2025-12-26,P004,S003,209,221.1428571428572
2025-12-26,P005,S001,137,176.0
2025-12-26,P005,S002,186,203.7142857142857
2025-12-26,P005,S003,145,164.28571428571428
2025-12-27,P001,S001,167,163.57142857142858
2025-12-27,P001,S002,209,173.85714285714286
2025-12-27,P001,S003,170,148.57142857142858
2025-12-27,P002,S001,178,196.8571428571429
2025-12-27,P002,S002,230,243.7142857142857
2025-12-27,P002,S003,151,170.28571428571428
2025-12-27,P003,S001,130,135.0
2025-12-27,P003,S002,144,143.28571428571428
2025-12-27,P003,S003,148,110.28571428571428
2025-12-27,P004,S001,238,234.8571428571429
2025-12-27,P004,S002,284,275.7142857142857
2025-12-27,P004,S003,189,222.7142857142857
2025-12-27,P005,S001,193,171.85714285714286
2025-12-27,P005,S002,238,204.57142857142856
2025-12-27,P005,S003,147,163.14285714285714
2025-12-28,P001,S001,173,163.28571428571428
2025-12-28,P001,S002,194,172.0
2025-12-28,P001,S003,147,150.28571428571428
2025-12-28,P002,S001,234,193.1428571428572
2025-12-28,P002,S002,224,244.8571428571429
2025-12-28,P002,S003,219,165.14285714285714
2025-12-28,P003,S001,142,131.57142857142858
2025-12-28,P003,S002,176,142.42857142857142
2025-12-28,P003,S003,111,115.14285714285714
2025-12-28,P004,S001,247,228.42857142857144
2025-12-28,P004,S002,282,276.57142857142856
2025-12-28,P004,S003,187,213.57142857142856
2025-12-28,P005,S001,158,174.0
2025-12-28,P005,S002,192,210.0
2025-12-28,P005,S003,174,161.57142857142858
2025-12-29,P001,S001,150,166.71428571428572
2025-12-29,P001,S002,194,174.71428571428572
2025-12-29,P001,S003,122,151.71428571428572
2025-12-29,P002,S001,207,197.28571428571428
2025-12-29,P002,S002,208,243.28571428571428
2025-12-29,P002,S003,168,171.14285714285714
2025-12-29,P003,S001,120,130.28571428571428
2025-12-29,P003,S002,143,144.71428571428572
2025-12-29,P003,S003,107,115.42857142857144
2025-12-29,P004,S001,215,229.57142857142856
2025-12-29,P004,S002,227,276.2857142857143
2025-12-29,P004,S003,201,207.42857142857144
2025-12-29,P005,S001,130,173.28571428571428
2025-12-29,P005,S002,170,206.8571428571429
2025-12-29,P005,S003,125,163.85714285714286
2025-12-30,P001,S001,146,166.42857142857142
2025-12-30,P001,S002,164,179.57142857142858
2025-12-30,P001,S003,126,145.71428571428572
2025-12-30,P002,S001,196,193.57142857142856
2025-12-30,P002,S002,198,244.8571428571429
2025-12-30,P002,S003,185,172.14285714285714
2025-12-30,P003,S001,132,130.42857142857142
2025-12-30,P003,S002,173,146.85714285714286
2025-12-30,P003,S003,109,115.42857142857144
2025-12-30,P004,S001,223,224.0
2025-12-30,P004,S002,260,264.42857142857144
2025-12-30,P004,S003,205,208.7142857142857
2025-12-30,P005,S001,176,163.71428571428572
2025-12-30,P005,S002,199,202.7142857142857
2025-12-30,P005,S003,144,158.85714285714286
2025-12-31,P001,S001,132,167.0
2025-12-31,P001,S002,168,180.8571428571429
2025-12-31,P001,S003,128,146.71428571428572
2025-12-31,P002,S001,176,196.8571428571429
2025-12-31,P002,S002,215,240.7142857142857
2025-12-31,P002,S003,191,174.85714285714286
2025-12-31,P003,S001,118,131.71428571428572
2025-12-31,P003,S002,126,151.57142857142858
2025-12-31,P003,S003,113,116.71428571428572
2025-12-31,P004,S001,233,227.57142857142856
2025-12-31,P004,S002,239,268.57142857142856
2025-12-31,P004,S003,259,215.42857142857144
2025-12-31,P005,S001,173,165.85714285714286
2025-12-31,P005,S002,166,203.8571428571429
2025-12-31,P005,S003,146,157.85714285714286
