Date,Product_ID,Store_ID,Actual_Units_Sold,Predicted_Units_Sold
2025-06-01,P001,S001,159,155.2687719424316
2025-06-01,P001,S002,183,215.1179013829642
2025-06-01,P001,S003,131,145.57860111648506
2025-06-01,P002,S001,207,229.61464012533133
2025-06-01,P002,S002,226,219.65292358232318
2025-06-01,P002,S003,143,179.57421473941076
2025-06-01,P003,S001,135,129.50636188310273
2025-06-01,P003,S002,164,185.67053120598302
2025-06-01,P003,S003,137,155.05460961429208
2025-06-01,P004,S001,172,236.54760903673468
2025-06-01,P004,S002,275,267.15816179394324
2025-06-01,P004,S003,205,213.2263658971715
2025-06-01,P005,S001,177,206.29646850757354
2025-06-01,P005,S002,199,200.65913646430317
2025-06-01,P005,S003,178,184.28008438903726
2025-06-02,P001,S001,140,140.91810944718827
2025-06-02,P001,S002,168,195.6059697360074
2025-06-02,P001,S003,133,127.27803007172679
2025-06-02,P002,S001,164,181.89997863163717
2025-06-02,P002,S002,157,207.2349490586821
2025-06-02,P002,S003,160,158.83837346674454
2025-06-02,P003,S001,104,113.67544875302929
2025-06-02,P003,S002,127,136.20367159000898
2025-06-02,P003,S003,99,106.1362971342719
2025-06-02,P004,S001,196,213.79940126065094
2025-06-02,P004,S002,215,248.9468991296908
2025-06-02,P004,S003,192,193.73848997055347
2025-06-02,P005,S001,155,159.81710507227672
2025-06-02,P005,S002,200,213.48010605469835
2025-06-02,P005,S003,131,138.55886635918796
2025-06-03,P001,S001,170,178.44244380521468
2025-06-03,P001,S002,153,166.02602578586402
2025-06-03,P001,S003,160,160.34712985638907
2025-06-03,P002,S001,204,211.38825348319642
2025-06-03,P002,S002,221,203.71440169183643
2025-06-03,P002,S003,145,162.35040378346366
2025-06-03,P003,S001,136,145.5697680897024
2025-06-03,P003,S002,122,135.86311512028715
2025-06-03,P003,S003,108,106.68967992673151
2025-06-03,P004,S001,196,216.81440737857565
2025-06-03,P004,S002,281,278.9124664475403
2025-06-03,P004,S003,205,196.45172483141096
2025-06-03,P005,S001,144,153.29834273601728
2025-06-03,P005,S002,169,187.38924789415205
2025-06-03,P005,S003,162,172.28811412673895
2025-06-04,P001,S001,148,177.1549258126538
2025-06-04,P001,S002,192,196.4883006804921
2025-06-04,P001,S003,126,134.94908973559768
2025-06-04,P002,S001,204,218.34753977167975
2025-06-04,P002,S002,206,209.03439329154662
2025-06-04,P002,S003,139,164.8282082210394
2025-06-04,P003,S001,107,118.4971064424526
2025-06-04,P003,S002,121,139.83218484585814
2025-06-04,P003,S003,122,143.48759958205574
2025-06-04,P004,S001,208,215.05742159313513
2025-06-04,P004,S002,218,252.52706160285015
2025-06-04,P004,S003,202,195.60712693956611
2025-06-04,P005,S001,140,154.4936459689452
2025-06-04,P005,S002,176,186.29146543749584
2025-06-04,P005,S003,144,176.0829641879659
2025-06-05,P001,S001,137,148.238961868145
2025-06-05,P001,S002,173,169.83800472430585
2025-06-05,P001,S003,149,165.01710401886112
2025-06-05,P002,S001,172,184.42214696661222
2025-06-05,P002,S002,252,238.34529621910724
2025-06-05,P002,S003,157,161.6374149503722
2025-06-05,P003,S001,111,119.10838702047567
2025-06-05,P003,S002,134,141.88258589076486
2025-06-05,P003,S003,115,146.51807183851633
2025-06-05,P004,S001,178,218.41130521394416
2025-06-05,P004,S002,229,254.6721493050809
2025-06-05,P004,S003,177,196.94399379873312
2025-06-05,P005,S001,165,158.58017959600693
2025-06-05,P005,S002,175,186.07807463950303
2025-06-05,P005,S003,142,146.2302459388211
2025-06-06,P001,S001,131,148.86840737636112
2025-06-06,P001,S002,207,206.92825567599493
2025-06-06,P001,S003,124,138.9339244190387
2025-06-06,P002,S001,172,188.1854191211105
2025-06-06,P002,S002,189,211.78345580062296
2025-06-06,P002,S003,164,166.37519572415113
2025-06-06,P003,S001,132,154.56417060842887
2025-06-06,P003,S002,147,176.62902021465288
2025-06-06,P003,S003,98,116.14283149872199
2025-06-06,P004,S001,209,215.96339169468092
2025-06-06,P004,S002,222,254.36546861719125
2025-06-06,P004,S003,243,228.40469018357362
2025-06-06,P005,S001,170,162.6167633346572
2025-06-06,P005,S002,196,194.49229825319526
2025-06-06,P005,S003,125,146.10081746603555
2025-06-07,P001,S001,138,151.6408314468058
2025-06-07,P001,S002,161,181.52189083435815
2025-06-07,P001,S003,141,171.44688521632452
2025-06-07,P002,S001,187,190.70099876311406
2025-06-07,P002,S002,212,212.6626614181887
2025-06-07,P002,S003,216,202.75179064059284
2025-06-07,P003,S001,120,126.61118166550341
2025-06-07,P003,S002,151,146.28836112083354
2025-06-07,P003,S003,98,120.29953124251233
2025-06-07,P004,S001,241,225.14078090261728
2025-06-07,P004,S002,289,290.5498638246204
2025-06-07,P004,S003,221,239.85799124422238
2025-06-07,P005,S001,157,167.6158713910122
2025-06-07,P005,S002,203,195.8450284182768
2025-06-07,P005,S003,145,149.8047538720998
2025-06-08,P001,S001,183,183.53117484913628
2025-06-08,P001,S002,189,176.3106855337919
2025-06-08,P001,S003,133,143.1947600447893
2025-06-08,P002,S001,202,192.50171572287036
2025-06-08,P002,S002,204,216.71486510302566
2025-06-08,P002,S003,177,177.12138165738907
2025-06-08,P003,S001,133,161.76633146362337
2025-06-08,P003,S002,139,150.28559958260303
2025-06-08,P003,S003,113,116.71324136667045
2025-06-08,P004,S001,219,225.7990890063743
2025-06-08,P004,S002,262,294.25866165464186
2025-06-08,P004,S003,205,208.68472815347013
2025-06-08,P005,S001,169,166.26066351232112
2025-06-08,P005,S002,190,197.94037348841766
2025-06-08,P005,S003,185,184.37485464667498
2025-06-09,P001,S001,126,140.43631903593132
2025-06-09,P001,S002,139,163.21454633718076
2025-06-09,P001,S003,142,125.90513456186864
2025-06-09,P002,S001,159,175.61925324608137
2025-06-09,P002,S002,190,198.0737929995339
2025-06-09,P002,S003,175,160.26390721375083
2025-06-09,P003,S001,115,111.2809489646088
2025-06-09,P003,S002,168,162.09276332846503
2025-06-09,P003,S003,94,100.53458478317907
2025-06-09,P004,S001,182,209.75335998503442
2025-06-09,P004,S002,215,240.74714931493827
2025-06-09,P004,S003,194,192.7722911047308
2025-06-09,P005,S001,174,184.59439239456015
2025-06-09,P005,S002,236,210.3462861636258
2025-06-09,P005,S003,140,138.40483688238646
2025-06-10,P001,S001,126,141.07978658556794
2025-06-10,P001,S002,152,161.98539438250418
2025-06-10,P001,S003,112,130.38825894975162
2025-06-10,P002,S001,180,178.4311469643012
2025-06-10,P002,S002,249,234.11717355794735
2025-06-10,P002,S003,199,194.1158019873651
2025-06-10,P003,S001,111,114.69374087444248
2025-06-10,P003,S002,121,135.365064697844
2025-06-10,P003,S003,129,134.2849532238215
2025-06-10,P004,S001,188,209.4682891098314
2025-06-10,P004,S002,266,277.37011760110954
2025-06-10,P004,S003,187,195.2488816175719
2025-06-10,P005,S001,185,184.71913420726924
2025-06-10,P005,S002,182,184.60338653772124
2025-06-10,P005,S003,178,171.20621936587213
2025-06-11,P001,S001,186,171.91860455057395
2025-06-11,P001,S002,206,199.24826537869785
2025-06-11,P001,S003,153,159.57715622293108
2025-06-11,P002,S001,151,182.31565803660806
2025-06-11,P002,S002,206,210.0529310583238
2025-06-11,P002,S003,173,198.78616426226836
2025-06-11,P003,S001,117,115.23766035675362
2025-06-11,P003,S002,145,166.55642587862667
2025-06-11,P003,S003,128,139.77482200768736
2025-06-11,P004,S001,210,212.16079567196266
2025-06-11,P004,S002,256,245.41905515351164
2025-06-11,P004,S003,190,195.92308421159487
2025-06-11,P005,S001,186,189.97632198590736
2025-06-11,P005,S002,183,184.0481986344971
2025-06-11,P005,S003,126,143.76616550338122
2025-06-12,P001,S001,143,146.68266192087322
2025-06-12,P001,S002,184,203.7695271829475
2025-06-12,P001,S003,151,167.2344526982797
2025-06-12,P002,S001,181,177.71095065056215
2025-06-12,P002,S002,207,240.65018416317434
2025-06-12,P002,S003,140,167.02291496388443
2025-06-12,P003,S001,129,149.35679983349655
2025-06-12,P003,S002,123,140.78168456893172
2025-06-12,P003,S003,101,109.70580077174463
2025-06-12,P004,S001,195,211.19405397889614
2025-06-12,P004,S002,301,279.69964769827175
2025-06-12,P004,S003,169,195.9791351105864
2025-06-12,P005,S001,132,163.6798534189852
2025-06-12,P005,S002,212,218.19574301996727
2025-06-12,P005,S003,150,141.81505454888247
2025-06-13,P001,S001,155,147.35395864917064
2025-06-13,P001,S002,188,207.16060310562807
2025-06-13,P001,S003,120,137.05363832081412
2025-06-13,P002,S001,191,213.32679061332783
2025-06-13,P002,S002,177,207.65850174933348
2025-06-13,P002,S003,139,168.2471097143184
2025-06-13,P003,S001,102,123.8153157250099
2025-06-13,P003,S002,130,143.89139487588136
2025-06-13,P003,S003,121,140.76681049547187
2025-06-13,P004,S001,225,213.6226548702616
2025-06-13,P004,S002,228,257.1786759636334
2025-06-13,P004,S003,207,199.35444441299978
2025-06-13,P005,S001,194,194.5023135589072
2025-06-13,P005,S002,159,195.27030096746375
2025-06-13,P005,S003,135,145.9976275813524
2025-06-14,P001,S001,179,182.63554585637257
2025-06-14,P001,S002,185,179.1922931766826
2025-06-14,P001,S003,119,139.12353980134776
2025-06-14,P002,S001,166,187.4938516686302
2025-06-14,P002,S002,211,209.63232493157466
2025-06-14,P002,S003,176,171.77353533087035
2025-06-14,P003,S001,125,153.3564842395017
2025-06-14,P003,S002,165,144.5639616373037
2025-06-14,P003,S003,109,116.45046998333282
2025-06-14,P004,S001,200,223.08007133064893
2025-06-14,P004,S002,237,262.94807206113364
2025-06-14,P004,S003,210,205.6449244596506
2025-06-14,P005,S001,154,171.26634806700395
2025-06-14,P005,S002,195,193.65375493977172
2025-06-14,P005,S003,146,149.46075911774324
2025-06-15,P001,S001,175,159.04208301239441
2025-06-15,P001,S002,162,180.3824599213608
2025-06-15,P001,S003,173,170.30354299515102
2025-06-15,P002,S001,192,188.5082274360302
2025-06-15,P002,S002,230,245.87053041576246
2025-06-15,P002,S003,191,204.44832152125673
2025-06-15,P003,S001,124,126.86383705719845
2025-06-15,P003,S002,182,181.8043707307147
2025-06-15,P003,S003,128,118.68664061617073
2025-06-15,P004,S001,269,248.45826822078334
2025-06-15,P004,S002,223,259.6926700626923
2025-06-15,P004,S003,174,207.41165262990216
2025-06-15,P005,S001,154,170.10092336597927
2025-06-15,P005,S002,201,195.18330825403245
2025-06-15,P005,S003,176,187.04303390721452
2025-06-16,P001,S001,132,140.02459233424497
2025-06-16,P001,S002,203,191.56920290194103
2025-06-16,P001,S003,132,129.0557043504473
2025-06-16,P002,S001,168,171.10876977710086
2025-06-16,P002,S002,198,196.91773738343682
2025-06-16,P002,S003,174,192.14649821977673
2025-06-16,P003,S001,154,140.14839433608586
2025-06-16,P003,S002,177,167.0911615422042
2025-06-16,P003,S003,101,101.00211594412713
2025-06-16,P004,S001,235,237.85583811051265
2025-06-16,P004,S002,243,237.8333687836439
2025-06-16,P004,S003,191,187.23500421416202
2025-06-16,P005,S001,153,152.2705848926921
2025-06-16,P005,S002,162,183.88478476458204
2025-06-16,P005,S003,143,137.3493398760029
2025-06-17,P001,S001,130,140.603723835452
2025-06-17,P001,S002,154,166.8247203146143
2025-06-17,P001,S003,137,159.75560294559818
2025-06-17,P002,S001,195,174.46348613528926
2025-06-17,P002,S002,218,234.69221775173128
2025-06-17,P002,S003,173,192.1789109504466
2025-06-17,P003,S001,149,147.35870563862727
2025-06-17,P003,S002,146,136.18796955290327
2025-06-17,P003,S003,105,104.08944222688024
2025-06-17,P004,S001,183,209.0473702192835
2025-06-17,P004,S002,284,275.7241685509366
2025-06-17,P004,S003,164,190.76500126767542
2025-06-17,P005,S001,157,155.1446348683262
2025-06-17,P005,S002,165,177.0525861057149
2025-06-17,P005,S003,124,141.51423248052242
2025-06-18,P001,S001,140,144.0548907596085
2025-06-18,P001,S002,177,169.8067568098295
2025-06-18,P001,S003,134,131.84488938657933
2025-06-18,P002,S001,158,176.06136241932882
2025-06-18,P002,S002,193,203.2873845563372
2025-06-18,P002,S003,130,159.79247291160345
2025-06-18,P003,S001,126,118.54861953935915
2025-06-18,P003,S002,126,137.96592076860816
2025-06-18,P003,S003,91,105.89725155478754
2025-06-18,P004,S001,212,208.1737583209897
2025-06-18,P004,S002,303,278.06756513557957
2025-06-18,P004,S003,176,188.08078828600583
2025-06-18,P005,S001,139,155.36844611019023
2025-06-18,P005,S002,164,178.60272110916412
2025-06-18,P005,S003,133,138.0891698749051
2025-06-19,P001,S001,138,144.76037125167022
2025-06-19,P001,S002,157,171.8216380467361
2025-06-19,P001,S003,135,133.6146679961853
2025-06-19,P002,S001,162,176.4993492651688
2025-06-19,P002,S002,202,238.55826704551464
2025-06-19,P002,S003,173,189.71684734080327
2025-06-19,P003,S001,128,152.57222108319502
2025-06-19,P003,S002,143,138.14606642168474
2025-06-19,P003,S003,116,105.23672131315243
2025-06-19,P004,S001,207,209.703704417047
2025-06-19,P004,S002,304,285.53655057695187
2025-06-19,P004,S003,228,219.7744988875429
2025-06-19,P005,S001,203,184.50302497789608
2025-06-19,P005,S002,196,181.92690636642465
2025-06-19,P005,S003,161,174.4684724601825
2025-06-20,P001,S001,130,145.5412740286115
2025-06-20,P001,S002,148,173.3388562266532
2025-06-20,P001,S003,130,134.36726930096256
2025-06-20,P002,S001,211,210.4451088470296
2025-06-20,P002,S002,219,204.61044687667936
2025-06-20,P002,S003,161,164.84846476848043
2025-06-20,P003,S001,118,123.2139170987266
2025-06-20,P003,S002,115,144.48443741369965
2025-06-20,P003,S003,104,110.17469913059449
2025-06-20,P004,S001,228,213.72872464276452
2025-06-20,P004,S002,235,253.02443067649256
2025-06-20,P004,S003,168,200.37802693425874
2025-06-20,P005,S001,137,164.62165178292435
2025-06-20,P005,S002,171,185.19725050525267
2025-06-20,P005,S003,147,144.68914359330347
2025-06-21,P001,S001,144,148.58600701303385
2025-06-21,P001,S002,143,172.46543670769552
2025-06-21,P001,S003,136,136.04532307162162
2025-06-21,P002,S001,228,216.1064153112211
2025-06-21,P002,S002,213,212.04628917191167
2025-06-21,P002,S003,177,170.03922759707893
2025-06-21,P003,S001,112,126.36833561940921
2025-06-21,P003,S002,143,145.5122313715151
2025-06-21,P003,S003,109,110.6165267880483
2025-06-21,P004,S001,189,218.2820321998447
2025-06-21,P004,S002,272,257.7264632960655
2025-06-21,P004,S003,208,197.3723937768923
2025-06-21,P005,S001,153,160.31551601176398
2025-06-21,P005,S002,195,186.61846083030923
2025-06-21,P005,S003,138,149.1410732410768
2025-06-22,P001,S001,172,184.92861479060593
2025-06-22,P001,S002,172,174.6299768911258
2025-06-22,P001,S003,149,141.80289185056017
2025-06-22,P002,S001,181,193.07511356977784
2025-06-22,P002,S002,294,245.26401293918843
2025-06-22,P002,S003,179,172.72857928454823
2025-06-22,P003,S001,124,129.12709727060474
2025-06-22,P003,S002,161,149.20953661528802
2025-06-22,P003,S003,143,146.38142765671864
2025-06-22,P004,S001,234,219.36255408366196
2025-06-22,P004,S002,243,258.420457201164
2025-06-22,P004,S003,191,199.7875920547799
2025-06-22,P005,S001,154,163.76725712506732
2025-06-22,P005,S002,185,191.8950625659768
2025-06-22,P005,S003,171,152.30667404029373
2025-06-23,P001,S001,136,135.51901567304367
2025-06-23,P001,S002,165,158.79659021466887
2025-06-23,P001,S003,151,156.58851766153566
2025-06-23,P002,S001,172,170.51175741574343
2025-06-23,P002,S002,255,235.17464319949795
2025-06-23,P002,S003,176,188.5900335645115
2025-06-23,P003,S001,128,114.17060742612512
2025-06-23,P003,S002,124,135.3836094793728
2025-06-23,P003,S003,128,131.36667383255917
2025-06-23,P004,S001,178,203.4380789828383
2025-06-23,P004,S002,229,239.68980379316645
2025-06-23,P004,S003,147,183.16428112254698
2025-06-23,P005,S001,206,180.16603560784642
2025-06-23,P005,S002,136,174.4021125474187
2025-06-23,P005,S003,120,135.6480638601679
2025-06-24,P001,S001,138,134.0058719519202
2025-06-24,P001,S002,165,157.78611763361823
2025-06-24,P001,S003,112,126.7276040638767
2025-06-24,P002,S001,173,173.52901574561383
2025-06-24,P002,S002,180,209.56010966367012
2025-06-24,P002,S003,160,160.02443708689088
2025-06-24,P003,S001,128,115.51585550126629
2025-06-24,P003,S002,135,131.18133138467692
2025-06-24,P003,S003,120,134.74145419269507
2025-06-24,P004,S001,205,197.56852003423228
2025-06-24,P004,S002,245,245.2630750784988
2025-06-24,P004,S003,201,180.17557630720103
2025-06-24,P005,S001,179,187.25181598461904
2025-06-24,P005,S002,192,169.21612229013272
2025-06-24,P005,S003,145,166.73879766788104
2025-06-25,P001,S001,158,140.7943561907514
2025-06-25,P001,S002,184,196.4030779536797
2025-06-25,P001,S003,150,158.84216031362212
2025-06-25,P002,S001,174,172.58121967653597
2025-06-25,P002,S002,186,203.7403548816378
2025-06-25,P002,S003,161,157.22852578397078
2025-06-25,P003,S001,123,115.81894323052438
2025-06-25,P003,S002,177,165.17487985250864
2025-06-25,P003,S003,103,105.54913513144766
2025-06-25,P004,S001,199,203.98019556629697
2025-06-25,P004,S002,235,248.69629520626358
2025-06-25,P004,S003,184,187.01003323706755
2025-06-25,P005,S001,157,157.53232055056014
2025-06-25,P005,S002,181,175.42843224508624
2025-06-25,P005,S003,183,168.86244915320594
2025-06-26,P001,S001,159,175.11085285243917
2025-06-26,P001,S002,163,167.1050631633616
2025-06-26,P001,S003,122,132.69811311867034
2025-06-26,P002,S001,169,177.70258749211962
2025-06-26,P002,S002,235,238.07593617359225
2025-06-26,P002,S003,163,160.7705716955934
2025-06-26,P003,S001,108,118.86121917861283
2025-06-26,P003,S002,136,140.0954104796392
2025-06-26,P003,S003,128,138.9894038329876
2025-06-26,P004,S001,201,204.44549822131876
2025-06-26,P004,S002,226,252.40539997691985
2025-06-26,P004,S003,201,191.05709658493515
2025-06-26,P005,S001,123,157.80151862751563
2025-06-26,P005,S002,155,181.17353907541337
2025-06-26,P005,S003,127,146.61255753013484
2025-06-27,P001,S001,137,145.7101458690472
2025-06-27,P001,S002,158,168.42893689929224
2025-06-27,P001,S003,117,131.26365601542102
2025-06-27,P002,S001,180,182.9645475194461
2025-06-27,P002,S002,205,212.72949347966733
2025-06-27,P002,S003,145,162.70292776499764
2025-06-27,P003,S001,118,118.45831714446967
2025-06-27,P003,S002,121,139.53382843784402
2025-06-27,P003,S003,97,112.86944501070275
2025-06-27,P004,S001,217,208.05336287390355
2025-06-27,P004,S002,231,244.99016267684738
2025-06-27,P004,S003,178,191.92870724654313
2025-06-27,P005,S001,137,156.76571491472578
2025-06-27,P005,S002,175,208.38828598312966
2025-06-27,P005,S003,141,143.41387603196154
2025-06-28,P001,S001,158,149.4077161531195
2025-06-28,P001,S002,170,169.56374507007786
2025-06-28,P001,S003,142,133.5222387714366
2025-06-28,P002,S001,248,214.8522592076215
2025-06-28,P002,S002,221,212.55010619424183
2025-06-28,P002,S003,174,164.90141619135102
2025-06-28,P003,S001,123,122.150029341155
2025-06-28,P003,S002,162,176.44314554040284
2025-06-28,P003,S003,102,112.58142102138845
2025-06-28,P004,S001,200,208.2392552037354
2025-06-28,P004,S002,303,280.63238959703403
2025-06-28,P004,S003,224,194.53285452409818
2025-06-28,P005,S001,173,190.3839363328866
2025-06-28,P005,S002,232,214.99023825917493
2025-06-28,P005,S003,183,177.69647521132038
2025-06-29,P001,S001,148,154.51056966778924
2025-06-29,P001,S002,183,173.82580649150304
2025-06-29,P001,S003,151,141.08116758661617
2025-06-29,P002,S001,154,190.89460421133936
2025-06-29,P002,S002,288,252.99323976010555
2025-06-29,P002,S003,182,170.81126277948715
2025-06-29,P003,S001,137,157.65706080338123
2025-06-29,P003,S002,180,184.0152324355745
2025-06-29,P003,S003,113,117.65547543028697
2025-06-29,P004,S001,212,215.2206263057792
2025-06-29,P004,S002,268,255.76963202797697
2025-06-29,P004,S003,200,197.79759234737776
2025-06-29,P005,S001,148,163.94268821910737
2025-06-29,P005,S002,198,191.21357681667678
2025-06-29,P005,S003,145,155.87642199137508
2025-06-30,P001,S001,142,133.63483175513056
2025-06-30,P001,S002,182,193.82909077734575
2025-06-30,P001,S003,134,124.10693982315752
2025-06-30,P002,S001,155,167.19578793692972
2025-06-30,P002,S002,191,207.6551517839771
2025-06-30,P002,S003,156,154.69878477370503
2025-06-30,P003,S001,122,144.39192325035947
2025-06-30,P003,S002,140,135.24800579676094
2025-06-30,P003,S003,102,100.69171031841825
2025-06-30,P004,S001,183,196.05937392708483
2025-06-30,P004,S002,287,272.41706000833756
2025-06-30,P004,S003,205,213.08128799206906
2025-06-30,P005,S001,125,148.95545653487397
2025-06-30,P005,S002,177,169.00145711801906
2025-06-30,P005,S003,146,133.82670916777897
2025-07-01,P001,S001,169,165.04292035305798
2025-07-01,P001,S002,128,158.0592956078699
2025-07-01,P001,S003,113,120.52007103883898
2025-07-01,P002,S001,211,199.06408051756944
2025-07-01,P002,S002,213,197.62669759685105
2025-07-01,P002,S003,149,182.98743119511118
2025-07-01,P003,S001,107,111.38846279437803
2025-07-01,P003,S002,131,131.73225998988528
2025-07-01,P003,S003,89,97.53970629206651
2025-07-01,P004,S001,246,222.29786498061958
2025-07-01,P004,S002,242,243.2472695582028
2025-07-01,P004,S003,153,182.70775173989932
2025-07-01,P005,S001,135,143.488323210408
2025-07-01,P005,S002,201,202.29477795593357
2025-07-01,P005,S003,118,133.8757135572746
2025-07-02,P001,S001,168,171.12099662229457
2025-07-02,P001,S002,138,157.69107919258022
2025-07-02,P001,S003,116,123.34207178490033
2025-07-02,P002,S001,198,203.0847363326252
2025-07-02,P002,S002,170,199.71503051297714
2025-07-02,P002,S003,175,183.2940692741472
2025-07-02,P003,S001,99,110.28446881059881
2025-07-02,P003,S002,119,133.4708964024012
2025-07-02,P003,S003,81,95.73250139934407
2025-07-02,P004,S001,190,200.5305876973698
2025-07-02,P004,S002,216,242.13034388906544
2025-07-02,P004,S003,182,180.06772466490565
2025-07-02,P005,S001,140,142.6527124271015
2025-07-02,P005,S002,185,205.94324605894235
2025-07-02,P005,S003,124,134.68067795457455
2025-07-03,P001,S001,117,143.15187771480214
2025-07-03,P001,S002,188,188.87585146439778
2025-07-03,P001,S003,106,124.34405368627495
2025-07-03,P002,S001,155,175.04827493111316
2025-07-03,P002,S002,204,203.77332533769595
2025-07-03,P002,S003,142,158.19494160147542
2025-07-03,P003,S001,103,111.8565455656103
2025-07-03,P003,S002,122,132.94902608360917
2025-07-03,P003,S003,124,131.50363391187284
2025-07-03,P004,S001,221,231.36367910974832
2025-07-03,P004,S002,212,243.75069690289
2025-07-03,P004,S003,157,187.75752466149606
2025-07-03,P005,S001,142,146.39185734697003
2025-07-03,P005,S002,206,207.34433218786353
2025-07-03,P005,S003,142,167.4145624753578
2025-07-04,P001,S001,160,171.02857002346445
2025-07-04,P001,S002,146,163.7065763278706
2025-07-04,P001,S003,143,155.7547614183586
2025-07-04,P002,S001,142,177.08567224243143
2025-07-04,P002,S002,177,206.53450535645015
2025-07-04,P002,S003,149,156.9515040598144
2025-07-04,P003,S001,96,113.44301572286531
2025-07-04,P003,S002,108,133.32689769248964
2025-07-04,P003,S003,81,103.1740505920443
2025-07-04,P004,S001,175,206.8754394110515
2025-07-04,P004,S002,210,240.19874094714123
2025-07-04,P004,S003,216,214.7869796821651
2025-07-04,P005,S001,125,146.7366119801609
2025-07-04,P005,S002,163,180.92981056285134
2025-07-04,P005,S003,121,138.85068825783264
2025-07-05,P001,S001,127,146.49650834676186
2025-07-05,P001,S002,196,194.6348893897516
2025-07-05,P001,S003,124,131.42968077383512
2025-07-05,P002,S001,172,180.54251608200457
2025-07-05,P002,S002,175,207.8134236271071
2025-07-05,P002,S003,171,162.7453571001106
2025-07-05,P003,S001,127,115.0364962229969
2025-07-05,P003,S002,143,138.25295978811846
2025-07-05,P003,S003,100,102.68449241122971
2025-07-05,P004,S001,198,202.16397708425893
2025-07-05,P004,S002,261,247.60002184489804
2025-07-05,P004,S003,152,193.73565209762774
2025-07-05,P005,S001,174,182.61306733302808
2025-07-05,P005,S002,158,184.56407755803275
2025-07-05,P005,S003,149,140.95997789619514
2025-07-06,P001,S001,151,147.31965618815912
2025-07-06,P001,S002,160,171.9435188999105
2025-07-06,P001,S003,131,132.8108906958655
2025-07-06,P002,S001,175,176.4917410141652
2025-07-06,P002,S002,185,214.08351698550132
2025-07-06,P002,S003,163,167.41394463361848
2025-07-06,P003,S001,134,153.18952947807065
2025-07-06,P003,S002,125,144.60927778374435
2025-07-06,P003,S003,110,107.99743285052
2025-07-06,P004,S001,195,209.8154838823507
2025-07-06,P004,S002,303,281.34588722432227
2025-07-06,P004,S003,191,190.04554823056196
2025-07-06,P005,S001,159,187.1346338096223
2025-07-06,P005,S002,204,215.11905310464545
2025-07-06,P005,S003,126,144.1788399068564
2025-07-07,P001,S001,129,131.33769629987137
2025-07-07,P001,S002,187,183.35652688904474
2025-07-07,P001,S003,98,116.75264154230399
2025-07-07,P002,S001,147,161.22984049741262
2025-07-07,P002,S002,200,190.54879232515168
2025-07-07,P002,S003,170,182.09976694583202
2025-07-07,P003,S001,112,105.30217909682369
2025-07-07,P003,S002,134,122.60564656063389
2025-07-07,P003,S003,93,91.66824507089586
2025-07-07,P004,S001,173,189.627147666803
2025-07-07,P004,S002,222,271.5272746711571
2025-07-07,P004,S003,186,172.8896529401909
2025-07-07,P005,S001,140,140.10560747907903
2025-07-07,P005,S002,181,198.8320005108776
2025-07-07,P005,S003,127,124.57058435415956
2025-07-08,P001,S001,121,134.48511729237725
2025-07-08,P001,S002,155,154.2862562964342
2025-07-08,P001,S003,113,112.9006103670713
2025-07-08,P002,S001,175,196.10649696084147
2025-07-08,P002,S002,190,191.07130007408887
2025-07-08,P002,S003,128,150.95230438134695
2025-07-08,P003,S001,97,105.88817848777671
2025-07-08,P003,S002,132,125.22505544122578
2025-07-08,P003,S003,124,124.09861481204052
2025-07-08,P004,S001,205,193.49421747456518
2025-07-08,P004,S002,203,233.51558378667096
2025-07-08,P004,S003,174,205.9776927891271
2025-07-08,P005,S001,168,172.75509461856836
2025-07-08,P005,S002,148,171.831470926802
2025-07-08,P005,S003,126,127.19764116785018
2025-07-09,P001,S001,123,134.48178063133628
2025-07-09,P001,S002,149,155.60651825434434
2025-07-09,P001,S003,123,118.22530037630304
2025-07-09,P002,S001,158,165.96856853155896
2025-07-09,P002,S002,195,190.45481827813728
2025-07-09,P002,S003,178,182.90246642785496
2025-07-09,P003,S001,124,137.6263131442861
2025-07-09,P003,S002,134,161.48767138474386
2025-07-09,P003,S003,128,127.815550119602
2025-07-09,P004,S001,241,224.98304724448644
2025-07-09,P004,S002,225,230.62312465550576
2025-07-09,P004,S003,191,208.10245138225946
2025-07-09,P005,S001,133,145.0548184623167
2025-07-09,P005,S002,174,170.26075585869785
2025-07-09,P005,S003,123,130.24432546138132
2025-07-10,P001,S001,130,133.90748413463234
2025-07-10,P001,S002,192,191.6082802036899
2025-07-10,P001,S003,114,118.78610285168679
2025-07-10,P002,S001,151,164.92150761539142
2025-07-10,P002,S002,161,199.1088172594682
2025-07-10,P002,S003,130,187.41890440112593
2025-07-10,P003,S001,129,141.80869985459412
2025-07-10,P003,S002,124,129.36968326262604
2025-07-10,P003,S003,131,136.19388091373867
2025-07-10,P004,S001,199,201.68648614818449
2025-07-10,P004,S002,208,235.12060280134983
2025-07-10,P004,S003,193,211.38020603868745
2025-07-10,P005,S001,131,143.39559813304095
2025-07-10,P005,S002,157,171.66298122387707
2025-07-10,P005,S003,118,131.05628381222823
2025-07-11,P001,S001,124,139.2481071992156
2025-07-11,P001,S002,123,164.44289469973
2025-07-11,P001,S003,129,123.33962237290234
2025-07-11,P002,S001,166,165.9761751027877
2025-07-11,P002,S002,182,193.76207144401178
2025-07-11,P002,S003,155,184.7958012602071
2025-07-11,P003,S001,96,114.12035028013088
2025-07-11,P003,S002,133,162.32390083650034
2025-07-11,P003,S003,108,103.80763553988027
2025-07-11,P004,S001,194,200.78636299864638
2025-07-11,P004,S002,223,235.62074795770832
2025-07-11,P004,S003,168,184.87851952949768
2025-07-11,P005,S001,173,176.3736822188962
2025-07-11,P005,S002,190,202.656502680431
2025-07-11,P005,S003,132,130.59496693309893
2025-07-12,P001,S001,121,138.39756830685565
2025-07-12,P001,S002,154,163.7738735059752
2025-07-12,P001,S003,130,126.41356101886504
2025-07-12,P002,S001,169,175.6163163719225
2025-07-12,P002,S002,210,229.72076577294365
2025-07-12,P002,S003,164,158.76470049738964
2025-07-12,P003,S001,130,116.45153406143481
2025-07-12,P003,S002,124,137.32030724798187
2025-07-12,P003,S003,98,106.01345308293776
2025-07-12,P004,S001,207,203.18986654199716
2025-07-12,P004,S002,266,245.58412954412734
2025-07-12,P004,S003,175,183.68065551516156
2025-07-12,P005,S001,170,185.2617727415677
2025-07-12,P005,S002,164,179.223219792284
2025-07-12,P005,S003,144,138.22405398916453
2025-07-13,P001,S001,179,172.931358013107
2025-07-13,P001,S002,135,165.74879197632845
2025-07-13,P001,S003,121,129.07252847049403
2025-07-13,P002,S001,204,173.68769213388487
2025-07-13,P002,S002,238,238.02977888952273
2025-07-13,P002,S003,144,162.22745401750535
2025-07-13,P003,S001,130,121.62443624039088
2025-07-13,P003,S002,127,139.28002283028036
2025-07-13,P003,S003,90,109.38212645260319
2025-07-13,P004,S001,221,207.96411704799903
2025-07-13,P004,S002,213,248.96407177732544
2025-07-13,P004,S003,229,220.35044989720564
2025-07-13,P005,S001,182,187.49703682382597
2025-07-13,P005,S002,200,210.89813112164893
2025-07-13,P005,S003,109,138.04308436011343
2025-07-14,P001,S001,133,128.73486966072687
2025-07-14,P001,S002,123,148.5696749034687
2025-07-14,P001,S003,143,141.9473942152904
2025-07-14,P002,S001,172,190.75989528181117
2025-07-14,P002,S002,205,190.67793891007022
2025-07-14,P002,S003,141,144.7123552330122
2025-07-14,P003,S001,103,104.91117852049183
2025-07-14,P003,S002,117,122.67319761081944
2025-07-14,P003,S003,90,90.59898628247356
2025-07-14,P004,S001,242,222.24635125183295
2025-07-14,P004,S002,210,225.4284989914113
2025-07-14,P004,S003,215,208.8487074755476
2025-07-14,P005,S001,136,138.10423872341335
2025-07-14,P005,S002,165,164.5468353510737
2025-07-14,P005,S003,132,119.77571054402097
2025-07-15,P001,S001,127,128.95245604150205
2025-07-15,P001,S002,173,175.17431403829187
2025-07-15,P001,S003,115,116.02053415389992
2025-07-15,P002,S001,191,196.86276927989002
2025-07-15,P002,S002,187,192.45448883743757
2025-07-15,P002,S003,125,143.8672864180353
2025-07-15,P003,S001,103,103.96661398776223
2025-07-15,P003,S002,138,155.0184659718493
2025-07-15,P003,S003,112,125.71873335112787
2025-07-15,P004,S001,201,202.42017413575877
2025-07-15,P004,S002,244,223.72362483108418
2025-07-15,P004,S003,155,175.79677114839933
2025-07-15,P005,S001,121,139.58668704260526
2025-07-15,P005,S002,153,164.1181835768075
2025-07-15,P005,S003,121,122.59905499574688
2025-07-16,P001,S001,112,129.75764475779624
2025-07-16,P001,S002,146,150.36001750559444
2025-07-16,P001,S003,116,115.94510496183284
2025-07-16,P002,S001,173,198.98682368394975
2025-07-16,P002,S002,176,190.70804671596898
2025-07-16,P002,S003,147,147.67666301724694
2025-07-16,P003,S001,99,107.72859019560201
2025-07-16,P003,S002,132,157.51674037257044
2025-07-16,P003,S003,103,128.33869531967912
2025-07-16,P004,S001,185,199.6637482145943
2025-07-16,P004,S002,195,229.5637717245727
2025-07-16,P004,S003,181,176.92128948702248
2025-07-16,P005,S001,141,138.39612090031505
2025-07-16,P005,S002,168,165.00708552919423
2025-07-16,P005,S003,137,123.0652673182176
2025-07-17,P001,S001,118,128.66799579098733
2025-07-17,P001,S002,142,154.04837263765012
2025-07-17,P001,S003,118,117.35426511397509
2025-07-17,P002,S001,162,167.23249410244443
2025-07-17,P002,S002,182,192.41206288946978
2025-07-17,P002,S003,179,178.21384371680733
2025-07-17,P003,S001,105,108.94420071732293
2025-07-17,P003,S002,132,126.30063801298547
2025-07-17,P003,S003,113,132.39528805307555
2025-07-17,P004,S001,235,229.7628018942969
2025-07-17,P004,S002,201,227.68127576817642
2025-07-17,P004,S003,179,178.96216978040957
2025-07-17,P005,S001,146,173.93064452708677
2025-07-17,P005,S002,152,168.79143899617338
2025-07-17,P005,S003,118,127.1112407381388
2025-07-18,P001,S001,134,133.24503656067463
2025-07-18,P001,S002,137,150.2492032329651
2025-07-18,P001,S003,116,122.35730239585791
2025-07-18,P002,S001,153,168.2541037545284
2025-07-18,P002,S002,187,194.31274100474366
2025-07-18,P002,S003,143,152.75641450830608
2025-07-18,P003,S001,117,140.04737226388124
2025-07-18,P003,S002,99,128.19989214234556
2025-07-18,P003,S003,89,100.09940353920683
2025-07-18,P004,S001,179,203.0871008283184
2025-07-18,P004,S002,232,229.88500326317217
2025-07-18,P004,S003,163,183.51681704405883
2025-07-18,P005,S001,134,145.97705620285114
2025-07-18,P005,S002,154,169.546543232173
2025-07-18,P005,S003,125,128.33418717148015
2025-07-19,P001,S001,137,135.0181759424604
2025-07-19,P001,S002,173,155.7813981456743
2025-07-19,P001,S003,153,155.14656111251588
2025-07-19,P002,S001,156,171.7657597528978
2025-07-19,P002,S002,185,198.5946520600137
2025-07-19,P002,S003,186,187.459057691839
2025-07-19,P003,S001,115,115.05640702735946
2025-07-19,P003,S002,142,161.2152008734015
2025-07-19,P003,S003,102,101.9135844322036
2025-07-19,P004,S001,227,203.36994747037124
2025-07-19,P004,S002,268,269.4838293913631
2025-07-19,P004,S003,197,214.68982777657175
2025-07-19,P005,S001,160,150.53258926944318
2025-07-19,P005,S002,160,170.4623408500156
2025-07-19,P005,S003,138,133.5491943886027
2025-07-20,P001,S001,143,141.935790766237
2025-07-20,P001,S002,171,158.2393257748654
2025-07-20,P001,S003,132,128.7357593529614
2025-07-20,P002,S001,165,176.85803529087616
2025-07-20,P002,S002,205,202.41372989134834
2025-07-20,P002,S003,178,159.86564145025386
2025-07-20,P003,S001,114,117.21014285007914
2025-07-20,P003,S002,135,133.56550954492923
2025-07-20,P003,S003,112,136.77902017194174
2025-07-20,P004,S001,217,210.34687285060363
2025-07-20,P004,S002,225,240.1398732294806
2025-07-20,P004,S003,181,190.77468714936367
2025-07-20,P005,S001,175,184.0015704687994
2025-07-20,P005,S002,192,208.0212113193611
2025-07-20,P005,S003,162,165.0620542298866
2025-07-21,P001,S001,106,122.97399406767227
2025-07-21,P001,S002,130,144.2449834551503
2025-07-21,P001,S003,107,111.52493650493852
2025-07-21,P002,S001,225,189.05962476373224
2025-07-21,P002,S002,157,185.91508039047312
2025-07-21,P002,S003,180,176.92935471843657
2025-07-21,P003,S001,110,98.48699400372516
2025-07-21,P003,S002,116,118.42752517626695
2025-07-21,P003,S003,95,89.62637867346984
2025-07-21,P004,S001,197,192.9079628076388
2025-07-21,P004,S002,210,218.43997366086978
2025-07-21,P004,S003,185,173.16893443644585
2025-07-21,P005,S001,184,166.79540749391617
2025-07-21,P005,S002,158,160.10977910659722
2025-07-21,P005,S003,114,121.2021857178529
2025-07-22,P001,S001,132,122.09315042401022
2025-07-22,P001,S002,144,145.74383475481727
2025-07-22,P001,S003,160,142.92873369111567
2025-07-22,P002,S001,163,165.78400132105116
2025-07-22,P002,S002,190,183.92514847714074
2025-07-22,P002,S003,151,145.92744805968505
2025-07-22,P003,S001,108,100.46317410140273
2025-07-22,P003,S002,118,120.68521384373526
2025-07-22,P003,S003,90,94.3676810500092
2025-07-22,P004,S001,201,194.15655660622633
2025-07-22,P004,S002,268,250.96125497289995
2025-07-22,P004,S003,173,171.2529996991775
2025-07-22,P005,S001,138,140.474887479505
2025-07-22,P005,S002,158,157.60248874645185
2025-07-22,P005,S003,131,120.36711131845504
2025-07-23,P001,S001,114,124.28634067735402
2025-07-23,P001,S002,134,146.34233034496083
2025-07-23,P001,S003,106,118.47355210227033
2025-07-23,P002,S001,189,193.95898300536146
2025-07-23,P002,S002,188,185.54524727961552
2025-07-23,P002,S003,147,150.47581285253045
2025-07-23,P003,S001,107,104.04509211949971
2025-07-23,P003,S002,124,121.37854397841738
2025-07-23,P003,S003,88,94.79200045778998
2025-07-23,P004,S001,229,228.24324862218145
2025-07-23,P004,S002,251,256.3582141085258
2025-07-23,P004,S003,173,174.5598579960656
2025-07-23,P005,S001,123,140.69005696936802
2025-07-23,P005,S002,157,160.99094356703426
2025-07-23,P005,S003,143,123.09961102336865
2025-07-24,P001,S001,136,126.22367283773337
2025-07-24,P001,S002,149,149.5873630978781
2025-07-24,P001,S003,119,116.00191559817995
2025-07-24,P002,S001,156,166.07614014117917
2025-07-24,P002,S002,190,184.2851301941887
2025-07-24,P002,S003,139,182.8980203311421
2025-07-24,P003,S001,96,106.93334559488812
2025-07-24,P003,S002,142,155.64187720795508
2025-07-24,P003,S003,103,96.73846677392976
2025-07-24,P004,S001,185,203.2407770127802
2025-07-24,P004,S002,214,227.55650607323332
2025-07-24,P004,S003,155,178.4914179136954
2025-07-24,P005,S001,133,140.21477729851222
2025-07-24,P005,S002,177,163.1251117866741
2025-07-24,P005,S003,151,158.02722557500283
2025-07-25,P001,S001,118,131.2219513261016
2025-07-25,P001,S002,154,149.50725239674557
2025-07-25,P001,S003,141,152.62363404659754
2025-07-25,P002,S001,195,198.557550609818
2025-07-25,P002,S002,171,188.79615095130703
2025-07-25,P002,S003,189,183.46967354053095
2025-07-25,P003,S001,92,106.97516716238715
2025-07-25,P003,S002,128,127.50601690343274
2025-07-25,P003,S003,103,97.09217899703117
2025-07-25,P004,S001,162,199.0384344299846
2025-07-25,P004,S002,216,229.86050329651198
2025-07-25,P004,S003,188,208.21415798631278
2025-07-25,P005,S001,134,143.45223863210776
2025-07-25,P005,S002,145,200.44602138232858
2025-07-25,P005,S003,128,131.85056879860076
2025-07-26,P001,S001,147,131.78414936581567
2025-07-26,P001,S002,219,186.86525157503047
2025-07-26,P001,S003,149,158.1246342069362
2025-07-26,P002,S001,228,204.8310531264001
2025-07-26,P002,S002,198,191.962119757472
2025-07-26,P002,S003,182,161.1118807417015
2025-07-26,P003,S001,122,109.65892265009006
2025-07-26,P003,S002,136,129.87581659599073
2025-07-26,P003,S003,117,132.33233338873333
2025-07-26,P004,S001,226,202.3020256453019
2025-07-26,P004,S002,251,235.63756399223485
2025-07-26,P004,S003,227,215.53313518222512
2025-07-26,P005,S001,167,146.18141840910857
2025-07-26,P005,S002,198,167.1797413621257
2025-07-26,P005,S003,149,132.4619744481638
2025-07-27,P001,S001,153,138.84976458657866
2025-07-27,P001,S002,195,193.97762559802186
2025-07-27,P001,S003,137,128.3410393431168
2025-07-27,P002,S001,146,182.52686209727608
2025-07-27,P002,S002,269,229.2662899595034
2025-07-27,P002,S003,167,161.9308249990645
2025-07-27,P003,S001,147,146.27198880178503
2025-07-27,P003,S002,154,164.16101850242467
2025-07-27,P003,S003,105,103.60179249507246
2025-07-27,P004,S001,214,209.4779291584773
2025-07-27,P004,S002,264,267.4943137694536
2025-07-27,P004,S003,174,191.26358942299748
2025-07-27,P005,S001,159,153.19363844838108
2025-07-27,P005,S002,188,178.04414317919327
2025-07-27,P005,S003,184,168.27847322092202
2025-07-28,P001,S001,144,151.98435197251274
2025-07-28,P001,S002,203,175.73850641065656
2025-07-28,P001,S003,115,112.76449391455117
2025-07-28,P002,S001,153,163.56182516298713
2025-07-28,P002,S002,159,184.55488763819676
2025-07-28,P002,S003,154,145.96859232446923
2025-07-28,P003,S001,108,99.88112836947539
2025-07-28,P003,S002,141,117.96386610567288
2025-07-28,P003,S003,91,86.45834147486721
2025-07-28,P004,S001,210,192.74292624990903
2025-07-28,P004,S002,220,222.52180861575061
2025-07-28,P004,S003,159,172.6161337187732
2025-07-28,P005,S001,141,135.79082714434617
2025-07-28,P005,S002,126,159.5158971588985
2025-07-28,P005,S003,144,155.37099433119465
2025-07-29,P001,S001,138,123.61522813807414
2025-07-29,P001,S002,178,184.3694333577041
2025-07-29,P001,S003,102,115.06591042290302
2025-07-29,P002,S001,136,159.70456922945868
2025-07-29,P002,S002,193,181.77190782426305
2025-07-29,P002,S003,149,144.94250157056695
2025-07-29,P003,S001,113,100.18207847963549
2025-07-29,P003,S002,135,121.47585626473938
2025-07-29,P003,S003,95,89.10585073161837
2025-07-29,P004,S001,174,193.93850538359993
2025-07-29,P004,S002,225,225.182102648801
2025-07-29,P004,S003,201,168.62998068197157
2025-07-29,P005,S001,135,132.57818094797994
2025-07-29,P005,S002,157,154.83834211602834
2025-07-29,P005,S003,117,123.46856463253516
2025-07-30,P001,S001,134,124.14385693075565
2025-07-30,P001,S002,158,152.60116575892835
2025-07-30,P001,S003,109,112.07958701806001
2025-07-30,P002,S001,145,160.83207445720336
2025-07-30,P002,S002,175,213.96675896532224
2025-07-30,P002,S003,145,147.10775955598137
2025-07-30,P003,S001,99,102.234839006333
2025-07-30,P003,S002,108,122.55111948590638
2025-07-30,P003,S003,92,90.98663158580393
2025-07-30,P004,S001,192,193.29526472208454
2025-07-30,P004,S002,203,223.4595850192718
2025-07-30,P004,S003,226,207.37301275329992
2025-07-30,P005,S001,151,166.24503853731449
2025-07-30,P005,S002,167,158.75037316235466
2025-07-30,P005,S003,129,125.18399133241246
2025-07-31,P001,S001,144,160.40323186056776
2025-07-31,P001,S002,152,153.71405867730573
2025-07-31,P001,S003,136,146.804672029195
2025-07-31,P002,S001,199,193.5304109693284
2025-07-31,P002,S002,183,184.05985343801512
2025-07-31,P002,S003,125,150.39976174088451
2025-07-31,P003,S001,89,103.01977718224634
2025-07-31,P003,S002,136,123.44343523781754
2025-07-31,P003,S003,99,126.10051837474293
2025-07-31,P004,S001,228,229.69682315681348
2025-07-31,P004,S002,207,220.07328419604346
2025-07-31,P004,S003,167,179.25523124295933
2025-07-31,P005,S001,148,139.97686321212268
2025-07-31,P005,S002,154,162.51759217807512
2025-07-31,P005,S003,131,126.80020494352857
2025-08-01,P001,S001,159,163.6829982414065
2025-08-01,P001,S002,142,157.13707506255378
2025-08-01,P001,S003,99,121.39361592436035
2025-08-01,P002,S001,146,169.6547139739796
2025-08-01,P002,S002,180,185.47706265101806
2025-08-01,P002,S003,133,152.61480308290493
2025-08-01,P003,S001,92,105.34212758551666
2025-08-01,P003,S002,125,125.51204416473274
2025-08-01,P003,S003,87,96.55614585526882
2025-08-01,P004,S001,192,198.6482781213681
2025-08-01,P004,S002,202,223.77984204243694
2025-08-01,P004,S003,158,180.82044578482328
2025-08-01,P005,S001,150,174.73925869209643
2025-08-01,P005,S002,176,161.83257507732196
2025-08-01,P005,S003,126,160.9755355783136
2025-08-02,P001,S001,136,136.67579837478797
2025-08-02,P001,S002,153,164.816087039389
2025-08-02,P001,S003,148,154.63274809069344
2025-08-02,P002,S001,146,168.3000091277445
2025-08-02,P002,S002,199,190.09413458978815
2025-08-02,P002,S003,134,155.0244088499935
2025-08-02,P003,S001,122,109.39662341052963
2025-08-02,P003,S002,114,130.20181149065638
2025-08-02,P003,S003,97,100.3929361321043
2025-08-02,P004,S001,194,205.9302910376564
2025-08-02,P004,S002,242,228.98964078313156
2025-08-02,P004,S003,195,185.00486702621401
2025-08-02,P005,S001,149,149.14756128578665
2025-08-02,P005,S002,167,169.33031289030214
2025-08-02,P005,S003,143,133.53432167954315
2025-08-03,P001,S001,147,139.51793797638948
2025-08-03,P001,S002,158,164.0794865270832
2025-08-03,P001,S003,125,128.0333877835119
2025-08-03,P002,S001,163,165.46017540908497
2025-08-03,P002,S002,223,197.58969028807633
2025-08-03,P002,S003,141,155.59774087101914
2025-08-03,P003,S001,113,115.06485593865227
2025-08-03,P003,S002,169,163.63588245521532
2025-08-03,P003,S003,111,101.85077808493406
2025-08-03,P004,S001,203,205.6294841287595
2025-08-03,P004,S002,228,232.63223979479972
2025-08-03,P004,S003,179,187.50806817447892
2025-08-03,P005,S001,137,151.5786363939319
2025-08-03,P005,S002,149,170.48825211219537
2025-08-03,P005,S003,123,139.50575206738495
2025-08-04,P001,S001,140,152.8698116731166
2025-08-04,P001,S002,188,178.99975928997264
2025-08-04,P001,S003,119,107.75667701416614
2025-08-04,P002,S001,150,155.28109115491225
2025-08-04,P002,S002,206,175.4379362956406
2025-08-04,P002,S003,149,139.40964355440792
2025-08-04,P003,S001,94,96.92801126840277
2025-08-04,P003,S002,106,119.66281360263247
2025-08-04,P003,S003,117,118.12829429627345
2025-08-04,P004,S001,195,189.86542856705
2025-08-04,P004,S002,205,213.75676102925718
2025-08-04,P004,S003,163,168.61305203670145
2025-08-04,P005,S001,122,135.39171396867187
2025-08-04,P005,S002,144,147.9230792081862
2025-08-04,P005,S003,124,117.58830999372867
2025-08-05,P001,S001,110,124.98075687767505
2025-08-05,P001,S002,159,181.74757831827537
2025-08-05,P001,S003,98,112.25180136135077
2025-08-05,P002,S001,161,152.83233705771772
2025-08-05,P002,S002,210,213.8964519201386
2025-08-05,P002,S003,133,140.13021894469375
2025-08-05,P003,S001,110,97.85879786465603
2025-08-05,P003,S002,127,148.64747867854248
2025-08-05,P003,S003,96,90.30387390254782
2025-08-05,P004,S001,167,190.1545542019221
2025-08-05,P004,S002,205,217.67265360916917
2025-08-05,P004,S003,162,172.70953612507356
2025-08-05,P005,S001,129,164.71124803481553
2025-08-05,P005,S002,200,184.4278042164633
2025-08-05,P005,S003,122,118.58773901307814
2025-08-06,P001,S001,112,123.11313693433658
2025-08-06,P001,S002,136,149.63236693051158
2025-08-06,P001,S003,107,110.02525538775308
2025-08-06,P002,S001,130,157.57895778016382
2025-08-06,P002,S002,175,185.13400898965756
2025-08-06,P002,S003,143,140.71917397501056
2025-08-06,P003,S001,125,131.54173885420096
2025-08-06,P003,S002,116,119.75962934014933
2025-08-06,P003,S003,101,90.98894483643153
2025-08-06,P004,S001,225,192.44091194336806
2025-08-06,P004,S002,237,214.72149752269206
2025-08-06,P004,S003,155,175.03242026251564
2025-08-06,P005,S001,157,166.70631060583855
2025-08-06,P005,S002,143,159.2374160812733
2025-08-06,P005,S003,146,154.0995776997852
2025-08-07,P001,S001,125,126.53602352444932
2025-08-07,P001,S002,163,181.2558762786707
2025-08-07,P001,S003,94,115.48905378788686
2025-08-07,P002,S001,153,159.22641647745832
2025-08-07,P002,S002,192,217.4210384135704
2025-08-07,P002,S003,140,141.27572727430788
2025-08-07,P003,S001,137,134.50270706536458
2025-08-07,P003,S002,112,155.57094527591562
2025-08-07,P003,S003,118,127.64761819403839
2025-08-07,P004,S001,218,231.76025253312446
2025-08-07,P004,S002,227,249.8640945893144
2025-08-07,P004,S003,184,171.34308875056558
2025-08-07,P005,S001,119,140.4456914903053
2025-08-07,P005,S002,151,157.3155273129346
2025-08-07,P005,S003,119,127.49973102501417
2025-08-08,P001,S001,153,161.17815055080473
2025-08-08,P001,S002,122,153.6874862592117
2025-08-08,P001,S003,103,115.73962842823948
2025-08-08,P002,S001,140,160.97263381914763
2025-08-08,P002,S002,161,188.44893608649272
2025-08-08,P002,S003,123,148.08109290492575
2025-08-08,P003,S001,93,108.20293916865239
2025-08-08,P003,S002,106,124.16218426727937
2025-08-08,P003,S003,93,99.25255599190587
2025-08-08,P004,S001,234,231.8317779302124
2025-08-08,P004,S002,192,221.30324414865026
2025-08-08,P004,S003,151,177.68641155642445
2025-08-08,P005,S001,161,170.7416906504277
2025-08-08,P005,S002,155,160.26817169444212
2025-08-08,P005,S003,128,158.5708543851274
2025-08-09,P001,S001,124,166.3333936367303
2025-08-09,P001,S002,146,157.7014964414975
2025-08-09,P001,S003,113,121.13404303035804
2025-08-09,P002,S001,177,163.9762900413548
2025-08-09,P002,S002,175,189.99240356748533
2025-08-09,P002,S003,149,179.13915792633134
2025-08-09,P003,S001,106,110.85050949125434
2025-08-09,P003,S002,123,125.2619115704133
2025-08-09,P003,S003,118,132.9630331491203
2025-08-09,P004,S001,200,206.92224592905768
2025-08-09,P004,S002,254,224.52145308964964
2025-08-09,P004,S003,188,181.34382304961036
2025-08-09,P005,S001,161,178.06409394141883
2025-08-09,P005,S002,157,164.30467559548515
2025-08-09,P005,S003,126,131.85736428820746
2025-08-10,P001,S001,133,135.9506610661083
2025-08-10,P001,S002,146,158.4604953716157
2025-08-10,P001,S003,121,122.170143256149
2025-08-10,P002,S001,155,166.70945399643324
2025-08-10,P002,S002,216,230.04851102285465
2025-08-10,P002,S003,173,183.90421458642822
2025-08-10,P003,S001,102,113.71159861425394
2025-08-10,P003,S002,109,132.6706500826167
2025-08-10,P003,S003,109,105.05672855634793
2025-08-10,P004,S001,183,207.53943706834343
2025-08-10,P004,S002,236,231.99311982831523
2025-08-10,P004,S003,194,181.92256810342224
2025-08-10,P005,S001,145,149.5269901550987
2025-08-10,P005,S002,190,197.84846535268525
2025-08-10,P005,S003,131,135.27173501703055
2025-08-11,P001,S001,129,119.72237520599947
2025-08-11,P001,S002,154,145.2398888355815
2025-08-11,P001,S003,96,105.22928859237072
2025-08-11,P002,S001,169,149.13789385638347
2025-08-11,P002,S002,205,179.4091232227952
2025-08-11,P002,S003,164,170.33936465434454
2025-08-11,P003,S001,103,95.33571121389741
2025-08-11,P003,S002,115,110.65495147722913
2025-08-11,P003,S003,80,88.15573853158821
2025-08-11,P004,S001,174,189.85402908142623
2025-08-11,P004,S002,206,213.07868138852973
2025-08-11,P004,S003,155,165.89384750756517
2025-08-11,P005,S001,140,130.8288549249296
2025-08-11,P005,S002,138,149.14844842646744
2025-08-11,P005,S003,115,118.1536817366864
2025-08-12,P001,S001,116,121.37956544325834
2025-08-12,P001,S002,131,144.66062170471469
2025-08-12,P001,S003,111,103.55970906674156
2025-08-12,P002,S001,156,153.2225306491673
2025-08-12,P002,S002,129,183.73095524067458
2025-08-12,P002,S003,129,139.6623726295179
2025-08-12,P003,S001,109,130.47762040753423
2025-08-12,P003,S002,133,146.1452037968952
2025-08-12,P003,S003,96,87.15797335335355
2025-08-12,P004,S001,201,219.81215997117988
2025-08-12,P004,S002,247,244.01787618028766
2025-08-12,P004,S003,147,168.86251892946711
2025-08-12,P005,S001,147,164.99712368639894
2025-08-12,P005,S002,170,184.88860606650996
2025-08-12,P005,S003,132,148.85409768246473
2025-08-13,P001,S001,123,121.30687576190576
2025-08-13,P001,S002,151,174.82926293983428
2025-08-13,P001,S003,109,108.2805586294312
2025-08-13,P002,S001,206,184.32909189105158
2025-08-13,P002,S002,175,175.28083213875288
2025-08-13,P002,S003,124,140.2045924422805
2025-08-13,P003,S001,104,100.7863286317156
2025-08-13,P003,S002,142,147.9606109045776
2025-08-13,P003,S003,96,90.88482164363859
2025-08-13,P004,S001,175,196.52007158000515
2025-08-13,P004,S002,257,250.7785624467033
2025-08-13,P004,S003,155,169.89262032046645
2025-08-13,P005,S001,124,137.28253656661172
2025-08-13,P005,S002,158,153.57037049819792
2025-08-13,P005,S003,100,123.45844590977822
2025-08-14,P001,S001,126,125.38556214089203
2025-08-14,P001,S002,167,149.50425874339453
2025-08-14,P001,S003,107,110.4711429277204
2025-08-14,P002,S001,160,164.3436723001223
2025-08-14,P002,S002,175,180.79952487629907
2025-08-14,P002,S003,156,140.4175084833396
2025-08-14,P003,S001,103,102.79338530257064
2025-08-14,P003,S002,106,121.94635932204756
2025-08-14,P003,S003,66,95.07965205537721
2025-08-14,P004,S001,162,196.1927832295496
2025-08-14,P004,S002,184,223.84364109450098
2025-08-14,P004,S003,157,169.1534811133738
2025-08-14,P005,S001,118,135.53620346624075
2025-08-14,P005,S002,140,155.22342291008454
2025-08-14,P005,S003,127,121.4081943558308
2025-08-15,P001,S001,199,203.96063211138517
2025-08-15,P001,S002,161,192.2820528476218
2025-08-15,P001,S003,137,153.87113842034432
2025-08-15,P002,S001,179,202.5568902103946
2025-08-15,P002,S002,230,255.01638539336454
2025-08-15,P002,S003,178,187.93892307311717
2025-08-15,P003,S001,123,144.88429092350952
2025-08-15,P003,S002,138,163.10118995180483
2025-08-15,P003,S003,117,134.36285943997063
2025-08-15,P004,S001,248,268.8225630473412
2025-08-15,P004,S002,268,291.5968136228603
2025-08-15,P004,S003,212,212.0327387527791
2025-08-15,P005,S001,176,182.38535265260907
2025-08-15,P005,S002,158,200.1508555295195
2025-08-15,P005,S003,157,168.47141807048274
2025-08-16,P001,S001,148,136.87132666312982
2025-08-16,P001,S002,148,155.09729736617646
2025-08-16,P001,S003,124,120.0748998676313
2025-08-16,P002,S001,196,198.28727862333972
2025-08-16,P002,S002,199,190.9249663637156
2025-08-16,P002,S003,146,153.16719141714702
2025-08-16,P003,S001,114,109.75473693020058
2025-08-16,P003,S002,110,126.3431778702261
2025-08-16,P003,S003,92,100.26646952050442
2025-08-16,P004,S001,201,203.158596772264
2025-08-16,P004,S002,213,232.9412847771914
2025-08-16,P004,S003,177,180.95972981077375
2025-08-16,P005,S001,162,147.06903969894665
2025-08-16,P005,S002,143,160.82962601017334
2025-08-16,P005,S003,125,131.99516431934126
2025-08-17,P001,S001,126,138.9982040568275
2025-08-17,P001,S002,161,157.3340581644129
2025-08-17,P001,S003,152,153.27106025790772
2025-08-17,P002,S001,178,170.8091743796299
2025-08-17,P002,S002,182,195.88683686949935
2025-08-17,P002,S003,132,154.18783391792704
2025-08-17,P003,S001,106,111.79725865165165
2025-08-17,P003,S002,124,128.29012245199283
2025-08-17,P003,S003,103,100.44781724322684
2025-08-17,P004,S001,205,201.2285794920076
2025-08-17,P004,S002,234,230.90076880595825
2025-08-17,P004,S003,229,212.34219925712887
2025-08-17,P005,S001,146,147.6806390072761
2025-08-17,P005,S002,153,162.8518545544889
2025-08-17,P005,S003,130,132.31221930815082
2025-08-18,P001,S001,126,121.21684955313594
2025-08-18,P001,S002,148,145.580215372393
2025-08-18,P001,S003,109,107.78323356033889
2025-08-18,P002,S001,151,155.0308860247187
2025-08-18,P002,S002,171,176.9613716256581
2025-08-18,P002,S003,140,137.33118001608273
2025-08-18,P003,S001,111,94.50181545727037
2025-08-18,P003,S002,122,111.92537285168055
2025-08-18,P003,S003,97,84.59977591493544
2025-08-18,P004,S001,192,218.40790733901758
2025-08-18,P004,S002,210,214.35471285057656
2025-08-18,P004,S003,203,199.38525639537693
2025-08-18,P005,S001,144,130.72983273881528
2025-08-18,P005,S002,147,144.26601008695798
2025-08-18,P005,S003,99,116.42045696877176
2025-08-19,P001,S001,116,121.56259560267245
2025-08-19,P001,S002,131,144.315937660906
2025-08-19,P001,S003,118,138.50122577398133
2025-08-19,P002,S001,143,155.81197216671853
2025-08-19,P002,S002,169,175.0138539414056
2025-08-19,P002,S003,137,136.4580508819331
2025-08-19,P003,S001,102,98.58483521581866
2025-08-19,P003,S002,112,116.00743044138062
2025-08-19,P003,S003,90,87.02551272482378
2025-08-19,P004,S001,188,187.94064993081975
2025-08-19,P004,S002,197,215.81193307037074
2025-08-19,P004,S003,140,169.20297991594225
2025-08-19,P005,S001,127,133.9889116198533
2025-08-19,P005,S002,150,151.42228055571422
2025-08-19,P005,S003,114,149.15969124020376
2025-08-20,P001,S001,100,122.9119287604085
2025-08-20,P001,S002,144,144.30278614729832
2025-08-20,P001,S003,101,109.67607471751444
2025-08-20,P002,S001,153,159.1660275186655
2025-08-20,P002,S002,183,177.22112193296016
2025-08-20,P002,S003,137,138.62953256558194
2025-08-20,P003,S001,92,100.80930486690113
2025-08-20,P003,S002,125,116.75488723820763
2025-08-20,P003,S003,84,88.69052226557369
2025-08-20,P004,S001,195,222.6744107842983
2025-08-20,P004,S002,218,249.76609409895082
2025-08-20,P004,S003,157,167.51304177273914
2025-08-20,P005,S001,162,166.6307359317707
2025-08-20,P005,S002,110,148.96981392037287
2025-08-20,P005,S003,102,118.45649319458062
2025-08-21,P001,S001,130,157.10310237296744
2025-08-21,P001,S002,138,150.15611838729228
2025-08-21,P001,S003,113,111.27948764978328
2025-08-21,P002,S001,159,157.82162824239595
2025-08-21,P002,S002,176,182.7424344600745
2025-08-21,P002,S003,125,141.56290662630863
2025-08-21,P003,S001,96,102.83348261936271
2025-08-21,P003,S002,120,118.08069115966191
2025-08-21,P003,S003,98,121.67236947420679
2025-08-21,P004,S001,182,193.4171925418982
2025-08-21,P004,S002,190,218.25057752403882
2025-08-21,P004,S003,168,171.9635904082993
2025-08-21,P005,S001,127,136.79424346831092
2025-08-21,P005,S002,125,147.05340135951747
2025-08-21,P005,S003,137,152.2102634296457
2025-08-22,P001,S001,131,165.98789313209454
2025-08-22,P001,S002,123,149.21633977989313
2025-08-22,P001,S003,113,114.73267233262732
2025-08-22,P002,S001,136,161.3943279030409
2025-08-22,P002,S002,193,185.72696979235252
2025-08-22,P002,S003,125,142.50954871637396
2025-08-22,P003,S001,97,104.01744583273648
2025-08-22,P003,S002,131,122.07411309310055
2025-08-22,P003,S003,83,95.22796509197997
2025-08-22,P004,S001,200,200.73492268953805
2025-08-22,P004,S002,238,251.62052993784982
2025-08-22,P004,S003,186,176.25872023340344
2025-08-22,P005,S001,140,142.0540617805309
2025-08-22,P005,S002,148,150.62836576105383
2025-08-22,P005,S003,118,127.42988019436916
2025-08-23,P001,S001,135,132.36677451075911
2025-08-23,P001,S002,155,150.90653174378212
2025-08-23,P001,S003,156,148.90456625313163
2025-08-23,P002,S001,197,162.96213224745225
2025-08-23,P002,S002,189,187.93675111877928
2025-08-23,P002,S003,190,175.08490219312125
2025-08-23,P003,S001,116,106.03248010795778
2025-08-23,P003,S002,125,125.18040060868543
2025-08-23,P003,S003,113,128.3656866212341
2025-08-23,P004,S001,245,229.89716229693158
2025-08-23,P004,S002,241,255.9737450463499
2025-08-23,P004,S003,210,211.29015358395736
2025-08-23,P005,S001,143,144.5191071405884
2025-08-23,P005,S002,211,185.68951369561273
2025-08-23,P005,S003,136,126.27759610138264
2025-08-24,P001,S001,163,165.81311038719014
2025-08-24,P001,S002,203,188.0490475664169
2025-08-24,P001,S003,145,157.40397903277517
2025-08-24,P002,S001,182,168.52058396159327
2025-08-24,P002,S002,190,191.0741247398787
2025-08-24,P002,S003,128,152.88750002501592
2025-08-24,P003,S001,111,109.49918372212824
2025-08-24,P003,S002,134,127.17421018662299
2025-08-24,P003,S003,107,101.59045887997854
2025-08-24,P004,S001,175,204.23053272142897
2025-08-24,P004,S002,203,228.21019067612906
2025-08-24,P004,S003,179,188.54892125336983
2025-08-24,P005,S001,139,145.5800227229538
2025-08-24,P005,S002,182,163.68373551049353
2025-08-24,P005,S003,119,129.9431603503158
2025-08-25,P001,S001,137,121.7527450488551
2025-08-25,P001,S002,138,145.9149344345401
2025-08-25,P001,S003,95,106.03924147381167
2025-08-25,P002,S001,173,183.54098290983893
2025-08-25,P002,S002,182,207.04877795132143
2025-08-25,P002,S003,120,132.22716742243983
2025-08-25,P003,S001,108,94.72660460057978
2025-08-25,P003,S002,114,112.57244508746135
2025-08-25,P003,S003,96,84.13702696241626
2025-08-25,P004,S001,205,184.25978942249048
2025-08-25,P004,S002,184,207.41266849283375
2025-08-25,P004,S003,175,167.34679150604325
2025-08-25,P005,S001,128,129.7723895510121
2025-08-25,P005,S002,141,145.61201093513773
2025-08-25,P005,S003,109,110.93288170558162
2025-08-26,P001,S001,120,153.7266520311814
2025-08-26,P001,S002,159,172.58011548622198
2025-08-26,P001,S003,116,105.56229369513812
2025-08-26,P002,S001,163,150.840992840303
2025-08-26,P002,S002,191,206.47873643259936
2025-08-26,P002,S003,146,130.6602088775794
2025-08-26,P003,S001,101,97.1987759695171
2025-08-26,P003,S002,111,114.28264688720446
2025-08-26,P003,S003,122,117.78375192971043
2025-08-26,P004,S001,185,189.40819287675458
2025-08-26,P004,S002,218,208.89595398601386
2025-08-26,P004,S003,158,163.9033294107985
2025-08-26,P005,S001,146,130.15068885506662
2025-08-26,P005,S002,149,146.3588173150547
2025-08-26,P005,S003,112,114.65430713972364
2025-08-27,P001,S001,112,122.55908519564673
2025-08-27,P001,S002,158,146.28559299828294
2025-08-27,P001,S003,101,107.64361601051905
2025-08-27,P002,S001,190,188.55134603906208
2025-08-27,P002,S002,153,177.87496419359877
2025-08-27,P002,S003,115,134.05167284973095
2025-08-27,P003,S001,90,97.14658267688719
2025-08-27,P003,S002,104,116.76087630021766
2025-08-27,P003,S003,87,90.55349590476817
2025-08-27,P004,S001,199,189.26688893123855
2025-08-27,P004,S002,266,245.47010928383088
2025-08-27,P004,S003,191,166.60442399480098
2025-08-27,P005,S001,136,134.09677892236823
2025-08-27,P005,S002,176,176.86640214431873
2025-08-27,P005,S003,120,113.16628461921437
2025-08-28,P001,S001,114,125.85235985223699
2025-08-28,P001,S002,133,148.3948272914613
2025-08-28,P001,S003,108,109.4176224833841
2025-08-28,P002,S001,155,160.03529415042112
2025-08-28,P002,S002,173,177.94602446306726
2025-08-28,P002,S003,144,134.74989300948528
2025-08-28,P003,S001,95,99.0202643973671
2025-08-28,P003,S002,111,115.71581385100353
2025-08-28,P003,S003,91,90.44079810733547
2025-08-28,P004,S001,217,222.41821078870726
2025-08-28,P004,S002,192,215.94126637461613
2025-08-28,P004,S003,163,173.74556772070991
2025-08-28,P005,S001,169,165.26310053717043
2025-08-28,P005,S002,180,183.64958546392745
2025-08-28,P005,S003,103,118.70359754021274
2025-08-29,P001,S001,137,163.26543423267958
2025-08-29,P001,S002,152,147.32907738691074
2025-08-29,P001,S003,138,145.86874623156837
2025-08-29,P002,S001,162,161.04766886768948
2025-08-29,P002,S002,156,184.52865284350537
2025-08-29,P002,S003,133,140.34412279304934
2025-08-29,P003,S001,103,102.39170859982505
2025-08-29,P003,S002,111,119.76896282941107
2025-08-29,P003,S003,87,94.91267727130707
2025-08-29,P004,S001,195,233.11592778653085
2025-08-29,P004,S002,187,220.0081143387688
2025-08-29,P004,S003,159,178.08598125050048
2025-08-29,P005,S001,137,143.31369534694159
2025-08-29,P005,S002,153,158.4815597101706
2025-08-29,P005,S003,130,120.27715699359351
2025-08-30,P001,S001,137,133.37937359368516
2025-08-30,P001,S002,182,152.2469771907554
2025-08-30,P001,S003,149,153.07884130181083
2025-08-30,P002,S001,153,169.6175670432931
2025-08-30,P002,S002,214,215.25248211981398
2025-08-30,P002,S003,142,143.38785501726625
2025-08-30,P003,S001,110,105.93536577175837
2025-08-30,P003,S002,127,120.8501357776986
2025-08-30,P003,S003,91,97.58461888467491
2025-08-30,P004,S001,232,234.85597647340865
2025-08-30,P004,S002,215,218.44456730303955
2025-08-30,P004,S003,236,208.75772576349073
2025-08-30,P005,S001,144,143.22626069870148
2025-08-30,P005,S002,169,161.427893194043
2025-08-30,P005,S003,132,123.94376524433892
2025-08-31,P001,S001,153,168.1601669142724
2025-08-31,P001,S002,174,160.41465964512372
2025-08-31,P001,S003,123,124.91513686146845
2025-08-31,P002,S001,194,199.1943773678422
2025-08-31,P002,S002,199,189.58482109536226
2025-08-31,P002,S003,135,142.3833014185866
2025-08-31,P003,S001,138,140.4165961066924
2025-08-31,P003,S002,126,125.18985368827134
2025-08-31,P003,S003,96,99.90826375670304
2025-08-31,P004,S001,191,203.87406959810824
2025-08-31,P004,S002,256,221.45073982556096
2025-08-31,P004,S003,166,186.77366130283417
2025-08-31,P005,S001,192,177.00284028545775
2025-08-31,P005,S002,147,163.91372807090465
2025-08-31,P005,S003,115,125.9985839850242
2025-09-01,P001,S001,129,120.0069205751447
2025-09-01,P001,S002,138,141.12970365078445
2025-09-01,P001,S003,103,104.47854431621909
2025-09-01,P002,S001,139,153.74040950803692
2025-09-01,P002,S002,221,205.13194089228637
2025-09-01,P002,S003,138,126.89259329231027
2025-09-01,P003,S001,91,96.94568004342773
2025-09-01,P003,S002,104,108.42254971200555
2025-09-01,P003,S003,97,84.15635358253121
2025-09-01,P004,S001,161,187.3585754571327
2025-09-01,P004,S002,188,209.10810465255463
2025-09-01,P004,S003,174,166.58285445612228
2025-09-01,P005,S001,125,133.82269175854026
2025-09-01,P005,S002,139,143.7033297748676
2025-09-01,P005,S003,119,107.69236300248667
2025-09-02,P001,S001,121,119.90515129581718
2025-09-02,P001,S002,161,173.4631541859253
2025-09-02,P001,S003,112,138.1220815468464
2025-09-02,P002,S001,151,151.91694930826725
2025-09-02,P002,S002,178,179.1940148169424
2025-09-02,P002,S003,135,131.33884070888553
2025-09-02,P003,S001,96,95.09272980737023
2025-09-02,P003,S002,142,141.53706448541743
2025-09-02,P003,S003,87,87.98800238870172
2025-09-02,P004,S001,162,185.82083273696708
2025-09-02,P004,S002,194,207.71893867739027
2025-09-02,P004,S003,159,164.97489594830267
2025-09-02,P005,S001,137,131.99266240776842
2025-09-02,P005,S002,192,177.3035992131745
2025-09-02,P005,S003,114,110.85488423533934
2025-09-03,P001,S001,143,152.0845038371499
2025-09-03,P001,S002,130,146.8594636342591
2025-09-03,P001,S003,92,107.49747888649881
2025-09-03,P002,S001,135,156.29759359970785
2025-09-03,P002,S002,168,176.94920538935366
2025-09-03,P002,S003,133,132.15862800557125
2025-09-03,P003,S001,98,96.22736108684421
2025-09-03,P003,S002,122,145.63230436565664
2025-09-03,P003,S003,110,118.82344154674047
2025-09-03,P004,S001,147,188.14182179863155
2025-09-03,P004,S002,218,212.47136006025266
2025-09-03,P004,S003,166,168.55311359401958
2025-09-03,P005,S001,151,167.92035235916
2025-09-03,P005,S002,164,183.73924269795498
2025-09-03,P005,S003,107,112.87372154550667
2025-09-04,P001,S001,118,125.96039475753196
2025-09-04,P001,S002,125,144.11292311130364
2025-09-04,P001,S003,119,108.89627819499992
2025-09-04,P002,S001,165,155.4903226400579
2025-09-04,P002,S002,182,179.27980559239086
2025-09-04,P002,S003,177,166.99148581137706
2025-09-04,P003,S001,110,99.94032062305223
2025-09-04,P003,S002,113,116.51426115729919
2025-09-04,P003,S003,109,123.60935851282238
2025-09-04,P004,S001,181,187.66466035098074
2025-09-04,P004,S002,229,210.81026481827257
2025-09-04,P004,S003,165,170.3509134016099
2025-09-04,P005,S001,134,140.33005055049352
2025-09-04,P005,S002,157,155.1290204795364
2025-09-04,P005,S003,109,115.47752490450921
2025-09-05,P001,S001,119,128.61036112714874
2025-09-05,P001,S002,146,145.39393757839616
2025-09-05,P001,S003,140,146.99564472199427
2025-09-05,P002,S001,156,158.69414482417324
2025-09-05,P002,S002,161,181.79843754468675
2025-09-05,P002,S003,146,173.24844197728225
2025-09-05,P003,S001,114,136.0141747334469
2025-09-05,P003,S002,121,118.79384370566186
2025-09-05,P003,S003,75,94.18422382976678
2025-09-05,P004,S001,158,192.62855697829127
2025-09-05,P004,S002,183,218.04150831302832
2025-09-05,P004,S003,166,173.6343483442256
2025-09-05,P005,S001,127,141.05249809554152
2025-09-05,P005,S002,146,186.74902753808828
2025-09-05,P005,S003,132,118.8377447260309
2025-09-06,P001,S001,131,131.502418948181
2025-09-06,P001,S002,152,184.544278346606
2025-09-06,P001,S003,142,153.9354361310884
2025-09-06,P002,S001,195,164.279441340198
2025-09-06,P002,S002,177,185.9329189261448
2025-09-06,P002,S003,166,146.38837824507573
2025-09-06,P003,S001,136,140.4004426899528
2025-09-06,P003,S002,141,122.55596926302997
2025-09-06,P003,S003,91,96.20652565822866
2025-09-06,P004,S001,198,195.86130317099378
2025-09-06,P004,S002,296,250.07741893381535
2025-09-06,P004,S003,195,182.0308504032232
2025-09-06,P005,S001,170,174.10501905864749
2025-09-06,P005,S002,186,192.7786044561285
2025-09-06,P005,S003,157,154.82813643069767
2025-09-07,P001,S001,127,137.46837929025878
2025-09-07,P001,S002,176,188.0265145179019
2025-09-07,P001,S003,112,124.06467540567655
2025-09-07,P002,S001,153,171.68054015016287
2025-09-07,P002,S002,245,218.9826631874671
2025-09-07,P002,S003,119,147.35149473996398
2025-09-07,P003,S001,105,113.29713074519896
2025-09-07,P003,S002,113,127.44723094252959
2025-09-07,P003,S003,92,98.71523956229112
2025-09-07,P004,S001,202,194.45919511889224
2025-09-07,P004,S002,226,229.58430291366358
2025-09-07,P004,S003,183,180.20497687933857
2025-09-07,P005,S001,133,151.6659808032432
2025-09-07,P005,S002,147,164.45575228115194
2025-09-07,P005,S003,139,158.58898903534418
2025-09-08,P001,S001,103,117.48827381334922
2025-09-08,P001,S002,127,138.32185658424714
2025-09-08,P001,S003,102,103.26908218309973
2025-09-08,P002,S001,174,182.3549474897468
2025-09-08,P002,S002,156,178.63371525333514
2025-09-08,P002,S003,175,160.52116064924212
2025-09-08,P003,S001,105,93.21843389117475
2025-09-08,P003,S002,139,140.00052029667359
2025-09-08,P003,S003,70,82.82905338482306
2025-09-08,P004,S001,167,178.03941040348582
2025-09-08,P004,S002,186,206.88324398982604
2025-09-08,P004,S003,146,165.5462895928331
2025-09-08,P005,S001,129,128.38874579750518
2025-09-08,P005,S002,159,175.70808425755376
2025-09-08,P005,S003,130,142.16054829207224
2025-09-09,P001,S001,115,116.78513736347941
2025-09-09,P001,S002,125,139.79762201955737
2025-09-09,P001,S003,115,106.75467033317273
2025-09-09,P002,S001,203,186.49279121844074
2025-09-09,P002,S002,186,173.7924467990274
2025-09-09,P002,S003,127,137.3649486819245
2025-09-09,P003,S001,97,95.93680024421337
2025-09-09,P003,S002,99,114.72832570606124
2025-09-09,P003,S003,91,83.47423288370919
2025-09-09,P004,S001,144,176.96488129173804
2025-09-09,P004,S002,176,207.66074220736937
2025-09-09,P004,S003,194,195.0656226230044
2025-09-09,P005,S001,133,131.4778783992424
2025-09-09,P005,S002,136,151.18013066267667
2025-09-09,P005,S003,115,112.84242071907693
2025-09-10,P001,S001,98,120.18754776847618
2025-09-10,P001,S002,178,171.59111368122694
2025-09-10,P001,S003,112,139.68881869771485
2025-09-10,P002,S001,168,161.82060200088927
2025-09-10,P002,S002,192,175.10830191409696
2025-09-10,P002,S003,172,166.2426683806434
2025-09-10,P003,S001,100,97.61251717667983
2025-09-10,P003,S002,138,144.64907032425936
2025-09-10,P003,S003,83,85.81762883970259
2025-09-10,P004,S001,161,177.06575076178342
2025-09-10,P004,S002,208,211.27266665988918
2025-09-10,P004,S003,179,170.64094076855463
2025-09-10,P005,S001,131,134.09457062373758
2025-09-10,P005,S002,128,149.50399959035212
2025-09-10,P005,S003,146,145.9255853472282
2025-09-11,P001,S001,97,119.06968506067005
2025-09-11,P001,S002,142,144.9434316598772
2025-09-11,P001,S003,122,112.99942553079836
2025-09-11,P002,S001,162,162.5775514242241
2025-09-11,P002,S002,170,178.65533300499828
2025-09-11,P002,S003,133,143.49087186604902
2025-09-11,P003,S001,114,101.3281841940875
2025-09-11,P003,S002,124,150.47301318567634
2025-09-11,P003,S003,103,87.9548875184687
2025-09-11,P004,S001,171,183.68278084807525
2025-09-11,P004,S002,243,213.01716342874852
2025-09-11,P004,S003,134,171.55875789291167
2025-09-11,P005,S001,119,137.04190460770724
2025-09-11,P005,S002,138,151.21260693148406
2025-09-11,P005,S003,96,119.44473932625215
2025-09-12,P001,S001,154,153.96732287618033
2025-09-12,P001,S002,139,148.44266252233092
2025-09-12,P001,S003,122,150.70336245193494
2025-09-12,P002,S001,147,165.75411724655487
2025-09-12,P002,S002,236,211.33150373930448
2025-09-12,P002,S003,127,141.0311796233509
2025-09-12,P003,S001,101,105.42918145227486
2025-09-12,P003,S002,122,121.16089889184786
2025-09-12,P003,S003,96,89.91671966755348
2025-09-12,P004,S001,193,183.4511243337074
2025-09-12,P004,S002,212,215.57901319664643
2025-09-12,P004,S003,155,170.800114106843
2025-09-12,P005,S001,115,135.81942684671003
2025-09-12,P005,S002,134,151.31680348913414
2025-09-12,P005,S003,124,120.2400670189927
2025-09-13,P001,S001,127,129.93449359541546
2025-09-13,P001,S002,154,152.6327106810104
2025-09-13,P001,S003,138,153.83619307254958
2025-09-13,P002,S001,172,166.8227435447161
2025-09-13,P002,S002,202,192.26263298701724
2025-09-13,P002,S003,156,176.73298321664288
2025-09-13,P003,S001,115,108.39406072547854
2025-09-13,P003,S002,125,124.44637537279641
2025-09-13,P003,S003,93,93.0221995037482
2025-09-13,P004,S001,193,191.89929839384695
2025-09-13,P004,S002,235,221.6768201935406
2025-09-13,P004,S003,222,211.45071517410315
2025-09-13,P005,S001,145,140.09036692911695
2025-09-13,P005,S002,155,155.40728527922874
2025-09-13,P005,S003,127,158.24701530070206
2025-09-14,P001,S001,131,132.92672026553828
2025-09-14,P001,S002,162,156.5191999042563
2025-09-14,P001,S003,109,123.90845715055048
2025-09-14,P002,S001,193,202.81579685831775
2025-09-14,P002,S002,213,229.2093765859413
2025-09-14,P002,S003,131,146.84278375881786
2025-09-14,P003,S001,129,143.69168630055674
2025-09-14,P003,S002,139,158.25007160438236
2025-09-14,P003,S003,101,97.25098503463914
2025-09-14,P004,S001,215,194.6555123202029
2025-09-14,P004,S002,230,225.58555245108437
2025-09-14,P004,S003,157,184.6962536566698
2025-09-14,P005,S001,139,146.11934121760805
2025-09-14,P005,S002,159,156.23383167793781
2025-09-14,P005,S003,151,159.26244989012184
2025-09-15,P001,S001,128,112.92621268318817
2025-09-15,P001,S002,122,136.5645611208961
2025-09-15,P001,S003,107,104.21763665188837
2025-09-15,P002,S001,165,187.7958123569365
2025-09-15,P002,S002,146,177.6893276014489
2025-09-15,P002,S003,143,131.25444909823182
2025-09-15,P003,S001,100,94.99567951759263
2025-09-15,P003,S002,113,111.65334824840966
2025-09-15,P003,S003,78,80.37969482142171
2025-09-15,P004,S001,161,175.75171268736085
2025-09-15,P004,S002,225,234.362405383471
2025-09-15,P004,S003,175,193.54728548773437
2025-09-15,P005,S001,129,125.60397369566317
2025-09-15,P005,S002,146,140.84101893842535
2025-09-15,P005,S003,109,112.40527560560486
2025-09-16,P001,S001,126,115.3040814472838
2025-09-16,P001,S002,134,137.68907753923577
2025-09-16,P001,S003,106,108.09204650326274
2025-09-16,P002,S001,155,157.9956720317714
2025-09-16,P002,S002,152,174.32500280961813
2025-09-16,P002,S003,116,131.19343730312585
2025-09-16,P003,S001,98,95.3919867888435
2025-09-16,P003,S002,114,112.66578894190206
2025-09-16,P003,S003,84,82.31542923569805
2025-09-16,P004,S001,178,173.55086295986666
2025-09-16,P004,S002,203,206.1933941610664
2025-09-16,P004,S003,145,168.39789757975768
2025-09-16,P005,S001,123,127.57819857411869
2025-09-16,P005,S002,141,144.3320252961189
2025-09-16,P005,S003,114,111.10652935764756
2025-09-17,P001,S001,104,118.3760373405139
2025-09-17,P001,S002,133,141.3604940052969
2025-09-17,P001,S003,99,107.70685550559801
2025-09-17,P002,S001,154,155.72604870605028
2025-09-17,P002,S002,176,175.61494903921675
2025-09-17,P002,S003,153,133.95897662239895
2025-09-17,P003,S001,107,98.1218539778888
2025-09-17,P003,S002,109,116.2642611249571
2025-09-17,P003,S003,83,85.47140732533262
2025-09-17,P004,S001,177,177.13341908515667
2025-09-17,P004,S002,236,209.8745307626018
2025-09-17,P004,S003,165,165.96712346016102
2025-09-17,P005,S001,120,129.8259752008671
2025-09-17,P005,S002,150,144.66871626459852
2025-09-17,P005,S003,127,114.25513618356626
2025-09-18,P001,S001,112,118.0089091666423
2025-09-18,P001,S002,135,140.49211648345863
2025-09-18,P001,S003,130,111.5007649255499
2025-09-18,P002,S001,148,159.17773402635885
2025-09-18,P002,S002,188,210.7625804873519
2025-09-18,P002,S003,120,138.85857695623326
2025-09-18,P003,S001,95,102.43819401998735
2025-09-18,P003,S002,112,116.494576345729
2025-09-18,P003,S003,108,120.32241333671072
2025-09-18,P004,S001,181,181.88669783024216
2025-09-18,P004,S002,191,217.38870637449963
2025-09-18,P004,S003,143,165.4340473666325
2025-09-18,P005,S001,139,129.89374312865993
2025-09-18,P005,S002,138,148.4864899991835
2025-09-18,P005,S003,124,115.77534465364306
2025-09-19,P001,S001,122,123.77256697870598
2025-09-19,P001,S002,148,144.33001387737295
2025-09-19,P001,S003,110,117.02032290835768
2025-09-19,P002,S001,128,160.30762751427346
2025-09-19,P002,S002,177,185.31829430564267
2025-09-19,P002,S003,135,137.22185644096862
2025-09-19,P003,S001,110,103.30384058131312
2025-09-19,P003,S002,128,119.59776001129967
2025-09-19,P003,S003,89,90.87188566964005
2025-09-19,P004,S001,166,184.8146082968342
2025-09-19,P004,S002,182,212.92823411084055
2025-09-19,P004,S003,172,200.19623564434687
2025-09-19,P005,S001,142,134.30584600276734
2025-09-19,P005,S002,179,180.54386593357094
2025-09-19,P005,S003,122,121.28203376337297
2025-09-20,P001,S001,123,126.59923745555079
2025-09-20,P001,S002,152,148.85689679890356
2025-09-20,P001,S003,141,151.30306185687277
2025-09-20,P002,S001,165,195.9973402499254
2025-09-20,P002,S002,192,185.11205464328532
2025-09-20,P002,S003,149,142.98755547890505
2025-09-20,P003,S001,109,109.14777176850839
2025-09-20,P003,S002,131,124.37477861112166
2025-09-20,P003,S003,100,93.32464701498384
2025-09-20,P004,S001,252,219.08204689537797
2025-09-20,P004,S002,211,220.0867485740946
2025-09-20,P004,S003,173,178.13062645381933
2025-09-20,P005,S001,162,140.25989144375126
2025-09-20,P005,S002,214,190.97268131234932
2025-09-20,P005,S003,100,126.17671407209082
2025-09-21,P001,S001,153,160.8493739889277
2025-09-21,P001,S002,142,153.27036130554325
2025-09-21,P001,S003,114,121.60944978955104
2025-09-21,P002,S001,204,199.11549600957733
2025-09-21,P002,S002,186,192.9498943026265
2025-09-21,P002,S003,159,143.15866253116337
2025-09-21,P003,S001,94,110.95879137287329
2025-09-21,P003,S002,119,126.94623326169085
2025-09-21,P003,S003,106,96.91954377213915
2025-09-21,P004,S001,170,198.830030879506
2025-09-21,P004,S002,200,221.31068764781594
2025-09-21,P004,S003,172,176.57157705793952
2025-09-21,P005,S001,133,143.0953650491524
2025-09-21,P005,S002,154,165.30484021152824
2025-09-21,P005,S003,156,157.98426420269925
2025-09-22,P001,S001,142,146.32530298444726
2025-09-22,P001,S002,134,133.09213909023356
2025-09-22,P001,S003,101,104.61686799740392
2025-09-22,P002,S001,136,156.08643057696872
2025-09-22,P002,S002,154,168.4248723140572
2025-09-22,P002,S003,132,133.71374687249727
2025-09-22,P003,S001,136,124.31537022717157
2025-09-22,P003,S002,107,109.8587741594497
2025-09-22,P003,S003,96,80.3525598626884
2025-09-22,P004,S001,178,173.49045134668904
2025-09-22,P004,S002,250,233.1476726209048
2025-09-22,P004,S003,207,191.94682442737803
2025-09-22,P005,S001,143,156.59947340852568
2025-09-22,P005,S002,165,147.31857973121714
2025-09-22,P005,S003,140,144.03570864127096
2025-09-23,P001,S001,122,118.01898576648318
2025-09-23,P001,S002,140,136.45061805511796
2025-09-23,P001,S003,113,105.79000925642549
2025-09-23,P002,S001,148,153.93195430808964
2025-09-23,P002,S002,221,202.37488292414673
2025-09-23,P002,S003,159,160.4957616698939
2025-09-23,P003,S001,123,129.82100881223596
2025-09-23,P003,S002,116,109.5471566253118
2025-09-23,P003,S003,94,83.72593648416387
2025-09-23,P004,S001,164,174.05248794820955
2025-09-23,P004,S002,208,205.2736601312049
2025-09-23,P004,S003,200,197.6097626904516
2025-09-23,P005,S001,111,128.16862191982727
2025-09-23,P005,S002,138,148.17779825460184
2025-09-23,P005,S003,107,113.90619476474103
2025-09-24,P001,S001,115,116.33446359386471
2025-09-24,P001,S002,135,139.8473917299102
2025-09-24,P001,S003,104,107.2708120479324
2025-09-24,P002,S001,183,186.2386985073199
2025-09-24,P002,S002,202,212.0348557308248
2025-09-24,P002,S003,138,138.21977095763123
2025-09-24,P003,S001,133,133.00019436053344
2025-09-24,P003,S002,111,113.77784905471344
2025-09-24,P003,S003,90,85.56769217877672
2025-09-24,P004,S001,200,208.53104253842275
2025-09-24,P004,S002,255,240.37669435994303
2025-09-24,P004,S003,158,169.729794127255
2025-09-24,P005,S001,140,159.58212091865698
2025-09-24,P005,S002,121,147.7149335056056
2025-09-24,P005,S003,114,116.3462910833332
2025-09-25,P001,S001,137,150.18545608215072
2025-09-25,P001,S002,122,140.8350660184242
2025-09-25,P001,S003,111,112.01915554265497
2025-09-25,P002,S001,147,159.08200102927822
2025-09-25,P002,S002,164,182.37255851338477
2025-09-25,P002,S003,140,136.65674053402017
2025-09-25,P003,S001,108,137.22495578890084
2025-09-25,P003,S002,108,115.50274608961945
2025-09-25,P003,S003,96,90.66574870813474
2025-09-25,P004,S001,176,182.12753339539995
2025-09-25,P004,S002,254,247.62517767852341
2025-09-25,P004,S003,165,165.9527181225585
2025-09-25,P005,S001,141,133.31122263859515
2025-09-25,P005,S002,181,180.28709701930939
2025-09-25,P005,S003,103,116.5808527039535
2025-09-26,P001,S001,145,158.1024784516344
2025-09-26,P001,S002,140,142.22808521949946
2025-09-26,P001,S003,110,113.35919484448823
2025-09-26,P002,S001,154,158.1754966585895
2025-09-26,P002,S002,168,184.05307532678353
2025-09-26,P002,S003,120,139.55732396910616
2025-09-26,P003,S001,106,106.95945126610013
2025-09-26,P003,S002,116,118.36412579806438
2025-09-26,P003,S003,88,91.03507439832447
2025-09-26,P004,S001,203,183.8192583854734
2025-09-26,P004,S002,186,219.27391540307917
2025-09-26,P004,S003,157,172.57879997284817
2025-09-26,P005,S001,133,135.71514275024174
2025-09-26,P005,S002,143,158.18936854233743
2025-09-26,P005,S003,113,119.47600609332176
2025-09-27,P001,S001,125,129.23160469874801
2025-09-27,P001,S002,133,145.8715253205778
2025-09-27,P001,S003,129,118.50607504365098
2025-09-27,P002,S001,146,163.44568462075267
2025-09-27,P002,S002,214,218.11521250598935
2025-09-27,P002,S003,134,143.51393085818154
2025-09-27,P003,S001,100,110.46028585249178
2025-09-27,P003,S002,125,121.84712484099373
2025-09-27,P003,S003,118,125.42995882043442
2025-09-27,P004,S001,209,193.15698929800283
2025-09-27,P004,S002,211,217.92113415383892
2025-09-27,P004,S003,163,176.77256206993616
2025-09-27,P005,S001,128,140.7149533259617
2025-09-27,P005,S002,159,160.13417331943992
2025-09-27,P005,S003,119,121.17318616439798
2025-09-28,P001,S001,134,133.02841815724332
2025-09-28,P001,S002,141,148.0051073839436
2025-09-28,P001,S003,117,120.14629366698455
2025-09-28,P002,S001,191,199.86790848285
2025-09-28,P002,S002,186,224.51521300446348
2025-09-28,P002,S003,156,145.44400615835002
2025-09-28,P003,S001,143,144.58886158285395
2025-09-28,P003,S002,117,125.27559884033599
2025-09-28,P003,S003,112,131.23552643988023
2025-09-28,P004,S001,189,191.97022104382495
2025-09-28,P004,S002,232,221.45228425348432
2025-09-28,P004,S003,190,176.12807028652878
2025-09-28,P005,S001,143,139.3714434096555
2025-09-28,P005,S002,205,190.80960981052704
2025-09-28,P005,S003,115,129.16643409138123
2025-09-29,P001,S001,117,116.6403411290712
2025-09-29,P001,S002,132,130.57640620836446
2025-09-29,P001,S003,117,134.61875486086547
2025-09-29,P002,S001,156,150.3392044254242
2025-09-29,P002,S002,233,203.8778967206781
2025-09-29,P002,S003,166,162.53199860267478
2025-09-29,P003,S001,101,101.8309798704181
2025-09-29,P003,S002,109,107.53110368393982
2025-09-29,P003,S003,93,114.15872832699324
2025-09-29,P004,S001,172,173.65490993608046
2025-09-29,P004,S002,172,210.94608967545946
2025-09-29,P004,S003,177,166.73348858208738
2025-09-29,P005,S001,121,124.83832354635706
2025-09-29,P005,S002,130,148.0003576891786
2025-09-29,P005,S003,102,109.19996296920317
2025-09-30,P001,S001,117,116.68676134392081
2025-09-30,P001,S002,137,132.47995869400802
2025-09-30,P001,S003,100,105.27094675441458
2025-09-30,P002,S001,173,184.04867769596194
2025-09-30,P002,S002,215,214.30047406382027
2025-09-30,P002,S003,128,134.8905173598764
2025-09-30,P003,S001,91,101.03057708525239
2025-09-30,P003,S002,101,109.88383243303906
2025-09-30,P003,S003,76,84.252181839684
2025-09-30,P004,S001,176,173.57154169052
2025-09-30,P004,S002,196,205.47319758051572
2025-09-30,P004,S003,159,163.83074035058598
2025-09-30,P005,S001,116,124.41188647942681
2025-09-30,P005,S002,180,174.8671650063543
2025-09-30,P005,S003,114,108.172552804313
2025-10-01,P001,S001,120,113.7407708530045
2025-10-01,P001,S002,134,130.780430368015
2025-10-01,P001,S003,95,102.19791085910992
2025-10-01,P002,S001,157,153.67124623632526
2025-10-01,P002,S002,226,213.8980016563628
2025-10-01,P002,S003,138,132.6564432039131
2025-10-01,P003,S001,97,98.72934181011806
2025-10-01,P003,S002,109,107.48655774204144
2025-10-01,P003,S003,117,113.80965916248715
2025-10-01,P004,S001,171,174.5725324323771
2025-10-01,P004,S002,208,207.81188871962922
2025-10-01,P004,S003,176,160.74382164781673
2025-10-01,P005,S001,142,122.53087364985595
2025-10-01,P005,S002,148,146.59053855132152
2025-10-01,P005,S003,117,109.72989949562589
2025-10-02,P001,S001,150,159.96883165278177
2025-10-02,P001,S002,165,175.24641955506058
2025-10-02,P001,S003,138,148.4749747274891
2025-10-02,P002,S001,182,195.63487750303466
2025-10-02,P002,S002,217,226.22364089029952
2025-10-02,P002,S003,151,176.41115015778905
2025-10-02,P003,S001,125,141.5735477439698
2025-10-02,P003,S002,169,153.50022491021946
2025-10-02,P003,S003,108,131.4603110299513
2025-10-02,P004,S001,217,217.8114340082152
2025-10-02,P004,S002,295,250.5005402058814
2025-10-02,P004,S003,258,237.640587147926
2025-10-02,P005,S001,160,170.39308173508562
2025-10-02,P005,S002,151,193.51541673636484
2025-10-02,P005,S003,130,153.9938775084911
2025-10-03,P001,S001,122,124.17542056444518
2025-10-03,P001,S002,180,171.10073265414258
2025-10-03,P001,S003,98,110.94734108404009
2025-10-03,P002,S001,172,157.81134708910076
2025-10-03,P002,S002,163,187.45100962994593
2025-10-03,P002,S003,128,137.89814495541805
2025-10-03,P003,S001,99,105.18026915850032
2025-10-03,P003,S002,101,119.88347331522345
2025-10-03,P003,S003,101,91.12128262626902
2025-10-03,P004,S001,227,214.70869860479115
2025-10-03,P004,S002,195,215.3132575642103
2025-10-03,P004,S003,158,175.88455751074844
2025-10-03,P005,S001,136,132.6935434734819
2025-10-03,P005,S002,156,152.53998529584305
2025-10-03,P005,S003,114,116.26844452401974
2025-10-04,P001,S001,138,123.05773890740693
2025-10-04,P001,S002,138,144.36115464499744
2025-10-04,P001,S003,121,114.17274561756722
2025-10-04,P002,S001,180,162.99557651593705
2025-10-04,P002,S002,171,190.0606994488444
2025-10-04,P002,S003,165,173.24177807078968
2025-10-04,P003,S001,99,106.1297350791142
2025-10-04,P003,S002,125,118.45242549251816
2025-10-04,P003,S003,115,127.18446208036403
2025-10-04,P004,S001,174,193.38848578918123
2025-10-04,P004,S002,223,214.98155234815886
2025-10-04,P004,S003,198,204.91197006416996
2025-10-04,P005,S001,131,134.2554220011075
2025-10-04,P005,S002,158,157.97708121068445
2025-10-04,P005,S003,133,117.3736164156112
2025-10-05,P001,S001,120,129.1947227535129
2025-10-05,P001,S002,186,177.01972539623148
2025-10-05,P001,S003,108,116.40563515835765
2025-10-05,P002,S001,141,170.99499019373934
2025-10-05,P002,S002,168,190.06389189886295
2025-10-05,P002,S003,169,179.34212927520002
2025-10-05,P003,S001,101,109.8729784233783
2025-10-05,P003,S002,140,121.81216469010906
2025-10-05,P003,S003,106,98.31021616386124
2025-10-05,P004,S001,212,186.72502322708988
2025-10-05,P004,S002,174,218.92686863966856
2025-10-05,P004,S003,261,212.35514770352165
2025-10-05,P005,S001,139,135.73326732954138
2025-10-05,P005,S002,193,159.65164614686546
2025-10-05,P005,S003,142,124.87082038382914
2025-10-06,P001,S001,169,142.77317198079118
2025-10-06,P001,S002,127,133.10855629573825
2025-10-06,P001,S003,106,98.4967618317246
2025-10-06,P002,S001,182,179.10650883503604
2025-10-06,P002,S002,162,174.75597106538316
2025-10-06,P002,S003,148,132.18275374117093
2025-10-06,P003,S001,109,93.649346448904
2025-10-06,P003,S002,138,138.83982694822998
2025-10-06,P003,S003,98,81.38232379769352
2025-10-06,P004,S001,185,174.8732682413047
2025-10-06,P004,S002,262,232.5507026438695
2025-10-06,P004,S003,172,173.250509226938
2025-10-06,P005,S001,126,120.78493703396998
2025-10-06,P005,S002,173,144.20906445557603
2025-10-06,P005,S003,120,109.36247937682356
2025-10-07,P001,S001,120,117.07454043228245
2025-10-07,P001,S002,137,132.8568499469293
2025-10-07,P001,S003,112,99.39872763278572
2025-10-07,P002,S001,147,153.214130907636
2025-10-07,P002,S002,164,179.0782019468893
2025-10-07,P002,S003,123,131.69648542123286
2025-10-07,P003,S001,80,94.71122063098937
2025-10-07,P003,S002,111,109.7270463866248
2025-10-07,P003,S003,90,82.93029987373893
2025-10-07,P004,S001,222,207.34765413564492
2025-10-07,P004,S002,202,207.2851974172254
2025-10-07,P004,S003,154,168.9899352291186
2025-10-07,P005,S001,138,119.46128538694438
2025-10-07,P005,S002,182,178.42916998031387
2025-10-07,P005,S003,142,140.78725163311674
2025-10-08,P001,S001,122,116.27959024528946
2025-10-08,P001,S002,158,134.05477343050325
2025-10-08,P001,S003,114,101.75108865866468
2025-10-08,P002,S001,182,186.4208808313133
2025-10-08,P002,S002,180,177.2302296814346
2025-10-08,P002,S003,169,165.08190899574902
2025-10-08,P003,S001,106,95.82975482935944
2025-10-08,P003,S002,152,143.38162373049818
2025-10-08,P003,S003,80,86.7094813429344
2025-10-08,P004,S001,187,182.57363738699678
2025-10-08,P004,S002,204,208.49635807107552
2025-10-08,P004,S003,151,167.99271665416427
2025-10-08,P005,S001,156,157.70209368457654
2025-10-08,P005,S002,131,148.35415978837182
2025-10-08,P005,S003,153,145.6197105540141
2025-10-09,P001,S001,122,122.16905514542441
2025-10-09,P001,S002,138,139.70373377305168
2025-10-09,P001,S003,97,107.72542528801387
2025-10-09,P002,S001,138,159.77083212313028
2025-10-09,P002,S002,192,178.45157421545127
2025-10-09,P002,S003,153,170.66646313555475
2025-10-09,P003,S001,110,100.0267557551847
2025-10-09,P003,S002,122,119.62451803109161
2025-10-09,P003,S003,81,88.4764296816129
2025-10-09,P004,S001,167,184.51039708098506
2025-10-09,P004,S002,265,247.13131613761652
2025-10-09,P004,S003,164,175.10604192255823
2025-10-09,P005,S001,161,163.1086594590097
2025-10-09,P005,S002,194,181.82099330823394
2025-10-09,P005,S003,110,118.06772636464757
2025-10-10,P001,S001,114,123.15576252950132
2025-10-10,P001,S002,168,175.24477274969877
2025-10-10,P001,S003,123,138.02066397480166
2025-10-10,P002,S001,147,157.0980996966582
2025-10-10,P002,S002,161,179.13158498675693
2025-10-10,P002,S003,132,139.8862983955455
2025-10-10,P003,S001,98,101.55748424249623
2025-10-10,P003,S002,118,117.9670827233117
2025-10-10,P003,S003,124,121.31855069396352
2025-10-10,P004,S001,214,219.35153310350597
2025-10-10,P004,S002,258,246.65013798400196
2025-10-10,P004,S003,183,202.36861049414074
2025-10-10,P005,S001,127,133.2426118829776
2025-10-10,P005,S002,150,156.34538566947003
2025-10-10,P005,S003,100,118.11582918890826
2025-10-11,P001,S001,180,156.97450725388217
2025-10-11,P001,S002,163,144.38757977769865
2025-10-11,P001,S003,130,113.2846789995233
2025-10-11,P002,S001,163,159.19361767163764
2025-10-11,P002,S002,210,181.73986634530502
2025-10-11,P002,S003,175,174.20830332509286
2025-10-11,P003,S001,127,103.41615213937257
2025-10-11,P003,S002,149,153.45791270715654
2025-10-11,P003,S003,97,98.36565364941043
2025-10-11,P004,S001,185,191.56632221372365
2025-10-11,P004,S002,233,222.5770488705648
2025-10-11,P004,S003,224,208.04142894983806
2025-10-11,P005,S001,137,133.0304973843381
2025-10-11,P005,S002,167,157.9129744123038
2025-10-11,P005,S003,156,151.12058942385738
2025-10-12,P001,S001,173,166.33663289528477
2025-10-12,P001,S002,192,182.03303373484005
2025-10-12,P001,S003,113,115.43129250565016
2025-10-12,P002,S001,186,194.34284982124927
2025-10-12,P002,S002,199,188.27108346826572
2025-10-12,P002,S003,143,149.67117727500136
2025-10-12,P003,S001,140,142.2995708077665
2025-10-12,P003,S002,175,159.05160078668086
2025-10-12,P003,S003,107,98.17033995422707
2025-10-12,P004,S001,188,194.2451826659626
2025-10-12,P004,S002,220,222.05660015308376
2025-10-12,P004,S003,188,188.13200768163233
2025-10-12,P005,S001,193,169.52135263842547
2025-10-12,P005,S002,166,166.13773479455404
2025-10-12,P005,S003,122,127.43247517061309
2025-10-13,P001,S001,105,152.58311626773775
2025-10-13,P001,S002,157,134.26900516879732
2025-10-13,P001,S003,106,98.83483078520021
2025-10-13,P002,S001,150,150.33910419329277
2025-10-13,P002,S002,179,173.32276045371782
2025-10-13,P002,S003,130,131.92042750419523
2025-10-13,P003,S001,95,95.51591307426861
2025-10-13,P003,S002,104,114.23247390904271
2025-10-13,P003,S003,82,81.78938816384698
2025-10-13,P004,S001,197,207.68652271910196
2025-10-13,P004,S002,244,239.92136701111895
2025-10-13,P004,S003,160,165.8266879210537
2025-10-13,P005,S001,176,158.25016945818106
2025-10-13,P005,S002,172,177.75371257171673
2025-10-13,P005,S003,106,107.67993901458931
2025-10-14,P001,S001,130,115.7148219935907
2025-10-14,P001,S002,144,136.50038426566834
2025-10-14,P001,S003,102,99.38803740521689
2025-10-14,P002,S001,177,181.2595122901912
2025-10-14,P002,S002,150,174.1418445092513
2025-10-14,P002,S003,154,129.43304598351187
2025-10-14,P003,S001,121,93.36659988875772
2025-10-14,P003,S002,128,110.40267288570749
2025-10-14,P003,S003,88,81.40702129470083
2025-10-14,P004,S001,208,181.71566292819261
2025-10-14,P004,S002,206,210.2412663561654
2025-10-14,P004,S003,195,194.3478738642484
2025-10-14,P005,S001,137,161.76102475474454
2025-10-14,P005,S002,149,152.29228853789527
2025-10-14,P005,S003,117,110.81404556150301
2025-10-15,P001,S001,98,120.12559071051055
2025-10-15,P001,S002,165,170.112894246231
2025-10-15,P001,S003,129,101.27373218519733
2025-10-15,P002,S001,166,154.28794005612235
2025-10-15,P002,S002,182,173.8147483758944
2025-10-15,P002,S003,133,137.36064438234234
2025-10-15,P003,S001,96,99.1564373315532
2025-10-15,P003,S002,141,148.15650638470743
2025-10-15,P003,S003,99,85.29641432677818
2025-10-15,P004,S001,228,213.45901422053703
2025-10-15,P004,S002,198,211.01085195838414
2025-10-15,P004,S003,173,169.76948687175218
2025-10-15,P005,S001,115,132.3954853164987
2025-10-15,P005,S002,162,148.53789718630514
2025-10-15,P005,S003,113,112.83620551017748
2025-10-16,P001,S001,107,121.4126426186458
2025-10-16,P001,S002,128,143.95678056380802
2025-10-16,P001,S003,137,139.26876605914276
2025-10-16,P002,S001,147,155.0300179442006
2025-10-16,P002,S002,183,179.17014082303513
2025-10-16,P002,S003,124,137.33410336186807
2025-10-16,P003,S001,101,101.69776570654813
2025-10-16,P003,S002,138,153.47348919490287
2025-10-16,P003,S003,86,89.03255703425111
2025-10-16,P004,S001,182,189.2476231500782
2025-10-16,P004,S002,200,219.46121578115026
2025-10-16,P004,S003,174,175.8372479931727
2025-10-16,P005,S001,130,133.74749506366607
2025-10-16,P005,S002,137,155.86405316745277
2025-10-16,P005,S003,131,113.23589703202288
2025-10-17,P001,S001,155,153.4671204349247
2025-10-17,P001,S002,139,146.3730440526001
2025-10-17,P001,S003,96,111.06523731498237
2025-10-17,P002,S001,168,188.310874065598
2025-10-17,P002,S002,189,178.4975651619843
2025-10-17,P002,S003,131,137.53240534394536
2025-10-17,P003,S001,112,134.53102457117484
2025-10-17,P003,S002,109,121.23921486909285
2025-10-17,P003,S003,85,92.73829005148582
2025-10-17,P004,S001,209,224.17585419719444
2025-10-17,P004,S002,266,247.77263765630778
2025-10-17,P004,S003,199,207.22840549987814
2025-10-17,P005,S001,141,133.85065717005955
2025-10-17,P005,S002,151,154.21370782934355
2025-10-17,P005,S003,109,116.5792257562448
2025-10-18,P001,S001,133,164.63688802925253
2025-10-18,P001,S002,157,146.81443748674428
2025-10-18,P001,S003,124,112.85850865175325
2025-10-18,P002,S001,160,162.10109738490246
2025-10-18,P002,S002,205,216.97826427124573
2025-10-18,P002,S003,143,143.43838024881097
2025-10-18,P003,S001,117,107.55020675512606
2025-10-18,P003,S002,104,124.80852540483738
2025-10-18,P003,S003,111,94.44452543356874
2025-10-18,P004,S001,221,193.07567770814921
2025-10-18,P004,S002,207,222.49790259324436
2025-10-18,P004,S003,189,184.0298139292995
2025-10-18,P005,S001,172,170.10546391223488
2025-10-18,P005,S002,175,158.36017344881066
2025-10-18,P005,S003,108,121.38252163135894
2025-10-19,P001,S001,125,132.6555545725032
2025-10-19,P001,S002,144,154.7753957951586
2025-10-19,P001,S003,114,115.00800843569823
2025-10-19,P002,S001,164,163.2105867457608
2025-10-19,P002,S002,197,188.0981570964732
2025-10-19,P002,S003,174,177.25410606501782
2025-10-19,P003,S001,139,143.42237853414917
2025-10-19,P003,S002,171,160.1271049507668
2025-10-19,P003,S003,109,130.31779232612962
2025-10-19,P004,S001,204,199.68017795489595
2025-10-19,P004,S002,240,218.36990539006365
2025-10-19,P004,S003,175,188.2807278952464
2025-10-19,P005,S001,143,147.13712508384378
2025-10-19,P005,S002,162,165.65289792195335
2025-10-19,P005,S003,132,121.50328428424064
2025-10-20,P001,S001,120,114.81567676377108
2025-10-20,P001,S002,145,132.65292716749764
2025-10-20,P001,S003,104,98.89370662145211
2025-10-20,P002,S001,154,148.93098340413871
2025-10-20,P002,S002,162,171.2384459373161
2025-10-20,P002,S003,147,131.3855661858829
2025-10-20,P003,S001,113,95.90839125025605
2025-10-20,P003,S002,132,145.42659110211116
2025-10-20,P003,S003,134,113.46676066567625
2025-10-20,P004,S001,209,184.58511538730227
2025-10-20,P004,S002,213,212.04184029412
2025-10-20,P004,S003,155,165.7080304213896
2025-10-20,P005,S001,138,127.63959195047119
2025-10-20,P005,S002,164,148.64160797580735
2025-10-20,P005,S003,151,136.9676433261643
2025-10-21,P001,S001,130,116.65129532285755
2025-10-21,P001,S002,149,134.6896988958615
2025-10-21,P001,S003,126,131.64158419671458
2025-10-21,P002,S001,159,151.07486845626227
2025-10-21,P002,S002,188,169.64909864652282
2025-10-21,P002,S003,133,132.8728143997546
2025-10-21,P003,S001,97,97.03326932608434
2025-10-21,P003,S002,103,114.27228095450755
2025-10-21,P003,S003,85,87.42506810096529
2025-10-21,P004,S001,184,187.8784220639136
2025-10-21,P004,S002,223,207.559124099957
2025-10-21,P004,S003,174,167.50779167675637
2025-10-21,P005,S001,120,127.03087318354574
2025-10-21,P005,S002,168,180.3630265316092
2025-10-21,P005,S003,136,113.4114232050083
2025-10-22,P001,S001,140,149.58217619344032
2025-10-22,P001,S002,177,171.4627523197978
2025-10-22,P001,S003,138,137.36514955122902
2025-10-22,P002,S001,150,184.59266758568583
2025-10-22,P002,S002,154,176.30195453659326
2025-10-22,P002,S003,140,134.67985933602586
2025-10-22,P003,S001,103,99.23556222902243
2025-10-22,P003,S002,122,116.96140917246748
2025-10-22,P003,S003,84,86.71445884280683
2025-10-22,P004,S001,169,188.20679494467277
2025-10-22,P004,S002,199,212.15082087221617
2025-10-22,P004,S003,145,170.2463385432352
2025-10-22,P005,S001,154,159.89713990723794
2025-10-22,P005,S002,135,150.33521007498985
2025-10-22,P005,S003,110,115.31643778044327
2025-10-23,P001,S001,125,121.90694262945726
2025-10-23,P001,S002,167,174.07296233254147
2025-10-23,P001,S003,109,109.5180166561554
2025-10-23,P002,S001,145,151.9921091283236
2025-10-23,P002,S002,189,178.31894984618157
2025-10-23,P002,S003,158,169.01422500210037
2025-10-23,P003,S001,119,101.93808834839729
2025-10-23,P003,S002,106,119.04953018754031
2025-10-23,P003,S003,98,119.93466139142447
2025-10-23,P004,S001,213,216.97343835112724
2025-10-23,P004,S002,211,214.95675170419327
2025-10-23,P004,S003,148,170.11040763250412
2025-10-23,P005,S001,122,134.06367875089973
2025-10-23,P005,S002,154,151.56060574616595
2025-10-23,P005,S003,120,113.9635267162007
2025-10-24,P001,S001,143,157.63039806166535
2025-10-24,P001,S002,168,179.41722693691418
2025-10-24,P001,S003,102,109.12737413968262
2025-10-24,P002,S001,163,188.08543945705696
2025-10-24,P002,S002,173,180.7991082992976
2025-10-24,P002,S003,156,172.227446179857
2025-10-24,P003,S001,138,137.61374934496416
2025-10-24,P003,S002,115,118.30026849195701
2025-10-24,P003,S003,78,93.97318044741769
2025-10-24,P004,S001,189,196.14777546181904
2025-10-24,P004,S002,247,253.89178047276027
2025-10-24,P004,S003,159,172.7962483769038
2025-10-24,P005,S001,128,134.27442029040458
2025-10-24,P005,S002,153,154.03498379284247
2025-10-24,P005,S003,112,115.76335112731476
2025-10-25,P001,S001,140,132.49194786153248
2025-10-25,P001,S002,161,151.92863304852153
2025-10-25,P001,S003,122,113.25868471227841
2025-10-25,P002,S001,174,159.2793866657762
2025-10-25,P002,S002,217,184.2366607406334
2025-10-25,P002,S003,135,146.6242835091566
2025-10-25,P003,S001,117,111.4367092228349
2025-10-25,P003,S002,142,122.92404254588928
2025-10-25,P003,S003,94,95.08996729067076
2025-10-25,P004,S001,171,195.50321380463993
2025-10-25,P004,S002,240,222.17110125107365
2025-10-25,P004,S003,199,208.74475343612085
2025-10-25,P005,S001,147,138.73677259655597
2025-10-25,P005,S002,167,160.31806498487185
2025-10-25,P005,S003,173,152.34562139865739
2025-10-26,P001,S001,151,134.577013656075
2025-10-26,P001,S002,174,156.17687315586136
2025-10-26,P001,S003,141,147.59426842103676
2025-10-26,P002,S001,157,164.80736433042784
2025-10-26,P002,S002,184,189.70928458560866
2025-10-26,P002,S003,175,179.08306963253744
2025-10-26,P003,S001,102,114.73653211161081
2025-10-26,P003,S002,154,164.86233352684667
2025-10-26,P003,S003,99,98.50522526511986
2025-10-26,P004,S001,234,227.61858403742053
2025-10-26,P004,S002,221,224.52213961898997
2025-10-26,P004,S003,167,180.06764768007406
2025-10-26,P005,S001,150,143.36942552628307
2025-10-26,P005,S002,164,161.97410830998615
2025-10-26,P005,S003,113,128.85153368557803
2025-10-27,P001,S001,141,116.02582174018426
2025-10-27,P001,S002,145,140.53321857026594
2025-10-27,P001,S003,114,101.76442241225459
2025-10-27,P002,S001,161,145.5645893172723
2025-10-27,P002,S002,180,170.2920872671093
2025-10-27,P002,S003,181,164.91440886644705
2025-10-27,P003,S001,101,93.68420777076517
2025-10-27,P003,S002,116,113.08697075091322
2025-10-27,P003,S003,82,83.45137454726728
2025-10-27,P004,S001,203,185.5837557697614
2025-10-27,P004,S002,234,240.1193415667376
2025-10-27,P004,S003,179,160.2858833165119
2025-10-27,P005,S001,136,127.0424727267332
2025-10-27,P005,S002,160,147.15344652681597
2025-10-27,P005,S003,122,109.53846882459175
2025-10-28,P001,S001,127,120.74039316015842
2025-10-28,P001,S002,152,141.4577537173086
2025-10-28,P001,S003,111,103.44349970093754
2025-10-28,P002,S001,215,183.02126973473787
2025-10-28,P002,S002,210,203.45828293268323
2025-10-28,P002,S003,158,138.65791364542065
2025-10-28,P003,S001,111,129.1354357588366
2025-10-28,P003,S002,109,112.82780405414769
2025-10-28,P003,S003,85,81.2945331563742
2025-10-28,P004,S001,194,185.2921217905141
2025-10-28,P004,S002,212,211.49855235607993
2025-10-28,P004,S003,167,167.5347630912579
2025-10-28,P005,S001,141,126.45686129168234
2025-10-28,P005,S002,158,149.3451822729353
2025-10-28,P005,S003,125,111.9230849712958
2025-10-29,P001,S001,115,120.95462534596527
2025-10-29,P001,S002,179,178.74334843694442
2025-10-29,P001,S003,101,107.42889006244786
2025-10-29,P002,S001,142,156.9027474409827
2025-10-29,P002,S002,178,177.765116025344
2025-10-29,P002,S003,124,140.01147693202256
2025-10-29,P003,S001,109,98.52053291322727
2025-10-29,P003,S002,144,148.2266545355269
2025-10-29,P003,S003,85,83.76642148317842
2025-10-29,P004,S001,183,187.73988905663373
2025-10-29,P004,S002,235,209.71545641959528
2025-10-29,P004,S003,162,166.22143789828942
2025-10-29,P005,S001,124,129.86135763002585
2025-10-29,P005,S002,168,180.32681728677517
2025-10-29,P005,S003,132,113.03875891153257
2025-10-30,P001,S001,121,122.12821814636709
2025-10-30,P001,S002,173,181.55711688540578
2025-10-30,P001,S003,130,138.9585568604034
2025-10-30,P002,S001,159,154.15681033107057
2025-10-30,P002,S002,171,179.45632201371154
2025-10-30,P002,S003,140,139.3554007407438
2025-10-30,P003,S001,113,102.1523114189963
2025-10-30,P003,S002,112,121.11591720816568
2025-10-30,P003,S003,91,85.97403643966572
2025-10-30,P004,S001,224,221.83498267866707
2025-10-30,P004,S002,226,216.65470751093244
2025-10-30,P004,S003,175,200.28779051481797
2025-10-30,P005,S001,143,130.1653866994916
2025-10-30,P005,S002,151,153.66461169184322
2025-10-30,P005,S003,129,118.68211270164147
2025-10-31,P001,S001,159,160.19405897373008
2025-10-31,P001,S002,155,153.45319706861574
2025-10-31,P001,S003,115,109.94840434482603
2025-10-31,P002,S001,171,159.3933566671958
2025-10-31,P002,S002,182,180.2546165348367
2025-10-31,P002,S003,150,143.1812794796956
2025-10-31,P003,S001,94,106.86450180765587
2025-10-31,P003,S002,109,121.40154732422889
2025-10-31,P003,S003,91,88.82398379890265
2025-10-31,P004,S001,204,228.041264730286
2025-10-31,P004,S002,272,256.68501587046785
2025-10-31,P004,S003,200,206.59376329731776
2025-10-31,P005,S001,144,167.8695754659161
2025-10-31,P005,S002,158,154.84632564414824
2025-10-31,P005,S003,114,120.18565052693884
2025-11-01,P001,S001,142,133.96611540983577
2025-11-01,P001,S002,174,156.79795385496436
2025-11-01,P001,S003,153,147.72859222836814
2025-11-01,P002,S001,163,164.12715210631177
2025-11-01,P002,S002,237,217.78857532155416
2025-11-01,P002,S003,152,146.77646198806679
2025-11-01,P003,S001,119,107.69388960339302
2025-11-01,P003,S002,135,126.27321491946077
2025-11-01,P003,S003,105,93.5941055548492
2025-11-01,P004,S001,282,231.52090206069988
2025-11-01,P004,S002,229,230.50487473557632
2025-11-01,P004,S003,211,183.42302278161424
2025-11-01,P005,S001,160,174.15846268950736
2025-11-01,P005,S002,180,160.5385350447964
2025-11-01,P005,S003,173,157.23025847516465
2025-11-02,P001,S001,137,135.16621301585747
2025-11-02,P001,S002,168,161.1498848785459
2025-11-02,P001,S003,113,121.31455733593339
2025-11-02,P002,S001,179,164.96505300836634
2025-11-02,P002,S002,201,189.59877639176148
2025-11-02,P002,S003,185,184.70537596297117
2025-11-02,P003,S001,114,111.60305579596798
2025-11-02,P003,S002,135,132.33073418825552
2025-11-02,P003,S003,111,97.19229041703966
2025-11-02,P004,S001,234,244.28231767993975
2025-11-02,P004,S002,289,260.0553874433558
2025-11-02,P004,S003,209,213.81453812091877
2025-11-02,P005,S001,183,176.20140518239123
2025-11-02,P005,S002,193,196.27123826649358
2025-11-02,P005,S003,137,130.31377230373482
2025-11-03,P001,S001,141,118.67091062470263
2025-11-03,P001,S002,151,142.63719874468097
2025-11-03,P001,S003,123,101.65651012299122
2025-11-03,P002,S001,144,150.48861295209417
2025-11-03,P002,S002,212,202.83401366225917
2025-11-03,P002,S003,146,139.85285628615793
2025-11-03,P003,S001,107,94.7161745201638
2025-11-03,P003,S002,143,145.23707588564548
2025-11-03,P003,S003,100,82.90509546086196
2025-11-03,P004,S001,275,223.8290487534582
2025-11-03,P004,S002,265,250.52896963398052
2025-11-03,P004,S003,197,200.01399962574396
2025-11-03,P005,S001,159,162.27282441685702
2025-11-03,P005,S002,155,150.69900262665033
2025-11-03,P005,S003,128,115.18801950419265
2025-11-04,P001,S001,125,121.12101213362621
2025-11-04,P001,S002,142,177.84831168653454
2025-11-04,P001,S003,108,105.82019771066825
2025-11-04,P002,S001,153,152.25335282710148
2025-11-04,P002,S002,162,178.42721539851573
2025-11-04,P002,S003,182,169.29223014467516
2025-11-04,P003,S001,124,96.93572263134456
2025-11-04,P003,S002,133,115.91815913201481
2025-11-04,P003,S003,130,114.2824731098417
2025-11-04,P004,S001,211,199.35325538207144
2025-11-04,P004,S002,246,251.86907128713892
2025-11-04,P004,S003,194,172.08834844384137
2025-11-04,P005,S001,149,132.27801197822237
2025-11-04,P005,S002,157,151.7954639883742
2025-11-04,P005,S003,133,116.8966872191927
2025-11-05,P001,S001,156,155.50163657147777
2025-11-05,P001,S002,183,180.59523733063588
2025-11-05,P001,S003,124,107.66796834302795
2025-11-05,P002,S001,161,151.18833558225015
2025-11-05,P002,S002,191,173.85377306616738
2025-11-05,P002,S003,133,141.2937340138851
2025-11-05,P003,S001,113,101.57524774653484
2025-11-05,P003,S002,108,120.93563884771811
2025-11-05,P003,S003,103,88.0113410712811
2025-11-05,P004,S001,165,197.0079714256717
2025-11-05,P004,S002,238,225.1680506565026
2025-11-05,P004,S003,179,170.56916488487468
2025-11-05,P005,S001,167,167.17551524601686
2025-11-05,P005,S002,243,184.05470855741805
2025-11-05,P005,S003,132,118.4306280182227
2025-11-06,P001,S001,144,127.35103231204448
2025-11-06,P001,S002,142,154.27908485250782
2025-11-06,P001,S003,120,112.0093181754346
2025-11-06,P002,S001,154,154.19276257093907
2025-11-06,P002,S002,187,180.4032960610839
2025-11-06,P002,S003,151,142.331651853709
2025-11-06,P003,S001,112,104.24701119330302
2025-11-06,P003,S002,129,149.85202506613268
2025-11-06,P003,S003,93,90.4640206412555
2025-11-06,P004,S001,196,201.1555940551507
2025-11-06,P004,S002,219,226.09458008481033
2025-11-06,P004,S003,183,173.30060613898377
2025-11-06,P005,S001,126,140.1920538690474
2025-11-06,P005,S002,167,162.89976541144415
2025-11-06,P005,S003,142,153.76339648697603
2025-11-07,P001,S001,124,132.98314623789065
2025-11-07,P001,S002,191,185.43917322484867
2025-11-07,P001,S003,132,113.34889398966607
2025-11-07,P002,S001,163,158.57021931454574
2025-11-07,P002,S002,245,215.33857385868077
2025-11-07,P002,S003,139,147.91168297584773
2025-11-07,P003,S001,118,107.94699224259057
2025-11-07,P003,S002,149,155.39163921529962
2025-11-07,P003,S003,89,91.45483364930533
2025-11-07,P004,S001,208,233.44346309804723
2025-11-07,P004,S002,260,231.87775672509133
2025-11-07,P004,S003,228,210.3201259252446
2025-11-07,P005,S001,133,140.64647707983204
2025-11-07,P005,S002,177,160.73245589291992
2025-11-07,P005,S003,113,124.54645923917496
2025-11-08,P001,S001,135,132.87948767885064
2025-11-08,P001,S002,153,160.58605321782943
2025-11-08,P001,S003,122,119.84438952723121
2025-11-08,P002,S001,197,160.590788027519
2025-11-08,P002,S002,258,228.75437404321974
2025-11-08,P002,S003,158,147.8382362174675
2025-11-08,P003,S001,127,111.82154221937253
2025-11-08,P003,S002,111,130.2033659673507
2025-11-08,P003,S003,106,95.48865859594662
2025-11-08,P004,S001,236,207.86301950297047
2025-11-08,P004,S002,231,236.31560096929252
2025-11-08,P004,S003,202,188.50288073692036
2025-11-08,P005,S001,181,176.5855045529447
2025-11-08,P005,S002,220,199.81315816522738
2025-11-08,P005,S003,140,129.90144484187977
2025-11-09,P001,S001,145,136.41485936307845
2025-11-09,P001,S002,148,161.87364752397798
2025-11-09,P001,S003,128,121.30885878944173
2025-11-09,P002,S001,210,198.74943890524037
2025-11-09,P002,S002,172,198.1161413646314
2025-11-09,P002,S003,151,154.9601128065151
2025-11-09,P003,S001,132,146.00523906664193
2025-11-09,P003,S002,171,162.33252838072576
2025-11-09,P003,S003,112,100.8649254108127
2025-11-09,P004,S001,198,214.19133501699753
2025-11-09,P004,S002,239,238.4740093946939
2025-11-09,P004,S003,167,188.85001383486633
2025-11-09,P005,S001,143,151.5702658166756
2025-11-09,P005,S002,177,174.07186261604647
2025-11-09,P005,S003,190,160.78726097420667
2025-11-10,P001,S001,140,122.7980257868121
2025-11-10,P001,S002,194,174.4417089984181
2025-11-10,P001,S003,107,105.49688408411339
2025-11-10,P002,S001,154,152.60200755614323
2025-11-10,P002,S002,177,178.3535421068209
2025-11-10,P002,S003,154,137.6919540944491
2025-11-10,P003,S001,104,99.89081673747114
2025-11-10,P003,S002,130,118.87021451366127
2025-11-10,P003,S003,116,115.12767135033664
2025-11-10,P004,S001,206,195.10400326323452
2025-11-10,P004,S002,245,220.8491944585171
2025-11-10,P004,S003,200,202.50189726770168
2025-11-10,P005,S001,145,131.50378148480877
2025-11-10,P005,S002,142,154.4009147515667
2025-11-10,P005,S003,121,119.84353015285387
2025-11-11,P001,S001,132,122.79911487512891
2025-11-11,P001,S002,170,149.7900863402101
2025-11-11,P001,S003,138,136.81371111883846
2025-11-11,P002,S001,180,155.73127061823652
2025-11-11,P002,S002,201,178.90753521394618
2025-11-11,P002,S003,137,140.22563945940465
2025-11-11,P003,S001,108,102.01420293511
2025-11-11,P003,S002,111,118.24033549437263
2025-11-11,P003,S003,119,88.65175096882058
2025-11-11,P004,S001,189,193.75913102395134
2025-11-11,P004,S002,236,221.40097546655443
2025-11-11,P004,S003,184,173.43424059400877
2025-11-11,P005,S001,135,134.89521372259924
2025-11-11,P005,S002,150,154.33049236053148
2025-11-11,P005,S003,126,117.62585744844091
2025-11-12,P001,S001,141,124.00766604869386
2025-11-12,P001,S002,142,153.93051232518292
2025-11-12,P001,S003,129,110.62230287017564
2025-11-12,P002,S001,166,156.29600011007096
2025-11-12,P002,S002,170,183.10753485510804
2025-11-12,P002,S003,129,136.62673491551368
2025-11-12,P003,S001,111,102.52909523024664
2025-11-12,P003,S002,118,117.50592478374301
2025-11-12,P003,S003,108,89.74838724253823
2025-11-12,P004,S001,203,192.4615832836471
2025-11-12,P004,S002,224,224.85329713628835
2025-11-12,P004,S003,164,173.4495426290946
2025-11-12,P005,S001,160,135.27968306263938
2025-11-12,P005,S002,146,161.62468947036768
2025-11-12,P005,S003,126,120.50091430067187
2025-11-13,P001,S001,153,159.46933407926736
2025-11-13,P001,S002,180,183.19277307407674
2025-11-13,P001,S003,102,114.51080484523709
2025-11-13,P002,S001,140,159.57406759787682
2025-11-13,P002,S002,174,182.36588773217545
2025-11-13,P002,S003,166,172.5689322589369
2025-11-13,P003,S001,104,106.21419568454166
2025-11-13,P003,S002,140,152.56037724467342
2025-11-13,P003,S003,99,92.31134183860831
2025-11-13,P004,S001,172,200.50493355219533
2025-11-13,P004,S002,270,255.90422016110506
2025-11-13,P004,S003,160,176.21244118434697
2025-11-13,P005,S001,151,168.97639525862087
2025-11-13,P005,S002,156,156.71983441110842
2025-11-13,P005,S003,149,155.67394611051213
2025-11-14,P001,S001,133,132.05131062650116
2025-11-14,P001,S002,130,159.40379624534899
2025-11-14,P001,S003,151,147.32689135887267
2025-11-14,P002,S001,154,160.6187949918999
2025-11-14,P002,S002,187,189.26533030853443
2025-11-14,P002,S003,158,145.60824364433756
2025-11-14,P003,S001,127,138.62109312068105
2025-11-14,P003,S002,148,157.89529049625844
2025-11-14,P003,S003,85,94.78917847549928
2025-11-14,P004,S001,193,200.1528002962964
2025-11-14,P004,S002,256,235.711142853585
2025-11-14,P004,S003,190,212.25506296599588
2025-11-14,P005,S001,155,140.11854594274791
2025-11-14,P005,S002,165,160.87826531635346
2025-11-14,P005,S003,112,126.38263144271377
2025-11-15,P001,S001,122,134.2393565675584
2025-11-15,P001,S002,153,155.8720168222908
2025-11-15,P001,S003,157,155.09748908103165
2025-11-15,P002,S001,229,196.24749111169967
2025-11-15,P002,S002,261,226.71530906958242
2025-11-15,P002,S003,170,149.50069069798064
2025-11-15,P003,S001,109,113.32512465557147
2025-11-15,P003,S002,168,160.5722413189128
2025-11-15,P003,S003,100,97.58289114653326
2025-11-15,P004,S001,272,239.21367446867725
2025-11-15,P004,S002,290,235.07845755960034
2025-11-15,P004,S003,166,183.6938946210721
2025-11-15,P005,S001,171,179.2863670677898
2025-11-15,P005,S002,191,166.52285130987048
2025-11-15,P005,S003,172,163.2700223057318
2025-11-16,P001,S001,149,137.35126466875727
2025-11-16,P001,S002,142,159.91991462201713
2025-11-16,P001,S003,137,124.93016464645507
2025-11-16,P002,S001,182,175.29448236892495
2025-11-16,P002,S002,180,197.48156171578057
2025-11-16,P002,S003,163,155.39213588755
2025-11-16,P003,S001,119,114.92227087611809
2025-11-16,P003,S002,149,168.36761639726592
2025-11-16,P003,S003,101,101.76756876292802
2025-11-16,P004,S001,270,244.94650475615072
2025-11-16,P004,S002,242,247.10869804107915
2025-11-16,P004,S003,209,182.80628162886705
2025-11-16,P005,S001,143,151.19618153983856
2025-11-16,P005,S002,213,201.68602362583306
2025-11-16,P005,S003,125,139.04850611788106
2025-11-17,P001,S001,121,122.62713662953229
2025-11-17,P001,S002,163,145.08682604138448
2025-11-17,P001,S003,119,109.01985658686908
2025-11-17,P002,S001,202,183.81389072925185
2025-11-17,P002,S002,181,178.2730776934318
2025-11-17,P002,S003,123,138.45638659704537
2025-11-17,P003,S001,116,97.98880228708776
2025-11-17,P003,S002,123,118.46642596986112
2025-11-17,P003,S003,93,86.21730960823152
2025-11-17,P004,S001,175,202.5943080968741
2025-11-17,P004,S002,199,226.29354962650405
2025-11-17,P004,S003,217,203.00666888775868
2025-11-17,P005,S001,165,165.0949318707103
2025-11-17,P005,S002,168,154.1352154960182
2025-11-17,P005,S003,138,115.91223670594354
2025-11-18,P001,S001,131,121.76460901694281
2025-11-18,P001,S002,173,178.32340246259082
2025-11-18,P001,S003,128,143.09531699093168
2025-11-18,P002,S001,138,159.32925301451314
2025-11-18,P002,S002,183,179.04913001964906
2025-11-18,P002,S003,147,139.43364314688324
2025-11-18,P003,S001,106,102.12981743349565
2025-11-18,P003,S002,169,151.4283701547679
2025-11-18,P003,S003,97,89.22752290020571
2025-11-18,P004,S001,187,194.1001576474614
2025-11-18,P004,S002,266,256.4103991772108
2025-11-18,P004,S003,165,174.0528078039265
2025-11-18,P005,S001,124,135.98187938207866
2025-11-18,P005,S002,167,154.92118863308906
2025-11-18,P005,S003,125,121.10524482126903
2025-11-19,P001,S001,113,126.96044293405475
2025-11-19,P001,S002,182,182.91041741466006
2025-11-19,P001,S003,140,146.50684743690044
2025-11-19,P002,S001,167,156.62705500066932
2025-11-19,P002,S002,200,212.32607573618088
2025-11-19,P002,S003,133,139.7661554801266
2025-11-19,P003,S001,106,102.67261052059439
2025-11-19,P003,S002,122,124.38606008332863
2025-11-19,P003,S003,95,89.96955423966301
2025-11-19,P004,S001,193,195.460390006142
2025-11-19,P004,S002,253,262.43717056955757
2025-11-19,P004,S003,188,171.16716257830694
2025-11-19,P005,S001,144,137.7559481335793
2025-11-19,P005,S002,162,162.15769902372767
2025-11-19,P005,S003,121,123.15599636591423
2025-11-20,P001,S001,134,128.02533686483412
2025-11-20,P001,S002,157,155.5838561065034
2025-11-20,P001,S003,148,149.6389386079686
2025-11-20,P002,S001,146,159.65893701504956
2025-11-20,P002,S002,191,185.9263961236361
2025-11-20,P002,S003,127,143.8489713131912
2025-11-20,P003,S001,111,104.41534204773643
2025-11-20,P003,S002,127,125.89014350389607
2025-11-20,P003,S003,99,89.69757078505381
2025-11-20,P004,S001,194,197.59967050207888
2025-11-20,P004,S002,219,235.3152628824664
2025-11-20,P004,S003,172,176.55463697199912
2025-11-20,P005,S001,139,138.4732897342651
2025-11-20,P005,S002,195,193.26348468799733
2025-11-20,P005,S003,120,126.22705801802795
2025-11-21,P001,S001,128,129.7430009503596
2025-11-21,P001,S002,179,188.90912383111254
2025-11-21,P001,S003,128,125.4426607623177
2025-11-21,P002,S001,176,161.96383193796646
2025-11-21,P002,S002,174,191.42131044006828
2025-11-21,P002,S003,144,144.38154003328737
2025-11-21,P003,S001,112,109.23345910721582
2025-11-21,P003,S002,124,162.48709070651557
2025-11-21,P003,S003,101,91.94672057102935
2025-11-21,P004,S001,179,202.26587320183853
2025-11-21,P004,S002,236,235.93769533553314
2025-11-21,P004,S003,223,213.45659112285284
2025-11-21,P005,S001,134,142.09348378518462
2025-11-21,P005,S002,189,199.39562447782782
2025-11-21,P005,S003,137,124.24494966384009
2025-11-22,P001,S001,127,131.49577134881656
2025-11-22,P001,S002,218,192.79421804517233
2025-11-22,P001,S003,164,157.336028116561
2025-11-22,P002,S001,181,172.37538277276963
2025-11-22,P002,S002,184,197.98338469141117
2025-11-22,P002,S003,146,149.60215867585475
2025-11-22,P003,S001,147,143.45104021606812
2025-11-22,P003,S002,135,131.47010867336803
2025-11-22,P003,S003,108,97.16296739056224
2025-11-22,P004,S001,212,209.88484020391115
2025-11-22,P004,S002,247,240.15179916495617
2025-11-22,P004,S003,221,186.92643568647145
2025-11-22,P005,S001,132,146.26583321652333
2025-11-22,P005,S002,178,175.1881533435958
2025-11-22,P005,S003,117,133.21983387340515
2025-11-23,P001,S001,144,136.3158795218951
2025-11-23,P001,S002,169,167.3839364136761
2025-11-23,P001,S003,130,130.63665842516366
2025-11-23,P002,S001,176,173.75805077376663
2025-11-23,P002,S002,166,191.0549723354875
2025-11-23,P002,S003,176,150.91548969872701
2025-11-23,P003,S001,116,150.4076371215665
2025-11-23,P003,S002,149,136.9016368706566
2025-11-23,P003,S003,111,100.5429325582013
2025-11-23,P004,S001,210,210.66452865871952
2025-11-23,P004,S002,252,241.98933242198473
2025-11-23,P004,S003,195,192.4040805106224
2025-11-23,P005,S001,135,145.0472265862736
2025-11-23,P005,S002,156,176.2388589282582
2025-11-23,P005,S003,158,133.7470746319732
2025-11-24,P001,S001,128,119.78244281012257
2025-11-24,P001,S002,123,152.65340026215927
2025-11-24,P001,S003,128,143.56625080961112
2025-11-24,P002,S001,173,156.12437181743326
2025-11-24,P002,S002,165,174.94115606846435
2025-11-24,P002,S003,150,135.35636569850521
2025-11-24,P003,S001,107,98.73510031231399
2025-11-24,P003,S002,149,151.49248773973795
2025-11-24,P003,S003,96,85.8755768293804
2025-11-24,P004,S001,195,189.5677029916078
2025-11-24,P004,S002,206,224.9538903140092
2025-11-24,P004,S003,189,178.33483400903515
2025-11-24,P005,S001,192,162.6460668283039
2025-11-24,P005,S002,134,154.4873136466481
2025-11-24,P005,S003,141,151.75926911408487
2025-11-25,P001,S001,148,153.47462500511529
2025-11-25,P001,S002,151,150.6797398355052
2025-11-25,P001,S003,122,116.95983071814953
2025-11-25,P002,S001,172,155.9937319276928
2025-11-25,P002,S002,202,176.9420669266633
2025-11-25,P002,S003,143,138.36272179398838
2025-11-25,P003,S001,110,99.9686772055461
2025-11-25,P003,S002,142,156.20982442158402
2025-11-25,P003,S003,130,119.97509133577296
2025-11-25,P004,S001,197,193.05586564767236
2025-11-25,P004,S002,211,226.8925855654711
2025-11-25,P004,S003,200,207.82168605069091
2025-11-25,P005,S001,179,167.48119160933675
2025-11-25,P005,S002,170,154.88850802609022
2025-11-25,P005,S003,151,151.4912134752467
2025-11-26,P001,S001,123,125.18837412280027
2025-11-26,P001,S002,141,152.4814212795418
2025-11-26,P001,S003,115,118.41391801007012
2025-11-26,P002,S001,186,192.04898176801726
2025-11-26,P002,S002,197,181.52705663602455
2025-11-26,P002,S003,137,138.97054538242492
2025-11-26,P003,S001,109,103.143797779961
2025-11-26,P003,S002,84,123.38809478668327
2025-11-26,P003,S003,76,93.0517755229198
2025-11-26,P004,S001,228,195.7570356563947
2025-11-26,P004,S002,247,259.26969695489834
2025-11-26,P004,S003,180,180.929924411118
2025-11-26,P005,S001,167,173.03473180131004
2025-11-26,P005,S002,153,159.1980799150283
2025-11-26,P005,S003,126,124.1456962322045
2025-11-27,P001,S001,128,127.65090779095681
2025-11-27,P001,S002,131,154.52458001945524
2025-11-27,P001,S003,121,119.12451450161097
2025-11-27,P002,S001,219,194.98234218232892
2025-11-27,P002,S002,191,184.46044541437914
2025-11-27,P002,S003,156,141.7154208869183
2025-11-27,P003,S001,112,105.99867588790221
2025-11-27,P003,S002,154,154.40956632058396
2025-11-27,P003,S003,122,123.73512689084373
2025-11-27,P004,S001,221,199.6285173920196
2025-11-27,P004,S002,189,232.61499444137507
2025-11-27,P004,S003,197,212.91066260206526
2025-11-27,P005,S001,151,175.46268453724315
2025-11-27,P005,S002,155,162.5983046371298
2025-11-27,P005,S003,132,126.74617487712112
2025-11-28,P001,S001,127,128.95678381243852
2025-11-28,P001,S002,140,154.65559260211785
2025-11-28,P001,S003,113,123.10096847078285
2025-11-28,P002,S001,209,201.85910732892216
2025-11-28,P002,S002,222,217.46724206258568
2025-11-28,P002,S003,128,145.7614175063086
2025-11-28,P003,S001,132,141.78865936649527
2025-11-28,P003,S002,132,131.46781119989282
2025-11-28,P003,S003,99,97.72438966686514
2025-11-28,P004,S001,243,234.8742326997417
2025-11-28,P004,S002,224,231.47544476418398
2025-11-28,P004,S003,192,221.4056270802016
2025-11-28,P005,S001,140,145.54985376489503
2025-11-28,P005,S002,146,164.8239335231019
2025-11-28,P005,S003,134,129.14593645506147
2025-11-29,P001,S001,145,131.24943942149457
2025-11-29,P001,S002,171,159.15226797913283
2025-11-29,P001,S003,148,127.72482645716264
2025-11-29,P002,S001,185,178.459694898399
2025-11-29,P002,S002,239,227.74660726898765
2025-11-29,P002,S003,169,147.5774119814546
2025-11-29,P003,S001,132,115.42429578507517
2025-11-29,P003,S002,127,133.7862667098202
2025-11-29,P003,S003,144,132.26990637937797
2025-11-29,P004,S001,243,247.46826663547608
2025-11-29,P004,S002,234,237.69041156799676
2025-11-29,P004,S003,215,190.8522890213053
2025-11-29,P005,S001,189,180.82309446158206
2025-11-29,P005,S002,194,166.16593963814603
2025-11-29,P005,S003,168,165.68863269027543
2025-11-30,P001,S001,139,138.55524884969873
2025-11-30,P001,S002,190,191.10089612043294
2025-11-30,P001,S003,125,129.446419278775
2025-11-30,P002,S001,176,177.93287640632298
2025-11-30,P002,S002,229,197.22290165541972
2025-11-30,P002,S003,183,154.75052911031707
2025-11-30,P003,S001,114,116.82948306308117
2025-11-30,P003,S002,169,167.67430982313317
2025-11-30,P003,S003,105,107.58008178221053
2025-11-30,P004,S001,229,250.554378016202
2025-11-30,P004,S002,263,239.38772379841294
2025-11-30,P004,S003,218,196.80602170490192
2025-11-30,P005,S001,150,155.20208818633546
2025-11-30,P005,S002,163,172.8229645202464
2025-11-30,P005,S003,142,139.51649073235558
2025-12-01,P001,S001,130,119.94838267886962
2025-12-01,P001,S002,146,145.40447216853772
2025-12-01,P001,S003,112,112.59967119537077
2025-12-01,P002,S001,192,162.93789027444427
2025-12-01,P002,S002,239,216.2709009633154
2025-12-01,P002,S003,162,137.7616163654361
2025-12-01,P003,S001,120,100.71257963568041
2025-12-01,P003,S002,133,123.61121432121809
2025-12-01,P003,S003,108,89.36920137061907
2025-12-01,P004,S001,209,199.412689191141
2025-12-01,P004,S002,232,220.6331871906582
2025-12-01,P004,S003,167,182.7835023850921
2025-12-01,P005,S001,167,142.2109995990345
2025-12-01,P005,S002,160,153.09089335944964
2025-12-01,P005,S003,138,123.85595949399931
2025-12-02,P001,S001,129,123.26108941020402
2025-12-02,P001,S002,154,147.25741226286345
2025-12-02,P001,S003,133,112.8802198340104
2025-12-02,P002,S001,154,164.39771465684544
2025-12-02,P002,S002,155,190.46175739578484
2025-12-02,P002,S003,171,172.90722898988815
2025-12-02,P003,S001,120,103.51814455719659
2025-12-02,P003,S002,124,125.88643743339526
2025-12-02,P003,S003,97,94.38649058862256
2025-12-02,P004,S001,227,231.4671399067979
2025-12-02,P004,S002,223,226.83504985534637
2025-12-02,P004,S003,191,179.149472103652
2025-12-02,P005,S001,153,143.1340738717613
2025-12-02,P005,S002,208,189.35735816978286
2025-12-02,P005,S003,139,124.72455337568044
2025-12-03,P001,S001,151,123.2885014541871
2025-12-03,P001,S002,146,149.8256258108845
2025-12-03,P001,S003,131,117.74928154530562
2025-12-03,P002,S001,214,197.3562522928073
2025-12-03,P002,S002,176,187.41803209692625
2025-12-03,P002,S003,157,142.91103118949286
2025-12-03,P003,S001,98,106.30639236524621
2025-12-03,P003,S002,182,154.24784068444524
2025-12-03,P003,S003,104,92.63972454234772
2025-12-03,P004,S001,210,206.3149673212265
2025-12-03,P004,S002,209,228.5824868329346
2025-12-03,P004,S003,174,182.6144289964127
2025-12-03,P005,S001,175,175.68595237017644
2025-12-03,P005,S002,195,162.24073664261368
2025-12-03,P005,S003,153,157.44052842690462
2025-12-04,P001,S001,133,128.93292194974129
2025-12-04,P001,S002,150,150.13257101943464
2025-12-04,P001,S003,116,121.18001519487098
2025-12-04,P002,S001,203,205.8764641144685
2025-12-04,P002,S002,206,188.49185987507008
2025-12-04,P002,S003,156,146.61762734542617
2025-12-04,P003,S001,106,108.0231544232388
2025-12-04,P003,S002,183,166.2288978721499
2025-12-04,P003,S003,109,99.21602051571335
2025-12-04,P004,S001,234,205.0009353583241
2025-12-04,P004,S002,239,223.8209722270767
2025-12-04,P004,S003,184,183.68633653675533
2025-12-04,P005,S001,188,178.834292397215
2025-12-04,P005,S002,195,167.5784066039314
2025-12-04,P005,S003,160,130.44091338148064
2025-12-05,P001,S001,162,162.78930970017336
2025-12-05,P001,S002,173,155.80175172717736
2025-12-05,P001,S003,134,121.92815232551993
2025-12-05,P002,S001,177,177.94844903256626
2025-12-05,P002,S002,251,195.0486140853377
2025-12-05,P002,S003,154,147.38986806515913
2025-12-05,P003,S001,113,111.44137614215242
2025-12-05,P003,S002,141,137.07054211902778
2025-12-05,P003,S003,117,131.77899372505726
2025-12-05,P004,S001,223,209.13596657941252
2025-12-05,P004,S002,231,231.38972050443226
2025-12-05,P004,S003,174,188.51277131936558
2025-12-05,P005,S001,166,151.47742538868715
2025-12-05,P005,S002,215,204.31976924862556
2025-12-05,P005,S003,134,135.49386381427894
2025-12-06,P001,S001,171,136.69229142768927
2025-12-06,P001,S002,173,162.91823329895124
2025-12-06,P001,S003,136,129.58915359019102
2025-12-06,P002,S001,216,177.7896193534325
2025-12-06,P002,S002,232,203.15579033717313
2025-12-06,P002,S003,177,153.19642950506113
2025-12-06,P003,S001,123,115.83827609568152
2025-12-06,P003,S002,130,138.87751853424925
2025-12-06,P003,S003,118,106.02550594965305
2025-12-06,P004,S001,206,214.07166202859298
2025-12-06,P004,S002,254,234.28787789660964
2025-12-06,P004,S003,190,191.1833665491863
2025-12-06,P005,S001,147,154.88370555607253
2025-12-06,P005,S002,173,177.5468092735632
2025-12-06,P005,S003,188,169.25189521548737
2025-12-07,P001,S001,151,141.10287698997263
2025-12-07,P001,S002,155,165.46175233217264
2025-12-07,P001,S003,132,129.8047635173234
2025-12-07,P002,S001,201,183.88994816515424
2025-12-07,P002,S002,173,205.0905445928397
2025-12-07,P002,S003,174,159.73803599401526
2025-12-07,P003,S001,125,148.51212090948502
2025-12-07,P003,S002,143,144.0244600421388
2025-12-07,P003,S003,117,106.90871173268806
2025-12-07,P004,S001,243,214.6491646718987
2025-12-07,P004,S002,281,241.62210106949306
2025-12-07,P004,S003,221,193.95299060632897
2025-12-07,P005,S001,206,186.21047887839995
2025-12-07,P005,S002,214,175.13825263470653
2025-12-07,P005,S003,155,144.75373778821086
2025-12-08,P001,S001,127,123.93416617421099
2025-12-08,P001,S002,181,173.98121634316203
2025-12-08,P001,S003,137,144.82877484165056
2025-12-08,P002,S001,172,169.71535564771193
2025-12-08,P002,S002,194,184.17576544622443
2025-12-08,P002,S003,143,142.30576325838865
2025-12-08,P003,S001,113,101.42815253858771
2025-12-08,P003,S002,161,157.72791095211005
2025-12-08,P003,S003,123,123.30197808938738
2025-12-08,P004,S001,238,200.6784892562664
2025-12-08,P004,S002,203,223.81426854215306
2025-12-08,P004,S003,183,176.67261749071986
2025-12-08,P005,S001,159,149.0217629145077
2025-12-08,P005,S002,173,162.89716558911505
2025-12-08,P005,S003,160,159.39858936320388
2025-12-09,P001,S001,125,126.17137882563611
2025-12-09,P001,S002,174,149.25724843189346
2025-12-09,P001,S003,112,117.5676446393627
2025-12-09,P002,S001,215,200.01951902234532
2025-12-09,P002,S002,201,182.25765244339982
2025-12-09,P002,S003,173,142.49255295908142
2025-12-09,P003,S001,108,103.23393406877585
2025-12-09,P003,S002,162,163.17412159327114
2025-12-09,P003,S003,118,128.21874720922278
2025-12-09,P004,S001,214,203.94805635060357
2025-12-09,P004,S002,231,220.96417531607176
2025-12-09,P004,S003,193,178.23444135858745
2025-12-09,P005,S001,182,178.2432113344462
2025-12-09,P005,S002,161,165.9554128600712
2025-12-09,P005,S003,151,164.58667758847741
2025-12-10,P001,S001,137,127.91859432301544
2025-12-10,P001,S002,179,152.34215883580828
2025-12-10,P001,S003,130,117.26333762371814
2025-12-10,P002,S001,167,177.17066188264153
2025-12-10,P002,S002,215,187.60152147491908
2025-12-10,P002,S003,161,146.34963732150982
2025-12-10,P003,S001,123,103.3163912745581
2025-12-10,P003,S002,130,133.77340496855595
2025-12-10,P003,S003,131,128.78748743409915
2025-12-10,P004,S001,262,237.96885511325263
2025-12-10,P004,S002,240,226.44950579107126
2025-12-10,P004,S003,177,180.73520831427504
2025-12-10,P005,S001,154,152.19054982076022
2025-12-10,P005,S002,215,196.333769564053
2025-12-10,P005,S003,114,132.6390848551323
2025-12-11,P001,S001,143,130.14872573462935
2025-12-11,P001,S002,173,154.91096773167646
2025-12-11,P001,S003,133,121.46774559210417
2025-12-11,P002,S001,162,178.03865064624551
2025-12-11,P002,S002,237,225.83511270250392
2025-12-11,P002,S003,166,180.91748288627514
2025-12-11,P003,S001,144,140.02767410170463
2025-12-11,P003,S002,156,168.59118266415499
2025-12-11,P003,S003,116,103.84410311244028
2025-12-11,P004,S001,216,214.11095161751336
2025-12-11,P004,S002,224,228.44224324007064
2025-12-11,P004,S003,192,183.1615012652569
2025-12-11,P005,S001,138,152.634749984059
2025-12-11,P005,S002,163,172.24520329907318
2025-12-11,P005,S003,142,133.0103153000091
2025-12-12,P001,S001,125,135.0075804052558
2025-12-12,P001,S002,171,158.78765255062308
2025-12-12,P001,S003,122,124.81061482206542
2025-12-12,P002,S001,168,177.2427546090148
2025-12-12,P002,S002,246,234.15278102429647
2025-12-12,P002,S003,137,151.16843494322802
2025-12-12,P003,S001,111,114.92732786226497
2025-12-12,P003,S002,128,138.24326942143261
2025-12-12,P003,S003,120,136.51748629466329
2025-12-12,P004,S001,235,215.17956506757446
2025-12-12,P004,S002,262,230.84442213202328
2025-12-12,P004,S003,226,217.63940157070238
2025-12-12,P005,S001,167,152.26691837895714
2025-12-12,P005,S002,159,171.99413090047847
2025-12-12,P005,S003,127,136.02085277444803
2025-12-13,P001,S001,142,137.13336336408656
2025-12-13,P001,S002,194,164.06867323796678
2025-12-13,P001,S003,172,159.61630037426448
2025-12-13,P002,S001,230,211.99038287456506
2025-12-13,P002,S002,205,206.9011688823898
2025-12-13,P002,S003,203,187.578315221936
2025-12-13,P003,S001,126,116.03701434996401
2025-12-13,P003,S002,173,170.63291536501674
2025-12-13,P003,S003,147,141.8380311003525
2025-12-13,P004,S001,251,218.37966379042564
2025-12-13,P004,S002,245,239.35575998922923
2025-12-13,P004,S003,212,194.4915339966642
2025-12-13,P005,S001,215,189.87106323509715
2025-12-13,P005,S002,170,174.1454643301022
2025-12-13,P005,S003,164,174.1363222981322
2025-12-14,P001,S001,142,138.31828058408064
2025-12-14,P001,S002,205,199.68122685990738
2025-12-14,P001,S003,137,134.84800259197164
2025-12-14,P002,S001,181,187.38838090114314
2025-12-14,P002,S002,216,204.24300931627067
2025-12-14,P002,S003,184,163.7847809904938
2025-12-14,P003,S001,138,119.57792372947279
2025-12-14,P003,S002,186,180.16496796563433
2025-12-14,P003,S003,108,113.44458163767376
2025-12-14,P004,S001,237,225.72664994494335
2025-12-14,P004,S002,257,242.88496247770172
2025-12-14,P004,S003,222,231.69243152835134
2025-12-14,P005,S001,157,166.88684382654264
2025-12-14,P005,S002,199,178.11492951450919
2025-12-14,P005,S003,155,143.3359588205817
2025-12-15,P001,S001,142,152.51671658865098
2025-12-15,P001,S002,158,154.59568859412911
2025-12-15,P001,S003,126,116.64838500124733
2025-12-15,P002,S001,172,169.7661964246854
2025-12-15,P002,S002,231,193.31726820239737
2025-12-15,P002,S003,146,145.34222535687059
2025-12-15,P003,S001,117,104.3684743108015
2025-12-15,P003,S002,173,166.0902406970231
2025-12-15,P003,S003,95,96.45129967828643
2025-12-15,P004,S001,249,241.79840315083356
2025-12-15,P004,S002,257,222.67119019444408
2025-12-15,P004,S003,183,180.53843945588324
2025-12-15,P005,S001,153,145.85608637819314
2025-12-15,P005,S002,166,162.67119531205617
2025-12-15,P005,S003,138,128.9693791143245
2025-12-16,P001,S001,165,156.17669643647196
2025-12-16,P001,S002,151,154.1257711499552
2025-12-16,P001,S003,120,117.4017119629575
2025-12-16,P002,S001,201,201.85622829292788
2025-12-16,P002,S002,254,223.3854513894653
2025-12-16,P002,S003,159,147.21938565476694
2025-12-16,P003,S001,144,137.78161934449417
2025-12-16,P003,S002,129,135.8372326032054
2025-12-16,P003,S003,88,96.92454361971886
2025-12-16,P004,S001,212,212.8824838411656
2025-12-16,P004,S002,305,257.5715941140761
2025-12-16,P004,S003,231,215.5444893309368
2025-12-16,P005,S001,142,147.68593846507747
2025-12-16,P005,S002,166,165.12012731997493
2025-12-16,P005,S003,110,128.36575650585928
2025-12-17,P001,S001,133,130.63812667496768
2025-12-17,P001,S002,159,156.2761393995197
2025-12-17,P001,S003,121,119.97732474023815
2025-12-17,P002,S001,197,207.32264260784905
2025-12-17,P002,S002,195,199.76596773424671
2025-12-17,P002,S003,185,180.00308214842562
2025-12-17,P003,S001,119,110.90632239265915
2025-12-17,P003,S002,134,135.95160516344777
2025-12-17,P003,S003,95,99.13843901707332
2025-12-17,P004,S001,244,243.80416856718375
2025-12-17,P004,S002,211,232.77711024239898
2025-12-17,P004,S003,231,220.57890864244928
2025-12-17,P005,S001,161,149.064196241844
2025-12-17,P005,S002,209,199.82218619890273
2025-12-17,P005,S003,135,127.52546899090521
2025-12-18,P001,S001,155,131.18954120684793
2025-12-18,P001,S002,208,190.73904339522187
2025-12-18,P001,S003,130,122.06647556840244
2025-12-18,P002,S001,204,208.33564770877047
2025-12-18,P002,S002,178,201.56849341670204
2025-12-18,P002,S003,168,154.59766679651057
2025-12-18,P003,S001,121,113.3459615220213
2025-12-18,P003,S002,185,173.01295577030214
2025-12-18,P003,S003,110,101.08672300642183
2025-12-18,P004,S001,194,216.6609698764455
2025-12-18,P004,S002,240,231.7762612475608
2025-12-18,P004,S003,226,224.88307715245492
2025-12-18,P005,S001,142,152.0108975133253
2025-12-18,P005,S002,185,171.2794705810702
2025-12-18,P005,S003,141,133.3716309620163
2025-12-19,P001,S001,139,136.05925949998027
2025-12-19,P001,S002,164,166.95137861726516
2025-12-19,P001,S003,130,125.79241063951349
2025-12-19,P002,S001,256,212.95161560993847
2025-12-19,P002,S002,191,204.96349958310384
2025-12-19,P002,S003,145,155.01807332080125
2025-12-19,P003,S001,122,146.47847616258196
2025-12-19,P003,S002,124,143.3449359538845
2025-12-19,P003,S003,91,105.24223402690495
2025-12-19,P004,S001,235,216.64198198745498
2025-12-19,P004,S002,300,268.7826232731727
2025-12-19,P004,S003,198,198.82817671713383
2025-12-19,P005,S001,166,154.61811666637686
2025-12-19,P005,S002,180,174.1141115239111
2025-12-19,P005,S003,153,134.53363584044337
2025-12-20,P001,S001,169,140.215414397529
2025-12-20,P001,S002,222,199.06381068871406
2025-12-20,P001,S003,158,131.0010752413532
2025-12-20,P002,S001,204,194.7254544466623
2025-12-20,P002,S002,222,203.97885571215056
2025-12-20,P002,S003,187,160.93115425011501
2025-12-20,P003,S001,154,151.00315798953534
2025-12-20,P003,S002,150,144.19315233501266
2025-12-20,P003,S003,114,107.54526267801657
2025-12-20,P004,S001,283,254.02925172086816
2025-12-20,P004,S002,278,244.42831108110613
2025-12-20,P004,S003,253,199.39508376257436
2025-12-20,P005,S001,178,191.95743622569216
2025-12-20,P005,S002,200,176.21966214231452
2025-12-20,P005,S003,158,143.43868979367153
2025-12-21,P001,S001,149,144.6197312855802
2025-12-21,P001,S002,175,174.9618198409771
2025-12-21,P001,S003,137,132.898965523093
2025-12-21,P002,S001,205,192.50325058716498
2025-12-21,P002,S002,235,206.502466603421
2025-12-21,P002,S003,177,165.96891337773968
2025-12-21,P003,S001,151,125.72841005654755
2025-12-21,P003,S002,160,181.22431474458836
2025-12-21,P003,S003,109,109.22328683502474
2025-12-21,P004,S001,239,230.86465033919694
2025-12-21,P004,S002,284,281.63596680152204
2025-12-21,P004,S003,230,210.4118260202299
2025-12-21,P005,S001,163,163.65471133591927
2025-12-21,P005,S002,214,184.01845965921666
2025-12-21,P005,S003,158,145.15686963761436
2025-12-22,P001,S001,152,127.03971197425972
2025-12-22,P001,S002,160,155.6836711104511
2025-12-22,P001,S003,164,148.26745360395853
2025-12-22,P002,S001,233,207.78669807910546
2025-12-22,P002,S002,197,194.94120799281154
2025-12-22,P002,S003,161,146.79700565749135
2025-12-22,P003,S001,119,109.81670916348958
2025-12-22,P003,S002,128,134.88492500953362
2025-12-22,P003,S003,107,93.16110530615879
2025-12-22,P004,S001,254,246.4781439948315
2025-12-22,P004,S002,310,263.89731676570227
2025-12-22,P004,S003,192,189.861030078574
2025-12-22,P005,S001,197,176.87675786377804
2025-12-22,P005,S002,199,165.9798577172919
2025-12-22,P005,S003,160,160.70754715777093
2025-12-23,P001,S001,142,131.80512388621764
2025-12-23,P001,S002,155,154.8838404094986
2025-12-23,P001,S003,119,119.27307238567846
2025-12-23,P002,S001,173,185.9082364828082
2025-12-23,P002,S002,227,196.13204573055646
2025-12-23,P002,S003,166,151.80231199762738
2025-12-23,P003,S001,123,110.65551995792293
2025-12-23,P003,S002,140,132.9206896555952
2025-12-23,P003,S003,100,95.38873780118274
2025-12-23,P004,S001,198,216.0927350858865
2025-12-23,P004,S002,231,242.260423468319
2025-12-23,P004,S003,158,192.32680165811234
2025-12-23,P005,S001,161,152.4766434262633
2025-12-23,P005,S002,191,167.86185076467336
2025-12-23,P005,S003,151,131.9122343391391
2025-12-24,P001,S001,164,163.96612734496966
2025-12-24,P001,S002,168,156.87851971288728
2025-12-24,P001,S003,157,151.87170302745562
2025-12-24,P002,S001,171,181.90472791396587
2025-12-24,P002,S002,239,230.72407764528543
2025-12-24,P002,S003,185,186.5938585974818
2025-12-24,P003,S001,127,112.64610709518138
2025-12-24,P003,S002,118,134.897245887184
2025-12-24,P003,S003,103,130.16625139664347
2025-12-24,P004,S001,224,218.77577771237793
2025-12-24,P004,S002,300,265.58025813354516
2025-12-24,P004,S003,231,221.7264012170208
2025-12-24,P005,S001,178,154.47867659637586
2025-12-24,P005,S002,181,175.6002579833139
2025-12-24,P005,S003,137,133.75929315504163
2025-12-25,P001,S001,190,181.2640271687842
2025-12-25,P001,S002,191,205.96122798810347
2025-12-25,P001,S003,162,168.806523397413
2025-12-25,P002,S001,219,226.1103932825572
2025-12-25,P002,S002,324,279.49528017914736
2025-12-25,P002,S003,168,200.70788003740017
2025-12-25,P003,S001,158,159.4532262049056
2025-12-25,P003,S002,172,212.94635191036605
2025-12-25,P003,S003,146,144.2418080571515
2025-12-25,P004,S001,258,260.5435341960506
2025-12-25,P004,S002,294,286.72626023187877
2025-12-25,P004,S003,286,272.1316697243833
2025-12-25,P005,S001,189,198.40553659094485
2025-12-25,P005,S002,261,248.82612266955857
2025-12-25,P005,S003,233,211.42095026633024
2025-12-26,P001,S001,179,174.33030049617628
2025-12-26,P001,S002,146,165.7513376817633
2025-12-26,P001,S003,143,162.03089796232098
2025-12-26,P002,S001,173,193.42211024624976
2025-12-26,P002,S002,262,250.95385875561806
2025-12-26,P002,S003,148,158.02725742166695
2025-12-26,P003,S001,113,121.65020458677964
2025-12-26,P003,S002,135,139.62142015935615
2025-12-26,P003,S003,93,106.47882988334231
2025-12-26,P004,S001,188,228.79031559915347
2025-12-26,P004,S002,233,254.90265922978915
2025-12-26,P004,S003,209,206.78602262068216
2025-12-26,P005,S001,137,163.0072504425816
2025-12-26,P005,S002,186,216.26650489938265
2025-12-26,P005,S003,145,148.24400739627845
2025-12-27,P001,S001,167,148.83252910135752
2025-12-27,P001,S002,209,201.09308698353016
2025-12-27,P001,S003,170,168.36734021766097
2025-12-27,P002,S001,178,192.8392890799305
2025-12-27,P002,S002,230,220.33663883634927
2025-12-27,P002,S003,151,165.48122815282568
2025-12-27,P003,S001,130,123.99561925119497
2025-12-27,P003,S002,144,146.13623247271653
2025-12-27,P003,S003,148,141.5632415375312
2025-12-27,P004,S001,238,228.75938713192772
2025-12-27,P004,S002,284,249.58661763554755
2025-12-27,P004,S003,189,208.0923023663422
2025-12-27,P005,S001,193,196.07278991517614
2025-12-27,P005,S002,238,217.01415421493994
2025-12-27,P005,S003,147,148.40107519489084
2025-12-28,P001,S001,173,182.30871514522732
2025-12-28,P001,S002,194,175.18767999950978
2025-12-28,P001,S003,147,139.01311123262212
2025-12-28,P002,S001,234,223.6007685528516
2025-12-28,P002,S002,224,223.81562627653693
2025-12-28,P002,S003,219,197.29114111851413
2025-12-28,P003,S001,142,160.01621193462552
2025-12-28,P003,S002,176,149.7047892446899
2025-12-28,P003,S003,111,114.06728201563101
2025-12-28,P004,S001,247,231.19107223024093
2025-12-28,P004,S002,282,258.4917364656344
2025-12-28,P004,S003,187,207.49305964402038
2025-12-28,P005,S001,158,167.32382002764598
2025-12-28,P005,S002,192,195.09831413231495
2025-12-28,P005,S003,174,182.55473553693946
2025-12-29,P001,S001,150,136.9253480311163
2025-12-29,P001,S002,194,189.2165016991098
2025-12-29,P001,S003,122,124.13894275516077
2025-12-29,P002,S001,207,212.4444709070658
2025-12-29,P002,S002,208,206.79698813465393
2025-12-29,P002,S003,168,154.1639859033603
2025-12-29,P003,S001,120,110.58109688300692
2025-12-29,P003,S002,143,134.61978532921785
2025-12-29,P003,S003,107,96.54782201916169
2025-12-29,P004,S001,215,217.47174769826097
2025-12-29,P004,S002,227,245.06031729537835
2025-12-29,P004,S003,201,187.27606621088944
2025-12-29,P005,S001,130,152.10394954441745
2025-12-29,P005,S002,170,175.6556019477448
2025-12-29,P005,S003,125,137.43659624860447
2025-12-30,P001,S001,146,138.92988592237907
2025-12-30,P001,S002,164,160.97101165162394
2025-12-30,P001,S003,126,121.20946642102035
2025-12-30,P002,S001,196,180.19111305938395
2025-12-30,P002,S002,198,210.58678199337237
2025-12-30,P002,S003,185,186.9998285606498
2025-12-30,P003,S001,132,144.79518100627
2025-12-30,P003,S002,173,166.87708633357352
2025-12-30,P003,S003,109,96.8925259763464
2025-12-30,P004,S001,223,212.24748081194593
2025-12-30,P004,S002,260,242.04071436133836
2025-12-30,P004,S003,205,191.50537340684014
2025-12-30,P005,S001,176,147.75711564130506
2025-12-30,P005,S002,199,175.09870156351235
2025-12-30,P005,S003,144,133.51768459521008
2025-12-31,P001,S001,132,140.81405929136145
2025-12-31,P001,S002,168,161.87354059021982
2025-12-31,P001,S003,128,125.84114697650557
2025-12-31,P002,S001,176,214.82167301383515
2025-12-31,P002,S002,215,209.23996278432105
2025-12-31,P002,S003,191,192.85303053275902
2025-12-31,P003,S001,118,115.88942596279139
2025-12-31,P003,S002,126,138.75633610325622
2025-12-31,P003,S003,113,100.45380808208347
2025-12-31,P004,S001,233,249.98829280014888
2025-12-31,P004,S002,239,244.98261344196226
2025-12-31,P004,S003,259,229.37980698467982
2025-12-31,P005,S001,173,187.5842532249212
2025-12-31,P005,S002,166,181.85380392889056
2025-12-31,P005,S003,146,137.64824952819936
