Date,Product_ID,Store_ID,Actual_Units_Sold,Predicted_Units_Sold
2025-06-01,P001,S001,159,161.99333333333334
2025-06-01,P001,S002,183,216.90666666666667
2025-06-01,P001,S003,131,144.52
2025-06-01,P002,S001,207,256.05
2025-06-01,P002,S002,226,222.07333333333332
2025-06-01,P002,S003,143,177.58
2025-06-01,P003,S001,135,128.20333333333335
2025-06-01,P003,S002,164,185.12666666666667
2025-06-01,P003,S003,137,147.59666666666666
2025-06-01,P004,S001,172,236.23333333333332
2025-06-01,P004,S002,275,257.04333333333335
2025-06-01,P004,S003,205,215.38
2025-06-01,P005,S001,177,200.43666666666667
2025-06-01,P005,S002,199,201.01333333333332
2025-06-01,P005,S003,178,187.68
2025-06-02,P001,S001,140,144.63333333333333
2025-06-02,P001,S002,168,188.07
2025-06-02,P001,S003,133,124.22666666666667
2025-06-02,P002,S001,164,184.82
2025-06-02,P002,S002,157,200.74666666666667
2025-06-02,P002,S003,160,153.33666666666667
2025-06-02,P003,S001,104,119.90666666666667
2025-06-02,P003,S002,127,136.42
2025-06-02,P003,S003,99,108.65333333333334
2025-06-02,P004,S001,196,209.81666666666666
2025-06-02,P004,S002,215,250.82333333333332
2025-06-02,P004,S003,192,194.75333333333333
2025-06-02,P005,S001,155,150.46
2025-06-02,P005,S002,200,222.88
2025-06-02,P005,S003,131,138.51666666666668
2025-06-03,P001,S001,170,171.1
2025-06-03,P001,S002,153,157.31666666666666
2025-06-03,P001,S003,160,153.45
2025-06-03,P002,S001,204,214.27333333333334
2025-06-03,P002,S002,221,202.24
2025-06-03,P002,S003,145,156.26333333333332
2025-06-03,P003,S001,136,140.80666666666667
2025-06-03,P003,S002,122,135.95666666666668
2025-06-03,P003,S003,108,108.28666666666666
2025-06-03,P004,S001,196,207.04333333333332
2025-06-03,P004,S002,281,281.86
2025-06-03,P004,S003,205,191.70333333333335
2025-06-03,P005,S001,144,151.00666666666666
2025-06-03,P005,S002,169,181.71666666666667
2025-06-03,P005,S003,162,168.33333333333334
2025-06-04,P001,S001,148,165.92666666666668
2025-06-04,P001,S002,192,184.42666666666668
2025-06-04,P001,S003,126,122.12333333333333
2025-06-04,P002,S001,204,222.21666666666667
2025-06-04,P002,S002,206,200.58666666666667
2025-06-04,P002,S003,139,153.51666666666668
2025-06-04,P003,S001,107,114.67666666666666
2025-06-04,P003,S002,121,133.41
2025-06-04,P003,S003,122,134.04333333333332
2025-06-04,P004,S001,208,203.91333333333333
2025-06-04,P004,S002,218,252.87333333333333
2025-06-04,P004,S003,202,180.82666666666665
2025-06-04,P005,S001,140,151.94666666666666
2025-06-04,P005,S002,176,177.58666666666667
2025-06-04,P005,S003,144,170.11333333333334
2025-06-05,P001,S001,137,146.95666666666668
2025-06-05,P001,S002,173,157.90666666666667
2025-06-05,P001,S003,149,152.52666666666667
2025-06-05,P002,S001,172,176.87
2025-06-05,P002,S002,252,241.2
2025-06-05,P002,S003,157,151.28333333333333
2025-06-05,P003,S001,111,114.87333333333333
2025-06-05,P003,S002,134,133.57333333333332
2025-06-05,P003,S003,115,133.5
2025-06-05,P004,S001,178,206.58
2025-06-05,P004,S002,229,254.23666666666668
2025-06-05,P004,S003,177,179.91
2025-06-05,P005,S001,165,152.73666666666668
2025-06-05,P005,S002,175,178.79
2025-06-05,P005,S003,142,137.34666666666666
2025-06-06,P001,S001,131,146.17333333333335
2025-06-06,P001,S002,207,193.48
2025-06-06,P001,S003,124,125.13333333333334
2025-06-06,P002,S001,172,171.64333333333335
2025-06-06,P002,S002,189,194.74666666666667
2025-06-06,P002,S003,164,151.94333333333333
2025-06-06,P003,S001,132,136.85666666666665
2025-06-06,P003,S002,147,163.69666666666666
2025-06-06,P003,S003,98,110.54
2025-06-06,P004,S001,209,207.86
2025-06-06,P004,S002,222,250.18666666666667
2025-06-06,P004,S003,243,221.18666666666667
2025-06-06,P005,S001,170,152.11
2025-06-06,P005,S002,196,178.61666666666667
2025-06-06,P005,S003,125,138.73
2025-06-07,P001,S001,138,156.61333333333334
2025-06-07,P001,S002,161,178.94
2025-06-07,P001,S003,141,179.14333333333335
2025-06-07,P002,S001,187,178.37
2025-06-07,P002,S002,212,222.91666666666666
2025-06-07,P002,S003,216,213.16
2025-06-07,P003,S001,120,122.91333333333333
2025-06-07,P003,S002,151,144.16333333333333
2025-06-07,P003,S003,98,118.99666666666667
2025-06-07,P004,S001,241,207.85
2025-06-07,P004,S002,289,330.8666666666667
2025-06-07,P004,S003,221,267.0966666666667
2025-06-07,P005,S001,157,166.30333333333334
2025-06-07,P005,S002,203,199.89
2025-06-07,P005,S003,145,154.43333333333334
2025-06-08,P001,S001,183,182.36
2025-06-08,P001,S002,189,179.56666666666666
2025-06-08,P001,S003,133,138.45666666666668
2025-06-08,P002,S001,202,184.04666666666665
2025-06-08,P002,S002,204,225.99333333333334
2025-06-08,P002,S003,177,175.10666666666665
2025-06-08,P003,S001,133,153.74666666666667
2025-06-08,P003,S002,139,145.13666666666666
2025-06-08,P003,S003,113,120.33666666666667
2025-06-08,P004,S001,219,210.74666666666667
2025-06-08,P004,S002,262,327.37666666666667
2025-06-08,P004,S003,205,212.96
2025-06-08,P005,S001,169,165.35666666666665
2025-06-08,P005,S002,190,206.02
2025-06-08,P005,S003,185,184.47333333333333
2025-06-09,P001,S001,126,141.20666666666668
2025-06-09,P001,S002,139,159.40666666666667
2025-06-09,P001,S003,142,130.67333333333335
2025-06-09,P002,S001,159,176.46333333333334
2025-06-09,P002,S002,190,199.83666666666667
2025-06-09,P002,S003,175,154.66666666666666
2025-06-09,P003,S001,115,112.76666666666667
2025-06-09,P003,S002,168,160.85
2025-06-09,P003,S003,94,109.87666666666667
2025-06-09,P004,S001,182,207.72666666666666
2025-06-09,P004,S002,215,247.18
2025-06-09,P004,S003,194,196.42333333333335
2025-06-09,P005,S001,174,189.69666666666666
2025-06-09,P005,S002,236,210.84333333333333
2025-06-09,P005,S003,140,144.10666666666665
2025-06-10,P001,S001,126,141.70666666666668
2025-06-10,P001,S002,152,157.41333333333333
2025-06-10,P001,S003,112,129.11666666666667
2025-06-10,P002,S001,180,170.92
2025-06-10,P002,S002,249,237.21666666666667
2025-06-10,P002,S003,199,186.68333333333334
2025-06-10,P003,S001,111,115.95666666666666
2025-06-10,P003,S002,121,132.85666666666665
2025-06-10,P003,S003,129,127.62666666666667
2025-06-10,P004,S001,188,205.2
2025-06-10,P004,S002,266,288.73333333333335
2025-06-10,P004,S003,187,191.36666666666667
2025-06-10,P005,S001,185,189.7
2025-06-10,P005,S002,182,174.05
2025-06-10,P005,S003,178,168.83333333333334
2025-06-11,P001,S001,186,162.77
2025-06-11,P001,S002,206,184.46333333333334
2025-06-11,P001,S003,153,149.68
2025-06-11,P002,S001,151,170.91333333333333
2025-06-11,P002,S002,206,195.0
2025-06-11,P002,S003,173,190.47
2025-06-11,P003,S001,117,115.77
2025-06-11,P003,S002,145,154.57
2025-06-11,P003,S003,128,127.68333333333334
2025-06-11,P004,S001,210,201.78666666666666
2025-06-11,P004,S002,256,242.46333333333334
2025-06-11,P004,S003,190,190.00333333333333
2025-06-11,P005,S001,186,187.52333333333334
2025-06-11,P005,S002,183,179.7
2025-06-11,P005,S003,126,138.12
2025-06-12,P001,S001,143,140.07666666666665
2025-06-12,P001,S002,184,201.39
2025-06-12,P001,S003,151,158.81666666666666
2025-06-12,P002,S001,181,175.34333333333333
2025-06-12,P002,S002,207,235.80333333333334
2025-06-12,P002,S003,140,161.53
2025-06-12,P003,S001,129,137.83666666666667
2025-06-12,P003,S002,123,130.55666666666667
2025-06-12,P003,S003,101,108.49
2025-06-12,P004,S001,195,200.34
2025-06-12,P004,S002,301,291.13
2025-06-12,P004,S003,169,187.79666666666665
2025-06-12,P005,S001,132,151.08666666666667
2025-06-12,P005,S002,212,220.32666666666665
2025-06-12,P005,S003,150,139.45666666666668
2025-06-13,P001,S001,155,143.94333333333333
2025-06-13,P001,S002,188,198.04333333333332
2025-06-13,P001,S003,120,130.83
2025-06-13,P002,S001,191,208.01
2025-06-13,P002,S002,177,195.16333333333333
2025-06-13,P002,S003,139,159.51333333333332
2025-06-13,P003,S001,102,115.23666666666666
2025-06-13,P003,S002,130,133.06666666666666
2025-06-13,P003,S003,121,120.95
2025-06-13,P004,S001,225,195.98
2025-06-13,P004,S002,228,250.59666666666666
2025-06-13,P004,S003,207,185.86
2025-06-13,P005,S001,194,184.95333333333335
2025-06-13,P005,S002,159,177.41666666666666
2025-06-13,P005,S003,135,141.82333333333332
2025-06-14,P001,S001,179,180.52666666666667
2025-06-14,P001,S002,185,177.74666666666667
2025-06-14,P001,S003,119,145.08666666666667
2025-06-14,P002,S001,166,187.61666666666667
2025-06-14,P002,S002,211,220.19
2025-06-14,P002,S003,176,177.53
2025-06-14,P003,S001,125,152.43666666666667
2025-06-14,P003,S002,165,144.84333333333333
2025-06-14,P003,S003,109,120.62333333333333
2025-06-14,P004,S001,200,218.0
2025-06-14,P004,S002,237,262.9633333333333
2025-06-14,P004,S003,210,200.12333333333333
2025-06-14,P005,S001,154,174.77333333333334
2025-06-14,P005,S002,195,189.34
2025-06-14,P005,S003,146,155.67333333333335
2025-06-15,P001,S001,175,157.05333333333334
2025-06-15,P001,S002,162,178.92
2025-06-15,P001,S003,173,161.62333333333333
2025-06-15,P002,S001,192,186.73333333333332
2025-06-15,P002,S002,230,271.21
2025-06-15,P002,S003,191,208.54666666666665
2025-06-15,P003,S001,124,127.27
2025-06-15,P003,S002,182,174.62
2025-06-15,P003,S003,128,119.37
2025-06-15,P004,S001,269,269.57666666666665
2025-06-15,P004,S002,223,257.57666666666665
2025-06-15,P004,S003,174,212.28333333333333
2025-06-15,P005,S001,154,170.21666666666667
2025-06-15,P005,S002,201,192.76
2025-06-15,P005,S003,176,182.56666666666666
2025-06-16,P001,S001,132,143.41666666666666
2025-06-16,P001,S002,203,196.7
2025-06-16,P001,S003,132,130.04
2025-06-16,P002,S001,168,173.07666666666665
2025-06-16,P002,S002,198,193.9
2025-06-16,P002,S003,174,190.50333333333333
2025-06-16,P003,S001,154,136.45333333333335
2025-06-16,P003,S002,177,166.55
2025-06-16,P003,S003,101,110.27
2025-06-16,P004,S001,235,240.29
2025-06-16,P004,S002,243,246.38333333333333
2025-06-16,P004,S003,191,186.65333333333334
2025-06-16,P005,S001,153,152.23666666666668
2025-06-16,P005,S002,162,177.77333333333334
2025-06-16,P005,S003,143,138.41333333333333
2025-06-17,P001,S001,130,140.67333333333335
2025-06-17,P001,S002,154,164.02
2025-06-17,P001,S003,137,157.27666666666667
2025-06-17,P002,S001,195,170.96666666666667
2025-06-17,P002,S002,218,235.17666666666668
2025-06-17,P002,S003,173,185.29666666666665
2025-06-17,P003,S001,149,145.18
2025-06-17,P003,S002,146,131.57
2025-06-17,P003,S003,105,107.72333333333333
2025-06-17,P004,S001,183,203.25666666666666
2025-06-17,P004,S002,284,278.9533333333333
2025-06-17,P004,S003,164,179.69
2025-06-17,P005,S001,157,157.17333333333335
2025-06-17,P005,S002,165,175.46666666666667
2025-06-17,P005,S003,124,140.63666666666666
2025-06-18,P001,S001,140,140.89666666666668
2025-06-18,P001,S002,177,163.82333333333332
2025-06-18,P001,S003,134,128.07666666666665
2025-06-18,P002,S001,158,169.61
2025-06-18,P002,S002,193,200.27666666666667
2025-06-18,P002,S003,130,150.86666666666667
2025-06-18,P003,S001,126,118.39333333333333
2025-06-18,P003,S002,126,131.69666666666666
2025-06-18,P003,S003,91,103.54666666666667
2025-06-18,P004,S001,212,200.62666666666667
2025-06-18,P004,S002,303,290.0
2025-06-18,P004,S003,176,178.77333333333334
2025-06-18,P005,S001,139,146.40333333333334
2025-06-18,P005,S002,164,172.37
2025-06-18,P005,S003,133,142.52666666666667
2025-06-19,P001,S001,138,145.48
2025-06-19,P001,S002,157,162.18666666666667
2025-06-19,P001,S003,135,127.53666666666666
2025-06-19,P002,S001,162,167.86
2025-06-19,P002,S002,202,242.18
2025-06-19,P002,S003,173,189.12666666666667
2025-06-19,P003,S001,128,139.73666666666668
2025-06-19,P003,S002,143,135.02666666666667
2025-06-19,P003,S003,116,103.50666666666666
2025-06-19,P004,S001,207,194.65
2025-06-19,P004,S002,304,283.5233333333333
2025-06-19,P004,S003,228,212.58333333333334
2025-06-19,P005,S001,203,180.72333333333333
2025-06-19,P005,S002,196,171.80333333333334
2025-06-19,P005,S003,161,165.75
2025-06-20,P001,S001,130,132.09333333333333
2025-06-20,P001,S002,148,162.77666666666667
2025-06-20,P001,S003,130,126.57333333333334
2025-06-20,P002,S001,211,203.49333333333334
2025-06-20,P002,S002,219,198.72333333333333
2025-06-20,P002,S003,161,153.26666666666668
2025-06-20,P003,S001,118,115.99333333333334
2025-06-20,P003,S002,115,135.56
2025-06-20,P003,S003,104,104.37666666666667
2025-06-20,P004,S001,228,196.65666666666667
2025-06-20,P004,S002,235,236.99666666666667
2025-06-20,P004,S003,168,180.81
2025-06-20,P005,S001,137,150.25333333333333
2025-06-20,P005,S002,171,171.88
2025-06-20,P005,S003,147,135.55
2025-06-21,P001,S001,144,147.91666666666666
2025-06-21,P001,S002,143,175.49
2025-06-21,P001,S003,136,146.34666666666666
2025-06-21,P002,S001,228,227.24333333333334
2025-06-21,P002,S002,213,220.67333333333335
2025-06-21,P002,S003,177,171.79333333333332
2025-06-21,P003,S001,112,126.65
2025-06-21,P003,S002,143,151.95666666666668
2025-06-21,P003,S003,109,117.77333333333333
2025-06-21,P004,S001,189,222.98666666666668
2025-06-21,P004,S002,272,264.1933333333333
2025-06-21,P004,S003,208,201.77666666666667
2025-06-21,P005,S001,153,162.68666666666667
2025-06-21,P005,S002,195,191.34
2025-06-21,P005,S003,138,153.96333333333334
2025-06-22,P001,S001,172,179.67666666666668
2025-06-22,P001,S002,172,171.24333333333334
2025-06-22,P001,S003,149,143.58333333333334
2025-06-22,P002,S001,181,191.67
2025-06-22,P002,S002,294,269.30333333333334
2025-06-22,P002,S003,179,170.47
2025-06-22,P003,S001,124,126.13666666666667
2025-06-22,P003,S002,161,148.08666666666667
2025-06-22,P003,S003,143,136.72666666666666
2025-06-22,P004,S001,234,217.77666666666667
2025-06-22,P004,S002,243,260.3933333333333
2025-06-22,P004,S003,191,205.24333333333334
2025-06-22,P005,S001,154,162.17
2025-06-22,P005,S002,185,196.63333333333333
2025-06-22,P005,S003,171,148.43666666666667
2025-06-23,P001,S001,136,133.91666666666666
2025-06-23,P001,S002,165,153.73666666666668
2025-06-23,P001,S003,151,161.28666666666666
2025-06-23,P002,S001,172,168.25
2025-06-23,P002,S002,255,236.53333333333333
2025-06-23,P002,S003,176,187.37333333333333
2025-06-23,P003,S001,128,116.18666666666667
2025-06-23,P003,S002,124,133.4
2025-06-23,P003,S003,128,123.46
2025-06-23,P004,S001,178,195.53
2025-06-23,P004,S002,229,237.26
2025-06-23,P004,S003,147,184.15333333333334
2025-06-23,P005,S001,206,178.88
2025-06-23,P005,S002,136,181.48333333333332
2025-06-23,P005,S003,120,135.19666666666666
2025-06-24,P001,S001,138,133.28
2025-06-24,P001,S002,165,150.85666666666665
2025-06-24,P001,S003,112,129.59333333333333
2025-06-24,P002,S001,173,167.13666666666666
2025-06-24,P002,S002,180,200.16666666666666
2025-06-24,P002,S003,160,153.48333333333332
2025-06-24,P003,S001,128,117.19666666666667
2025-06-24,P003,S002,135,133.07
2025-06-24,P003,S003,120,126.52333333333333
2025-06-24,P004,S001,205,194.36333333333334
2025-06-24,P004,S002,245,237.05666666666667
2025-06-24,P004,S003,201,181.89666666666668
2025-06-24,P005,S001,179,177.04
2025-06-24,P005,S002,192,173.04333333333332
2025-06-24,P005,S003,145,164.49
2025-06-25,P001,S001,158,132.71
2025-06-25,P001,S002,184,195.97666666666666
2025-06-25,P001,S003,150,150.31333333333333
2025-06-25,P002,S001,174,168.28333333333333
2025-06-25,P002,S002,186,200.93
2025-06-25,P002,S003,161,153.38
2025-06-25,P003,S001,123,111.33666666666667
2025-06-25,P003,S002,177,155.04
2025-06-25,P003,S003,103,104.31
2025-06-25,P004,S001,199,191.74333333333334
2025-06-25,P004,S002,235,236.02333333333334
2025-06-25,P004,S003,184,187.29333333333332
2025-06-25,P005,S001,157,150.42333333333335
2025-06-25,P005,S002,181,171.89333333333335
2025-06-25,P005,S003,183,159.55
2025-06-26,P001,S001,159,164.76
2025-06-26,P001,S002,163,156.46666666666667
2025-06-26,P001,S003,122,127.62333333333333
2025-06-26,P002,S001,169,170.86333333333334
2025-06-26,P002,S002,235,240.74666666666667
2025-06-26,P002,S003,163,148.08
2025-06-26,P003,S001,108,113.26666666666667
2025-06-26,P003,S002,136,136.11
2025-06-26,P003,S003,128,129.69333333333333
2025-06-26,P004,S001,201,189.82333333333332
2025-06-26,P004,S002,226,239.37
2025-06-26,P004,S003,201,182.37333333333333
2025-06-26,P005,S001,123,146.38666666666666
2025-06-26,P005,S002,155,169.17
2025-06-26,P005,S003,127,139.92
2025-06-27,P001,S001,137,136.55666666666667
2025-06-27,P001,S002,158,158.98
2025-06-27,P001,S003,117,126.50666666666666
2025-06-27,P002,S001,180,163.97333333333333
2025-06-27,P002,S002,205,196.07666666666665
2025-06-27,P002,S003,145,152.48
2025-06-27,P003,S001,118,112.61
2025-06-27,P003,S002,121,134.03333333333333
2025-06-27,P003,S003,97,107.36
2025-06-27,P004,S001,217,185.42
2025-06-27,P004,S002,231,235.30333333333334
2025-06-27,P004,S003,178,179.48666666666668
2025-06-27,P005,S001,137,145.05333333333334
2025-06-27,P005,S002,175,204.50333333333333
2025-06-27,P005,S003,141,137.54
2025-06-28,P001,S001,158,147.38
2025-06-28,P001,S002,170,174.14
2025-06-28,P001,S003,142,140.16333333333333
2025-06-28,P002,S001,248,227.88666666666666
2025-06-28,P002,S002,221,219.45
2025-06-28,P002,S003,174,170.14666666666668
2025-06-28,P003,S001,123,125.31
2025-06-28,P003,S002,162,178.67333333333335
2025-06-28,P003,S003,102,121.17666666666666
2025-06-28,P004,S001,200,220.67333333333335
2025-06-28,P004,S002,303,324.0566666666667
2025-06-28,P004,S003,224,193.26666666666668
2025-06-28,P005,S001,173,189.34666666666666
2025-06-28,P005,S002,232,229.19
2025-06-28,P005,S003,183,177.27333333333334
2025-06-29,P001,S001,148,152.58
2025-06-29,P001,S002,183,170.27333333333334
2025-06-29,P001,S003,151,139.45333333333335
2025-06-29,P002,S001,154,190.70666666666668
2025-06-29,P002,S002,288,257.81
2025-06-29,P002,S003,182,172.22666666666666
2025-06-29,P003,S001,137,152.21666666666667
2025-06-29,P003,S002,180,175.81666666666666
2025-06-29,P003,S003,113,116.37666666666667
2025-06-29,P004,S001,212,208.63333333333333
2025-06-29,P004,S002,268,255.44666666666666
2025-06-29,P004,S003,200,194.87666666666667
2025-06-29,P005,S001,148,164.78
2025-06-29,P005,S002,198,190.32666666666665
2025-06-29,P005,S003,145,155.72333333333333
2025-06-30,P001,S001,142,133.41666666666666
2025-06-30,P001,S002,182,189.10666666666665
2025-06-30,P001,S003,134,129.63666666666666
2025-06-30,P002,S001,155,172.37666666666667
2025-06-30,P002,S002,191,196.90333333333334
2025-06-30,P002,S003,156,153.76333333333332
2025-06-30,P003,S001,122,133.28666666666666
2025-06-30,P003,S002,140,131.07666666666665
2025-06-30,P003,S003,102,97.32333333333334
2025-06-30,P004,S001,183,186.92666666666668
2025-06-30,P004,S002,287,287.7366666666667
2025-06-30,P004,S003,205,216.09666666666666
2025-06-30,P005,S001,125,144.86
2025-06-30,P005,S002,177,167.87333333333333
2025-06-30,P005,S003,146,134.5
2025-07-01,P001,S001,169,163.29
2025-07-01,P001,S002,128,151.07333333333332
2025-07-01,P001,S003,113,122.07
2025-07-01,P002,S001,211,190.13
2025-07-01,P002,S002,213,197.85333333333332
2025-07-01,P002,S003,149,183.00666666666666
2025-07-01,P003,S001,107,115.22
2025-07-01,P003,S002,131,129.44666666666666
2025-07-01,P003,S003,89,96.56666666666666
2025-07-01,P004,S001,246,224.00333333333333
2025-07-01,P004,S002,242,226.60666666666665
2025-07-01,P004,S003,153,177.89
2025-07-01,P005,S001,135,154.19666666666666
2025-07-01,P005,S002,201,198.67333333333335
2025-07-01,P005,S003,118,130.75
2025-07-02,P001,S001,168,168.42666666666668
2025-07-02,P001,S002,138,153.59
2025-07-02,P001,S003,116,114.56666666666666
2025-07-02,P002,S001,198,192.76666666666668
2025-07-02,P002,S002,170,196.54333333333332
2025-07-02,P002,S003,175,184.43333333333334
2025-07-02,P003,S001,99,108.93666666666667
2025-07-02,P003,S002,119,128.39
2025-07-02,P003,S003,81,95.48333333333333
2025-07-02,P004,S001,190,188.37666666666667
2025-07-02,P004,S002,216,229.15333333333334
2025-07-02,P004,S003,182,176.98666666666668
2025-07-02,P005,S001,140,142.37
2025-07-02,P005,S002,185,203.06
2025-07-02,P005,S003,124,128.88
2025-07-03,P001,S001,117,133.19333333333333
2025-07-03,P001,S002,188,185.03666666666666
2025-07-03,P001,S003,106,119.91666666666667
2025-07-03,P002,S001,155,163.67666666666668
2025-07-03,P002,S002,204,196.91333333333333
2025-07-03,P002,S003,142,150.25333333333333
2025-07-03,P003,S001,103,108.68
2025-07-03,P003,S002,122,123.47
2025-07-03,P003,S003,124,123.84666666666666
2025-07-03,P004,S001,221,223.61
2025-07-03,P004,S002,212,228.48333333333332
2025-07-03,P004,S003,157,175.29666666666665
2025-07-03,P005,S001,142,138.85
2025-07-03,P005,S002,206,194.86666666666667
2025-07-03,P005,S003,142,154.28333333333333
2025-07-04,P001,S001,160,159.23
2025-07-04,P001,S002,146,149.05333333333334
2025-07-04,P001,S003,143,143.47333333333333
2025-07-04,P002,S001,142,158.28333333333333
2025-07-04,P002,S002,177,192.89
2025-07-04,P002,S003,149,150.56333333333333
2025-07-04,P003,S001,96,110.40333333333334
2025-07-04,P003,S002,108,124.85
2025-07-04,P003,S003,81,98.33333333333333
2025-07-04,P004,S001,175,188.67666666666668
2025-07-04,P004,S002,210,224.15666666666667
2025-07-04,P004,S003,216,210.26
2025-07-04,P005,S001,125,143.87333333333333
2025-07-04,P005,S002,163,166.03333333333333
2025-07-04,P005,S003,121,127.51666666666667
2025-07-05,P001,S001,127,150.26666666666668
2025-07-05,P001,S002,196,200.02666666666667
2025-07-05,P001,S003,124,130.6
2025-07-05,P002,S001,172,187.45333333333335
2025-07-05,P002,S002,175,216.81
2025-07-05,P002,S003,171,168.76666666666668
2025-07-05,P003,S001,127,120.66333333333333
2025-07-05,P003,S002,143,141.16666666666666
2025-07-05,P003,S003,100,103.78666666666666
2025-07-05,P004,S001,198,213.65666666666667
2025-07-05,P004,S002,261,253.43666666666667
2025-07-05,P004,S003,152,189.37
2025-07-05,P005,S001,174,186.68
2025-07-05,P005,S002,158,185.46666666666667
2025-07-05,P005,S003,149,142.95666666666668
2025-07-06,P001,S001,151,145.42666666666668
2025-07-06,P001,S002,160,163.51666666666668
2025-07-06,P001,S003,131,128.00333333333333
2025-07-06,P002,S001,175,174.27
2025-07-06,P002,S002,185,210.18
2025-07-06,P002,S003,163,164.84
2025-07-06,P003,S001,134,150.32666666666665
2025-07-06,P003,S002,125,137.56666666666666
2025-07-06,P003,S003,110,102.41666666666667
2025-07-06,P004,S001,195,210.83666666666667
2025-07-06,P004,S002,303,318.86
2025-07-06,P004,S003,191,190.97
2025-07-06,P005,S001,159,191.49333333333334
2025-07-06,P005,S002,204,225.01666666666668
2025-07-06,P005,S003,126,141.56666666666666
2025-07-07,P001,S001,129,128.86666666666667
2025-07-07,P001,S002,187,185.38
2025-07-07,P001,S003,98,120.74333333333334
2025-07-07,P002,S001,147,158.09
2025-07-07,P002,S002,200,188.40333333333334
2025-07-07,P002,S003,170,183.97333333333333
2025-07-07,P003,S001,112,106.96
2025-07-07,P003,S002,134,122.07
2025-07-07,P003,S003,93,100.57666666666667
2025-07-07,P004,S001,173,188.41
2025-07-07,P004,S002,222,283.03
2025-07-07,P004,S003,186,166.22666666666666
2025-07-07,P005,S001,140,138.26333333333332
2025-07-07,P005,S002,181,201.31666666666666
2025-07-07,P005,S003,127,131.15666666666667
2025-07-08,P001,S001,121,132.26333333333332
2025-07-08,P001,S002,155,148.28666666666666
2025-07-08,P001,S003,113,115.21
2025-07-08,P002,S001,175,178.69666666666666
2025-07-08,P002,S002,190,185.16666666666666
2025-07-08,P002,S003,128,148.81666666666666
2025-07-08,P003,S001,97,108.56333333333333
2025-07-08,P003,S002,132,123.9
2025-07-08,P003,S003,124,122.19
2025-07-08,P004,S001,205,191.78333333333333
2025-07-08,P004,S002,203,236.29333333333332
2025-07-08,P004,S003,174,208.73
2025-07-08,P005,S001,168,166.67
2025-07-08,P005,S002,148,162.37333333333333
2025-07-08,P005,S003,126,129.07666666666665
2025-07-09,P001,S001,123,130.08333333333334
2025-07-09,P001,S002,149,153.23333333333332
2025-07-09,P001,S003,123,119.33
2025-07-09,P002,S001,158,154.47
2025-07-09,P002,S002,195,185.90666666666667
2025-07-09,P002,S003,178,172.95
2025-07-09,P003,S001,124,125.79333333333334
2025-07-09,P003,S002,134,154.66333333333333
2025-07-09,P003,S003,128,123.73
2025-07-09,P004,S001,241,224.33666666666667
2025-07-09,P004,S002,225,230.43666666666667
2025-07-09,P004,S003,191,203.03666666666666
2025-07-09,P005,S001,133,142.29666666666665
2025-07-09,P005,S002,174,165.25666666666666
2025-07-09,P005,S003,123,127.82
2025-07-10,P001,S001,130,132.11
2025-07-10,P001,S002,192,178.05333333333334
2025-07-10,P001,S003,114,114.81333333333333
2025-07-10,P002,S001,151,156.86
2025-07-10,P002,S002,161,187.35
2025-07-10,P002,S003,130,177.48666666666668
2025-07-10,P003,S001,129,131.11666666666667
2025-07-10,P003,S002,124,125.33666666666667
2025-07-10,P003,S003,131,127.21333333333334
2025-07-10,P004,S001,199,179.42
2025-07-10,P004,S002,208,233.67333333333335
2025-07-10,P004,S003,193,198.2
2025-07-10,P005,S001,131,143.59666666666666
2025-07-10,P005,S002,157,156.21
2025-07-10,P005,S003,118,128.77333333333334
2025-07-11,P001,S001,124,133.14333333333335
2025-07-11,P001,S002,123,153.15666666666667
2025-07-11,P001,S003,129,115.09333333333333
2025-07-11,P002,S001,166,155.69666666666666
2025-07-11,P002,S002,182,187.01
2025-07-11,P002,S003,155,173.86
2025-07-11,P003,S001,96,111.09
2025-07-11,P003,S002,133,150.74666666666667
2025-07-11,P003,S003,108,102.56
2025-07-11,P004,S001,194,185.70666666666668
2025-07-11,P004,S002,223,224.24
2025-07-11,P004,S003,168,164.18
2025-07-11,P005,S001,173,168.67333333333335
2025-07-11,P005,S002,190,195.57666666666665
2025-07-11,P005,S003,132,121.96
2025-07-12,P001,S001,121,142.69333333333333
2025-07-12,P001,S002,154,168.45666666666668
2025-07-12,P001,S003,130,125.49333333333334
2025-07-12,P002,S001,169,177.50333333333333
2025-07-12,P002,S002,210,259.44
2025-07-12,P002,S003,164,166.63333333333333
2025-07-12,P003,S001,130,120.08333333333333
2025-07-12,P003,S002,124,139.56
2025-07-12,P003,S003,98,116.11333333333333
2025-07-12,P004,S001,207,216.83
2025-07-12,P004,S002,266,251.32
2025-07-12,P004,S003,175,189.71
2025-07-12,P005,S001,170,189.72
2025-07-12,P005,S002,164,176.08333333333334
2025-07-12,P005,S003,144,138.69666666666666
2025-07-13,P001,S001,179,153.12
2025-07-13,P001,S002,135,166.73
2025-07-13,P001,S003,121,125.09666666666666
2025-07-13,P002,S001,204,173.84
2025-07-13,P002,S002,238,250.10333333333332
2025-07-13,P002,S003,144,158.87333333333333
2025-07-13,P003,S001,130,122.90666666666667
2025-07-13,P003,S002,127,139.89666666666668
2025-07-13,P003,S003,90,114.41333333333333
2025-07-13,P004,S001,221,213.11666666666667
2025-07-13,P004,S002,213,248.60333333333332
2025-07-13,P004,S003,229,227.70333333333335
2025-07-13,P005,S001,182,189.89
2025-07-13,P005,S002,200,224.23
2025-07-13,P005,S003,109,141.78666666666666
2025-07-14,P001,S001,133,133.12
2025-07-14,P001,S002,123,145.59
2025-07-14,P001,S003,143,129.94666666666666
2025-07-14,P002,S001,172,190.26
2025-07-14,P002,S002,205,189.87333333333333
2025-07-14,P002,S003,141,147.49333333333334
2025-07-14,P003,S001,103,108.35333333333334
2025-07-14,P003,S002,117,124.92
2025-07-14,P003,S003,90,101.98333333333333
2025-07-14,P004,S001,242,227.13
2025-07-14,P004,S002,210,215.32666666666665
2025-07-14,P004,S003,215,204.76333333333332
2025-07-14,P005,S001,136,137.39333333333335
2025-07-14,P005,S002,165,161.37
2025-07-14,P005,S003,132,126.82666666666667
2025-07-15,P001,S001,127,127.74
2025-07-15,P001,S002,173,174.32666666666665
2025-07-15,P001,S003,115,117.77333333333333
2025-07-15,P002,S001,191,188.93333333333334
2025-07-15,P002,S002,187,185.22
2025-07-15,P002,S003,125,148.42666666666668
2025-07-15,P003,S001,103,110.16
2025-07-15,P003,S002,138,148.38666666666666
2025-07-15,P003,S003,112,120.77
2025-07-15,P004,S001,201,194.26666666666668
2025-07-15,P004,S002,244,209.79333333333332
2025-07-15,P004,S003,155,170.07666666666665
2025-07-15,P005,S001,121,141.19
2025-07-15,P005,S002,153,160.64
2025-07-15,P005,S003,121,128.48666666666668
2025-07-16,P001,S001,112,126.92333333333333
2025-07-16,P001,S002,146,147.02666666666667
2025-07-16,P001,S003,116,116.17
2025-07-16,P002,S001,173,194.33666666666667
2025-07-16,P002,S002,176,186.97666666666666
2025-07-16,P002,S003,147,145.16333333333333
2025-07-16,P003,S001,99,110.51333333333334
2025-07-16,P003,S002,132,154.59
2025-07-16,P003,S003,103,117.10666666666667
2025-07-16,P004,S001,185,192.12333333333333
2025-07-16,P004,S002,195,222.69666666666666
2025-07-16,P004,S003,181,171.95333333333335
2025-07-16,P005,S001,141,142.12666666666667
2025-07-16,P005,S002,168,162.78666666666666
2025-07-16,P005,S003,137,124.35
2025-07-17,P001,S001,118,126.72666666666667
2025-07-17,P001,S002,142,144.02666666666667
2025-07-17,P001,S003,118,115.39666666666666
2025-07-17,P002,S001,162,164.48
2025-07-17,P002,S002,182,188.24666666666667
2025-07-17,P002,S003,179,177.32666666666665
2025-07-17,P003,S001,105,109.33
2025-07-17,P003,S002,132,123.36333333333333
2025-07-17,P003,S003,113,121.36666666666666
2025-07-17,P004,S001,235,226.81666666666666
2025-07-17,P004,S002,201,212.49333333333334
2025-07-17,P004,S003,179,167.06666666666666
2025-07-17,P005,S001,146,169.2
2025-07-17,P005,S002,152,163.97
2025-07-17,P005,S003,118,130.65333333333334
2025-07-18,P001,S001,134,125.35333333333334
2025-07-18,P001,S002,137,148.91666666666666
2025-07-18,P001,S003,116,117.09666666666666
2025-07-18,P002,S001,153,163.48
2025-07-18,P002,S002,187,182.69
2025-07-18,P002,S003,143,140.99
2025-07-18,P003,S001,117,123.48333333333333
2025-07-18,P003,S002,99,124.69333333333333
2025-07-18,P003,S003,89,101.24
2025-07-18,P004,S001,179,189.00333333333333
2025-07-18,P004,S002,232,211.15333333333334
2025-07-18,P004,S003,163,169.42
2025-07-18,P005,S001,134,132.39666666666668
2025-07-18,P005,S002,154,160.51666666666668
2025-07-18,P005,S003,125,123.96333333333334
2025-07-19,P001,S001,137,144.04666666666665
2025-07-19,P001,S002,173,156.66333333333333
2025-07-19,P001,S003,153,149.93
2025-07-19,P002,S001,156,178.73
2025-07-19,P002,S002,185,198.97333333333333
2025-07-19,P002,S003,186,183.53
2025-07-19,P003,S001,115,117.29666666666667
2025-07-19,P003,S002,142,157.53
2025-07-19,P003,S003,102,105.40666666666667
2025-07-19,P004,S001,227,210.22
2025-07-19,P004,S002,268,279.73
2025-07-19,P004,S003,197,227.78333333333333
2025-07-19,P005,S001,160,153.09
2025-07-19,P005,S002,160,170.02333333333334
2025-07-19,P005,S003,138,134.37666666666667
2025-07-20,P001,S001,143,138.41
2025-07-20,P001,S002,171,159.05333333333334
2025-07-20,P001,S003,132,127.35333333333334
2025-07-20,P002,S001,165,177.57333333333332
2025-07-20,P002,S002,205,203.41666666666666
2025-07-20,P002,S003,178,154.77333333333334
2025-07-20,P003,S001,114,114.58333333333333
2025-07-20,P003,S002,135,128.21333333333334
2025-07-20,P003,S003,112,132.88333333333333
2025-07-20,P004,S001,217,209.03333333333333
2025-07-20,P004,S002,225,231.53666666666666
2025-07-20,P004,S003,181,186.69333333333333
2025-07-20,P005,S001,175,183.83666666666667
2025-07-20,P005,S002,192,217.02333333333334
2025-07-20,P005,S003,162,154.20333333333335
2025-07-21,P001,S001,106,128.38333333333333
2025-07-21,P001,S002,130,143.13333333333333
2025-07-21,P001,S003,107,116.25666666666666
2025-07-21,P002,S001,225,192.03666666666666
2025-07-21,P002,S002,157,179.31333333333333
2025-07-21,P002,S003,180,178.92666666666668
2025-07-21,P003,S001,110,108.20666666666666
2025-07-21,P003,S002,116,124.12333333333333
2025-07-21,P003,S003,95,104.73333333333333
2025-07-21,P004,S001,197,186.93666666666667
2025-07-21,P004,S002,210,218.69
2025-07-21,P004,S003,185,161.9
2025-07-21,P005,S001,184,160.29333333333332
2025-07-21,P005,S002,158,156.10666666666665
2025-07-21,P005,S003,114,123.86
2025-07-22,P001,S001,132,127.84
2025-07-22,P001,S002,144,149.81
2025-07-22,P001,S003,160,136.84666666666666
2025-07-22,P002,S001,163,155.99666666666667
2025-07-22,P002,S002,190,182.47666666666666
2025-07-22,P002,S003,151,149.24333333333334
2025-07-22,P003,S001,108,109.34333333333333
2025-07-22,P003,S002,118,121.98
2025-07-22,P003,S003,90,100.22666666666667
2025-07-22,P004,S001,201,191.58333333333334
2025-07-22,P004,S002,268,262.83666666666664
2025-07-22,P004,S003,173,170.68333333333334
2025-07-22,P005,S001,138,137.29666666666665
2025-07-22,P005,S002,158,156.37333333333333
2025-07-22,P005,S003,131,125.11
2025-07-23,P001,S001,114,126.39666666666666
2025-07-23,P001,S002,134,146.94
2025-07-23,P001,S003,106,118.02666666666667
2025-07-23,P002,S001,189,192.49333333333334
2025-07-23,P002,S002,188,180.57666666666665
2025-07-23,P002,S003,147,149.49333333333334
2025-07-23,P003,S001,107,105.41666666666667
2025-07-23,P003,S002,124,121.55
2025-07-23,P003,S003,88,94.05666666666667
2025-07-23,P004,S001,229,228.88666666666666
2025-07-23,P004,S002,251,263.3333333333333
2025-07-23,P004,S003,173,164.86666666666667
2025-07-23,P005,S001,123,140.21666666666667
2025-07-23,P005,S002,157,158.34333333333333
2025-07-23,P005,S003,143,123.35333333333334
2025-07-24,P001,S001,136,123.97
2025-07-24,P001,S002,149,144.1
2025-07-24,P001,S003,119,115.86333333333333
2025-07-24,P002,S001,156,155.8
2025-07-24,P002,S002,190,181.26333333333332
2025-07-24,P002,S003,139,172.59333333333333
2025-07-24,P003,S001,96,102.76666666666667
2025-07-24,P003,S002,142,141.68333333333334
2025-07-24,P003,S003,103,92.66333333333333
2025-07-24,P004,S001,185,187.33333333333334
2025-07-24,P004,S002,214,220.70666666666668
2025-07-24,P004,S003,155,168.48333333333332
2025-07-24,P005,S001,133,135.08333333333334
2025-07-24,P005,S002,177,155.34333333333333
2025-07-24,P005,S003,151,155.43666666666667
2025-07-25,P001,S001,118,126.62
2025-07-25,P001,S002,154,142.96
2025-07-25,P001,S003,141,133.06
2025-07-25,P002,S001,195,185.09666666666666
2025-07-25,P002,S002,171,179.34333333333333
2025-07-25,P002,S003,189,172.91666666666666
2025-07-25,P003,S001,92,98.39666666666666
2025-07-25,P003,S002,128,121.79666666666667
2025-07-25,P003,S003,103,92.60666666666667
2025-07-25,P004,S001,162,185.58
2025-07-25,P004,S002,216,216.89
2025-07-25,P004,S003,188,200.04666666666665
2025-07-25,P005,S001,134,139.61333333333334
2025-07-25,P005,S002,145,190.16
2025-07-25,P005,S003,128,125.37666666666667
2025-07-26,P001,S001,147,137.16666666666666
2025-07-26,P001,S002,219,188.67333333333335
2025-07-26,P001,S003,149,153.86
2025-07-26,P002,S001,228,211.85333333333332
2025-07-26,P002,S002,198,196.58333333333334
2025-07-26,P002,S003,182,156.31
2025-07-26,P003,S001,122,116.25
2025-07-26,P003,S002,136,130.63666666666666
2025-07-26,P003,S003,117,130.66333333333333
2025-07-26,P004,S001,226,211.73666666666668
2025-07-26,P004,S002,251,250.53
2025-07-26,P004,S003,227,230.40666666666667
2025-07-26,P005,S001,167,147.59
2025-07-26,P005,S002,198,169.91
2025-07-26,P005,S003,149,134.73666666666668
2025-07-27,P001,S001,153,137.69333333333333
2025-07-27,P001,S002,195,193.31666666666666
2025-07-27,P001,S003,137,126.77666666666667
2025-07-27,P002,S001,146,186.2
2025-07-27,P002,S002,269,244.69666666666666
2025-07-27,P002,S003,167,161.35666666666665
2025-07-27,P003,S001,147,141.05666666666667
2025-07-27,P003,S002,154,154.81
2025-07-27,P003,S003,105,101.65
2025-07-27,P004,S001,214,210.08666666666667
2025-07-27,P004,S002,264,289.5566666666667
2025-07-27,P004,S003,174,188.70666666666668
2025-07-27,P005,S001,159,152.87
2025-07-27,P005,S002,188,166.91
2025-07-27,P005,S003,184,162.44
2025-07-28,P001,S001,144,156.48333333333332
2025-07-28,P001,S002,203,171.48333333333332
2025-07-28,P001,S003,115,117.01
2025-07-28,P002,S001,153,160.7
2025-07-28,P002,S002,159,184.64333333333335
2025-07-28,P002,S003,154,151.60333333333332
2025-07-28,P003,S001,108,99.81666666666666
2025-07-28,P003,S002,141,120.90333333333334
2025-07-28,P003,S003,91,90.06666666666666
2025-07-28,P004,S001,210,188.16666666666666
2025-07-28,P004,S002,220,219.55666666666667
2025-07-28,P004,S003,159,172.90333333333334
2025-07-28,P005,S001,141,134.61
2025-07-28,P005,S002,126,160.88333333333333
2025-07-28,P005,S003,144,151.91333333333333
2025-07-29,P001,S001,138,127.99666666666667
2025-07-29,P001,S002,178,177.47
2025-07-29,P001,S003,102,115.06
2025-07-29,P002,S001,136,159.27666666666667
2025-07-29,P002,S002,193,179.00666666666666
2025-07-29,P002,S003,149,148.08666666666667
2025-07-29,P003,S001,113,98.36666666666666
2025-07-29,P003,S002,135,120.41
2025-07-29,P003,S003,95,91.36666666666666
2025-07-29,P004,S001,174,189.79333333333332
2025-07-29,P004,S002,225,218.07666666666665
2025-07-29,P004,S003,201,164.99666666666667
2025-07-29,P005,S001,135,130.16
2025-07-29,P005,S002,157,157.06
2025-07-29,P005,S003,117,126.99
2025-07-30,P001,S001,134,126.61666666666666
2025-07-30,P001,S002,158,153.87666666666667
2025-07-30,P001,S003,109,113.37333333333333
2025-07-30,P002,S001,145,159.40333333333334
2025-07-30,P002,S002,175,219.6
2025-07-30,P002,S003,145,147.58666666666667
2025-07-30,P003,S001,99,102.27333333333333
2025-07-30,P003,S002,108,117.72333333333333
2025-07-30,P003,S003,92,92.27333333333333
2025-07-30,P004,S001,192,188.6
2025-07-30,P004,S002,203,215.88333333333333
2025-07-30,P004,S003,226,200.27
2025-07-30,P005,S001,151,159.79666666666665
2025-07-30,P005,S002,167,155.30666666666667
2025-07-30,P005,S003,129,125.44666666666667
2025-07-31,P001,S001,144,150.20333333333335
2025-07-31,P001,S002,152,156.96333333333334
2025-07-31,P001,S003,136,134.14
2025-07-31,P002,S001,199,178.11333333333334
2025-07-31,P002,S002,183,174.11666666666667
2025-07-31,P002,S003,125,145.83333333333334
2025-07-31,P003,S001,89,104.77
2025-07-31,P003,S002,136,117.35
2025-07-31,P003,S003,99,118.07333333333334
2025-07-31,P004,S001,228,228.99666666666667
2025-07-31,P004,S002,207,216.21666666666667
2025-07-31,P004,S003,167,171.24333333333334
2025-07-31,P005,S001,148,132.97333333333333
2025-07-31,P005,S002,154,153.39
2025-07-31,P005,S003,131,118.95
2025-08-01,P001,S001,159,152.32333333333332
2025-08-01,P001,S002,142,150.36333333333334
2025-08-01,P001,S003,99,110.13333333333334
2025-08-01,P002,S001,146,151.57666666666665
2025-08-01,P002,S002,180,168.19333333333333
2025-08-01,P002,S003,133,142.98666666666668
2025-08-01,P003,S001,92,98.59333333333333
2025-08-01,P003,S002,125,120.52
2025-08-01,P003,S003,87,89.78
2025-08-01,P004,S001,192,176.09666666666666
2025-08-01,P004,S002,202,204.57
2025-08-01,P004,S003,158,169.06
2025-08-01,P005,S001,150,165.02666666666667
2025-08-01,P005,S002,176,151.59
2025-08-01,P005,S003,126,148.53333333333333
2025-08-02,P001,S001,136,134.85666666666665
2025-08-02,P001,S002,153,164.86666666666667
2025-08-02,P001,S003,148,153.64
2025-08-02,P002,S001,146,173.08666666666667
2025-08-02,P002,S002,199,184.79666666666665
2025-08-02,P002,S003,134,156.41
2025-08-02,P003,S001,122,111.37333333333333
2025-08-02,P003,S002,114,130.99
2025-08-02,P003,S003,97,98.58333333333333
2025-08-02,P004,S001,194,203.27333333333334
2025-08-02,P004,S002,242,216.28333333333333
2025-08-02,P004,S003,195,181.02
2025-08-02,P005,S001,149,151.23666666666668
2025-08-02,P005,S002,167,172.39666666666668
2025-08-02,P005,S003,143,134.35666666666665
2025-08-03,P001,S001,147,135.41666666666666
2025-08-03,P001,S002,158,163.35
2025-08-03,P001,S003,125,122.78333333333333
2025-08-03,P002,S001,163,167.08666666666667
2025-08-03,P002,S002,223,188.61333333333334
2025-08-03,P002,S003,141,160.02
2025-08-03,P003,S001,113,110.88
2025-08-03,P003,S002,169,154.84333333333333
2025-08-03,P003,S003,111,98.60333333333334
2025-08-03,P004,S001,203,204.95
2025-08-03,P004,S002,228,222.45666666666668
2025-08-03,P004,S003,179,176.31333333333333
2025-08-03,P005,S001,137,149.22666666666666
2025-08-03,P005,S002,149,165.73333333333332
2025-08-03,P005,S003,123,134.43333333333334
2025-08-04,P001,S001,140,149.93333333333334
2025-08-04,P001,S002,188,174.98
2025-08-04,P001,S003,119,110.49333333333334
2025-08-04,P002,S001,150,152.44
2025-08-04,P002,S002,206,167.62
2025-08-04,P002,S003,149,144.46
2025-08-04,P003,S001,94,100.13333333333334
2025-08-04,P003,S002,106,120.85666666666667
2025-08-04,P003,S003,117,119.59
2025-08-04,P004,S001,195,182.39666666666668
2025-08-04,P004,S002,205,211.91666666666666
2025-08-04,P004,S003,163,163.02
2025-08-04,P005,S001,122,129.81
2025-08-04,P005,S002,144,143.81
2025-08-04,P005,S003,124,119.71666666666667
2025-08-05,P001,S001,110,123.59
2025-08-05,P001,S002,159,170.72666666666666
2025-08-05,P001,S003,98,112.67
2025-08-05,P002,S001,161,150.94666666666666
2025-08-05,P002,S002,210,217.59
2025-08-05,P002,S003,133,144.55
2025-08-05,P003,S001,110,94.41
2025-08-05,P003,S002,127,137.62666666666667
2025-08-05,P003,S003,96,89.68
2025-08-05,P004,S001,167,180.75333333333333
2025-08-05,P004,S002,205,208.32333333333332
2025-08-05,P004,S003,162,164.08
2025-08-05,P005,S001,129,152.30666666666667
2025-08-05,P005,S002,200,181.87666666666667
2025-08-05,P005,S003,122,118.38333333333334
2025-08-06,P001,S001,112,121.01
2025-08-06,P001,S002,136,147.38666666666666
2025-08-06,P001,S003,107,106.95333333333333
2025-08-06,P002,S001,130,153.12333333333333
2025-08-06,P002,S002,175,176.45666666666668
2025-08-06,P002,S003,143,142.36666666666667
2025-08-06,P003,S001,125,119.79
2025-08-06,P003,S002,116,118.4
2025-08-06,P003,S003,101,92.46
2025-08-06,P004,S001,225,178.67333333333335
2025-08-06,P004,S002,237,200.2
2025-08-06,P004,S003,155,159.10666666666665
2025-08-06,P005,S001,157,156.82666666666665
2025-08-06,P005,S002,143,148.88
2025-08-06,P005,S003,146,142.14666666666668
2025-08-07,P001,S001,125,122.84
2025-08-07,P001,S002,163,172.66
2025-08-07,P001,S003,94,108.83
2025-08-07,P002,S001,153,147.92666666666668
2025-08-07,P002,S002,192,214.81666666666666
2025-08-07,P002,S003,140,139.26666666666668
2025-08-07,P003,S001,137,122.59333333333333
2025-08-07,P003,S002,112,134.78333333333333
2025-08-07,P003,S003,118,119.97333333333333
2025-08-07,P004,S001,218,226.66333333333333
2025-08-07,P004,S002,227,264.3
2025-08-07,P004,S003,184,154.74666666666667
2025-08-07,P005,S001,119,129.39333333333335
2025-08-07,P005,S002,151,146.46
2025-08-07,P005,S003,119,122.27666666666667
2025-08-08,P001,S001,153,144.58
2025-08-08,P001,S002,122,141.35333333333332
2025-08-08,P001,S003,103,109.31
2025-08-08,P002,S001,140,151.63333333333333
2025-08-08,P002,S002,161,168.28
2025-08-08,P002,S003,123,140.51666666666668
2025-08-08,P003,S001,93,102.96333333333334
2025-08-08,P003,S002,106,115.61666666666666
2025-08-08,P003,S003,93,92.48333333333333
2025-08-08,P004,S001,234,229.12
2025-08-08,P004,S002,192,205.83
2025-08-08,P004,S003,151,158.18666666666667
2025-08-08,P005,S001,161,153.33333333333334
2025-08-08,P005,S002,155,148.29
2025-08-08,P005,S003,128,142.95666666666668
2025-08-09,P001,S001,124,160.59333333333333
2025-08-09,P001,S002,146,157.58666666666667
2025-08-09,P001,S003,113,123.30666666666667
2025-08-09,P002,S001,177,166.49666666666667
2025-08-09,P002,S002,175,182.99
2025-08-09,P002,S003,149,175.89666666666668
2025-08-09,P003,S001,106,116.32666666666667
2025-08-09,P003,S002,123,125.65333333333334
2025-08-09,P003,S003,118,128.93
2025-08-09,P004,S001,200,207.53333333333333
2025-08-09,P004,S002,254,226.02333333333334
2025-08-09,P004,S003,188,175.42666666666668
2025-08-09,P005,S001,161,172.74
2025-08-09,P005,S002,157,161.86333333333334
2025-08-09,P005,S003,126,129.69666666666666
2025-08-10,P001,S001,133,136.00666666666666
2025-08-10,P001,S002,146,158.27666666666667
2025-08-10,P001,S003,121,122.03666666666666
2025-08-10,P002,S001,155,166.78
2025-08-10,P002,S002,216,229.33333333333334
2025-08-10,P002,S003,173,179.0
2025-08-10,P003,S001,102,112.76333333333334
2025-08-10,P003,S002,109,125.29
2025-08-10,P003,S003,109,105.39333333333333
2025-08-10,P004,S001,183,210.39666666666668
2025-08-10,P004,S002,236,227.39
2025-08-10,P004,S003,194,168.68666666666667
2025-08-10,P005,S001,145,145.02333333333334
2025-08-10,P005,S002,190,188.81666666666666
2025-08-10,P005,S003,131,131.38
2025-08-11,P001,S001,129,122.33333333333333
2025-08-11,P001,S002,154,141.19
2025-08-11,P001,S003,96,108.19333333333333
2025-08-11,P002,S001,169,150.51
2025-08-11,P002,S002,205,172.58666666666667
2025-08-11,P002,S003,164,167.98
2025-08-11,P003,S001,103,103.08666666666667
2025-08-11,P003,S002,115,116.12333333333333
2025-08-11,P003,S003,80,92.79
2025-08-11,P004,S001,174,191.51
2025-08-11,P004,S002,206,212.26333333333332
2025-08-11,P004,S003,155,161.38666666666666
2025-08-11,P005,S001,140,129.93
2025-08-11,P005,S002,138,146.11666666666667
2025-08-11,P005,S003,115,121.47
2025-08-12,P001,S001,116,122.97666666666667
2025-08-12,P001,S002,131,139.28
2025-08-12,P001,S003,111,107.29333333333334
2025-08-12,P002,S001,156,149.48333333333332
2025-08-12,P002,S002,129,174.54666666666665
2025-08-12,P002,S003,129,137.5
2025-08-12,P003,S001,109,123.27333333333333
2025-08-12,P003,S002,133,138.5
2025-08-12,P003,S003,96,90.81
2025-08-12,P004,S001,201,224.45333333333335
2025-08-12,P004,S002,247,262.05333333333334
2025-08-12,P004,S003,147,161.37
2025-08-12,P005,S001,147,157.00666666666666
2025-08-12,P005,S002,170,179.83
2025-08-12,P005,S003,132,142.25333333333333
2025-08-13,P001,S001,123,122.3
2025-08-13,P001,S002,151,166.92333333333335
2025-08-13,P001,S003,109,108.38333333333334
2025-08-13,P002,S001,206,183.19333333333333
2025-08-13,P002,S002,175,173.76333333333332
2025-08-13,P002,S003,124,136.55
2025-08-13,P003,S001,104,98.70666666666666
2025-08-13,P003,S002,142,138.35
2025-08-13,P003,S003,96,90.86
2025-08-13,P004,S001,175,184.12
2025-08-13,P004,S002,257,268.37666666666667
2025-08-13,P004,S003,155,159.08333333333334
2025-08-13,P005,S001,124,131.25333333333333
2025-08-13,P005,S002,158,144.02
2025-08-13,P005,S003,100,123.33666666666667
2025-08-14,P001,S001,126,123.17666666666666
2025-08-14,P001,S002,167,145.63666666666666
2025-08-14,P001,S003,107,109.03333333333333
2025-08-14,P002,S001,160,153.10333333333332
2025-08-14,P002,S002,175,168.85666666666665
2025-08-14,P002,S003,156,134.17333333333335
2025-08-14,P003,S001,103,100.02333333333333
2025-08-14,P003,S002,106,117.27666666666667
2025-08-14,P003,S003,66,92.86333333333333
2025-08-14,P004,S001,162,184.42666666666668
2025-08-14,P004,S002,184,213.53666666666666
2025-08-14,P004,S003,157,155.49333333333334
2025-08-14,P005,S001,118,127.16333333333333
2025-08-14,P005,S002,140,148.0
2025-08-14,P005,S003,127,120.37
2025-08-15,P001,S001,199,175.94
2025-08-15,P001,S002,161,176.20333333333335
2025-08-15,P001,S003,137,138.63333333333333
2025-08-15,P002,S001,179,196.51
2025-08-15,P002,S002,230,256.15
2025-08-15,P002,S003,178,178.27333333333334
2025-08-15,P003,S001,123,123.10666666666667
2025-08-15,P003,S002,138,142.60333333333332
2025-08-15,P003,S003,117,107.46
2025-08-15,P004,S001,248,285.51666666666665
2025-08-15,P004,S002,268,282.9866666666667
2025-08-15,P004,S003,212,206.32
2025-08-15,P005,S001,176,169.07
2025-08-15,P005,S002,158,182.44333333333333
2025-08-15,P005,S003,157,151.34333333333333
2025-08-16,P001,S001,148,137.43
2025-08-16,P001,S002,148,158.13333333333333
2025-08-16,P001,S003,124,125.38333333333334
2025-08-16,P002,S001,196,200.88666666666666
2025-08-16,P002,S002,199,190.58333333333334
2025-08-16,P002,S003,146,149.68666666666667
2025-08-16,P003,S001,114,111.05
2025-08-16,P003,S002,110,124.58666666666667
2025-08-16,P003,S003,92,97.48333333333333
2025-08-16,P004,S001,201,203.27
2025-08-16,P004,S002,213,236.61333333333334
2025-08-16,P004,S003,177,180.68666666666667
2025-08-16,P005,S001,162,146.83333333333334
2025-08-16,P005,S002,143,162.55333333333334
2025-08-16,P005,S003,125,127.01
2025-08-17,P001,S001,126,138.38
2025-08-17,P001,S002,161,157.39333333333335
2025-08-17,P001,S003,152,143.54666666666665
2025-08-17,P002,S001,178,173.8
2025-08-17,P002,S002,182,189.98
2025-08-17,P002,S003,132,153.65333333333334
2025-08-17,P003,S001,106,109.79666666666667
2025-08-17,P003,S002,124,122.36
2025-08-17,P003,S003,103,95.25666666666666
2025-08-17,P004,S001,205,199.32666666666665
2025-08-17,P004,S002,234,228.61333333333334
2025-08-17,P004,S003,229,221.84666666666666
2025-08-17,P005,S001,146,149.4
2025-08-17,P005,S002,153,161.88333333333333
2025-08-17,P005,S003,130,130.21333333333334
2025-08-18,P001,S001,126,126.08
2025-08-18,P001,S002,148,138.78333333333333
2025-08-18,P001,S003,109,108.77333333333333
2025-08-18,P002,S001,151,151.36
2025-08-18,P002,S002,171,166.69333333333333
2025-08-18,P002,S003,140,139.37
2025-08-18,P003,S001,111,99.51666666666667
2025-08-18,P003,S002,122,110.20333333333333
2025-08-18,P003,S003,97,93.33666666666667
2025-08-18,P004,S001,192,222.85333333333332
2025-08-18,P004,S002,210,212.81
2025-08-18,P004,S003,203,197.96
2025-08-18,P005,S001,144,130.97
2025-08-18,P005,S002,147,149.48666666666668
2025-08-18,P005,S003,99,124.97333333333333
2025-08-19,P001,S001,116,126.57666666666667
2025-08-19,P001,S002,131,144.00666666666666
2025-08-19,P001,S003,118,131.52666666666667
2025-08-19,P002,S001,143,151.39666666666668
2025-08-19,P002,S002,169,167.04333333333332
2025-08-19,P002,S003,137,132.14333333333335
2025-08-19,P003,S001,102,100.67
2025-08-19,P003,S002,112,114.51666666666667
2025-08-19,P003,S003,90,89.74333333333334
2025-08-19,P004,S001,188,185.64666666666668
2025-08-19,P004,S002,197,209.59666666666666
2025-08-19,P004,S003,140,163.69
2025-08-19,P005,S001,127,132.16333333333333
2025-08-19,P005,S002,150,147.45333333333335
2025-08-19,P005,S003,114,142.84666666666666
2025-08-20,P001,S001,100,123.74
2025-08-20,P001,S002,144,142.67
2025-08-20,P001,S003,101,110.06
2025-08-20,P002,S001,153,151.68333333333334
2025-08-20,P002,S002,183,168.49333333333334
2025-08-20,P002,S003,137,131.50333333333333
2025-08-20,P003,S001,92,98.82666666666667
2025-08-20,P003,S002,125,114.41
2025-08-20,P003,S003,84,90.99666666666667
2025-08-20,P004,S001,195,226.78666666666666
2025-08-20,P004,S002,218,247.84666666666666
2025-08-20,P004,S003,157,163.27
2025-08-20,P005,S001,162,152.36666666666667
2025-08-20,P005,S002,110,145.32666666666665
2025-08-20,P005,S003,102,118.86333333333333
2025-08-21,P001,S001,130,148.38333333333333
2025-08-21,P001,S002,138,141.09333333333333
2025-08-21,P001,S003,113,113.67666666666666
2025-08-21,P002,S001,159,150.54
2025-08-21,P002,S002,176,170.06
2025-08-21,P002,S003,125,133.48666666666668
2025-08-21,P003,S001,96,100.52
2025-08-21,P003,S002,120,116.18
2025-08-21,P003,S003,98,115.27666666666667
2025-08-21,P004,S001,182,182.38666666666666
2025-08-21,P004,S002,190,208.93666666666667
2025-08-21,P004,S003,168,161.73333333333332
2025-08-21,P005,S001,127,131.70333333333335
2025-08-21,P005,S002,125,147.66
2025-08-21,P005,S003,137,140.79666666666665
2025-08-22,P001,S001,131,149.24
2025-08-22,P001,S002,123,139.73
2025-08-22,P001,S003,113,105.03
2025-08-22,P002,S001,136,150.22333333333333
2025-08-22,P002,S002,193,167.27666666666667
2025-08-22,P002,S003,125,131.58666666666667
2025-08-22,P003,S001,97,103.37333333333333
2025-08-22,P003,S002,131,114.46333333333334
2025-08-22,P003,S003,83,90.53333333333333
2025-08-22,P004,S001,200,180.58666666666667
2025-08-22,P004,S002,238,245.97666666666666
2025-08-22,P004,S003,186,159.84
2025-08-22,P005,S001,140,130.7
2025-08-22,P005,S002,148,146.79666666666665
2025-08-22,P005,S003,118,114.55333333333333
2025-08-23,P001,S001,135,134.43666666666667
2025-08-23,P001,S002,155,154.71
2025-08-23,P001,S003,156,145.17666666666668
2025-08-23,P002,S001,197,163.65
2025-08-23,P002,S002,189,189.06666666666666
2025-08-23,P002,S003,190,172.23
2025-08-23,P003,S001,116,109.78333333333333
2025-08-23,P003,S002,125,125.63666666666667
2025-08-23,P003,S003,113,120.91666666666667
2025-08-23,P004,S001,245,248.19666666666666
2025-08-23,P004,S002,241,273.26
2025-08-23,P004,S003,210,222.04666666666665
2025-08-23,P005,S001,143,144.84
2025-08-23,P005,S002,211,185.22666666666666
2025-08-23,P005,S003,136,125.46333333333334
2025-08-24,P001,S001,163,157.56333333333333
2025-08-24,P001,S002,203,185.96666666666667
2025-08-24,P001,S003,145,146.71333333333334
2025-08-24,P002,S001,182,163.61333333333334
2025-08-24,P002,S002,190,189.40333333333334
2025-08-24,P002,S003,128,147.43333333333334
2025-08-24,P003,S001,111,109.00666666666666
2025-08-24,P003,S002,134,126.84333333333333
2025-08-24,P003,S003,107,93.79333333333334
2025-08-24,P004,S001,175,204.63666666666666
2025-08-24,P004,S002,203,227.36333333333334
2025-08-24,P004,S003,179,177.9
2025-08-24,P005,S001,139,147.30666666666667
2025-08-24,P005,S002,182,152.12333333333333
2025-08-24,P005,S003,119,125.72333333333333
2025-08-25,P001,S001,137,127.44333333333333
2025-08-25,P001,S002,138,143.98
2025-08-25,P001,S003,95,113.37333333333333
2025-08-25,P002,S001,173,181.84333333333333
2025-08-25,P002,S002,182,210.58666666666667
2025-08-25,P002,S003,120,128.54666666666665
2025-08-25,P003,S001,108,99.93666666666667
2025-08-25,P003,S002,114,112.79
2025-08-25,P003,S003,96,87.52333333333333
2025-08-25,P004,S001,205,186.3
2025-08-25,P004,S002,184,203.76
2025-08-25,P004,S003,175,165.97666666666666
2025-08-25,P005,S001,128,131.33333333333334
2025-08-25,P005,S002,141,146.01333333333332
2025-08-25,P005,S003,109,112.53333333333333
2025-08-26,P001,S001,120,152.11333333333334
2025-08-26,P001,S002,159,171.47666666666666
2025-08-26,P001,S003,116,108.4
2025-08-26,P002,S001,163,150.23666666666668
2025-08-26,P002,S002,191,210.82333333333332
2025-08-26,P002,S003,146,133.32
2025-08-26,P003,S001,101,102.71666666666667
2025-08-26,P003,S002,111,113.52
2025-08-26,P003,S003,122,117.56666666666666
2025-08-26,P004,S001,185,183.16
2025-08-26,P004,S002,218,202.19666666666666
2025-08-26,P004,S003,158,161.23333333333332
2025-08-26,P005,S001,146,130.56
2025-08-26,P005,S002,149,144.88333333333333
2025-08-26,P005,S003,112,114.75
2025-08-27,P001,S001,112,124.47666666666667
2025-08-27,P001,S002,158,145.92
2025-08-27,P001,S003,101,108.59
2025-08-27,P002,S001,190,182.63
2025-08-27,P002,S002,153,168.95333333333335
2025-08-27,P002,S003,115,131.46
2025-08-27,P003,S001,90,99.36
2025-08-27,P003,S002,104,113.53
2025-08-27,P003,S003,87,92.86333333333333
2025-08-27,P004,S001,199,182.11666666666667
2025-08-27,P004,S002,266,250.72
2025-08-27,P004,S003,191,163.92666666666668
2025-08-27,P005,S001,136,128.61666666666667
2025-08-27,P005,S002,176,177.75
2025-08-27,P005,S003,120,111.35666666666667
2025-08-28,P001,S001,114,125.18666666666667
2025-08-28,P001,S002,133,143.19666666666666
2025-08-28,P001,S003,108,106.79
2025-08-28,P002,S001,155,151.31666666666666
2025-08-28,P002,S002,173,170.33
2025-08-28,P002,S003,144,127.31666666666666
2025-08-28,P003,S001,95,94.43333333333334
2025-08-28,P003,S002,111,112.37666666666667
2025-08-28,P003,S003,91,89.89666666666666
2025-08-28,P004,S001,217,224.59666666666666
2025-08-28,P004,S002,192,198.49333333333334
2025-08-28,P004,S003,163,164.71666666666667
2025-08-28,P005,S001,169,155.56333333333333
2025-08-28,P005,S002,180,175.43666666666667
2025-08-28,P005,S003,103,112.41333333333333
2025-08-29,P001,S001,137,142.11333333333334
2025-08-29,P001,S002,152,142.51666666666668
2025-08-29,P001,S003,138,128.92
2025-08-29,P002,S001,162,149.95
2025-08-29,P002,S002,156,174.66
2025-08-29,P002,S003,133,128.03
2025-08-29,P003,S001,103,93.36333333333333
2025-08-29,P003,S002,111,109.53
2025-08-29,P003,S003,87,91.26666666666667
2025-08-29,P004,S001,195,229.2
2025-08-29,P004,S002,187,202.97666666666666
2025-08-29,P004,S003,159,163.37
2025-08-29,P005,S001,137,127.05333333333333
2025-08-29,P005,S002,153,146.79333333333332
2025-08-29,P005,S003,130,113.03666666666666
2025-08-30,P001,S001,137,131.66333333333333
2025-08-30,P001,S002,182,154.68
2025-08-30,P001,S003,149,145.16666666666666
2025-08-30,P002,S001,153,167.14666666666668
2025-08-30,P002,S002,214,231.35333333333332
2025-08-30,P002,S003,142,141.46
2025-08-30,P003,S001,110,109.93
2025-08-30,P003,S002,127,124.14
2025-08-30,P003,S003,91,96.27
2025-08-30,P004,S001,232,250.91333333333333
2025-08-30,P004,S002,215,222.22333333333333
2025-08-30,P004,S003,236,217.61666666666667
2025-08-30,P005,S001,144,144.32
2025-08-30,P005,S002,169,162.83333333333334
2025-08-30,P005,S003,132,127.08666666666667
2025-08-31,P001,S001,153,158.24
2025-08-31,P001,S002,174,158.87
2025-08-31,P001,S003,123,120.26333333333334
2025-08-31,P002,S001,194,205.54333333333332
2025-08-31,P002,S002,199,187.97
2025-08-31,P002,S003,135,142.42666666666668
2025-08-31,P003,S001,138,131.23
2025-08-31,P003,S002,126,125.81666666666666
2025-08-31,P003,S003,96,95.23
2025-08-31,P004,S001,191,204.84
2025-08-31,P004,S002,256,218.19333333333333
2025-08-31,P004,S003,166,179.79666666666665
2025-08-31,P005,S001,192,175.87666666666667
2025-08-31,P005,S002,147,160.60333333333332
2025-08-31,P005,S003,115,128.58
2025-09-01,P001,S001,129,122.41333333333333
2025-09-01,P001,S002,138,142.83
2025-09-01,P001,S003,103,108.59
2025-09-01,P002,S001,139,150.98666666666668
2025-09-01,P002,S002,221,198.50666666666666
2025-09-01,P002,S003,138,127.0
2025-09-01,P003,S001,91,98.05
2025-09-01,P003,S002,104,109.08333333333333
2025-09-01,P003,S003,97,88.58
2025-09-01,P004,S001,161,185.7
2025-09-01,P004,S002,188,200.17333333333335
2025-09-01,P004,S003,174,156.24333333333334
2025-09-01,P005,S001,125,127.85333333333334
2025-09-01,P005,S002,139,144.79666666666665
2025-09-01,P005,S003,119,109.42666666666666
2025-09-02,P001,S001,121,122.03
2025-09-02,P001,S002,161,170.10666666666665
2025-09-02,P001,S003,112,130.39666666666668
2025-09-02,P002,S001,151,150.73
2025-09-02,P002,S002,178,172.33
2025-09-02,P002,S003,135,127.81333333333333
2025-09-02,P003,S001,96,95.87
2025-09-02,P003,S002,142,131.9
2025-09-02,P003,S003,87,88.03333333333333
2025-09-02,P004,S001,162,180.04333333333332
2025-09-02,P004,S002,194,196.10666666666665
2025-09-02,P004,S003,159,155.90333333333334
2025-09-02,P005,S001,137,129.05333333333334
2025-09-02,P005,S002,192,171.67
2025-09-02,P005,S003,114,107.37666666666667
2025-09-03,P001,S001,143,136.07666666666665
2025-09-03,P001,S002,130,143.70666666666668
2025-09-03,P001,S003,92,106.61333333333333
2025-09-03,P002,S001,135,148.95333333333335
2025-09-03,P002,S002,168,171.08
2025-09-03,P002,S003,133,128.32333333333332
2025-09-03,P003,S001,98,94.17666666666666
2025-09-03,P003,S002,122,131.85333333333332
2025-09-03,P003,S003,110,109.03666666666666
2025-09-03,P004,S001,147,179.98
2025-09-03,P004,S002,218,197.63666666666666
2025-09-03,P004,S003,166,156.64333333333335
2025-09-03,P005,S001,151,157.99333333333334
2025-09-03,P005,S002,164,175.57666666666665
2025-09-03,P005,S003,107,108.84666666666666
2025-09-04,P001,S001,118,122.16
2025-09-04,P001,S002,125,137.07333333333332
2025-09-04,P001,S003,119,104.74333333333334
2025-09-04,P002,S001,165,147.75333333333333
2025-09-04,P002,S002,182,169.40333333333334
2025-09-04,P002,S003,177,154.61
2025-09-04,P003,S001,110,91.19666666666667
2025-09-04,P003,S002,113,106.86333333333333
2025-09-04,P003,S003,109,113.14666666666666
2025-09-04,P004,S001,181,178.98333333333332
2025-09-04,P004,S002,229,194.82333333333332
2025-09-04,P004,S003,165,154.38
2025-09-04,P005,S001,134,132.78666666666666
2025-09-04,P005,S002,157,146.13
2025-09-04,P005,S003,109,108.94
2025-09-05,P001,S001,119,122.83
2025-09-05,P001,S002,146,133.69
2025-09-05,P001,S003,140,128.97666666666666
2025-09-05,P002,S001,156,149.00666666666666
2025-09-05,P002,S002,161,164.20666666666668
2025-09-05,P002,S003,146,154.46666666666667
2025-09-05,P003,S001,114,120.68666666666667
2025-09-05,P003,S002,121,107.39666666666666
2025-09-05,P003,S003,75,88.72
2025-09-05,P004,S001,158,173.97333333333333
2025-09-05,P004,S002,183,195.06666666666666
2025-09-05,P004,S003,166,158.10666666666665
2025-09-05,P005,S001,127,132.19333333333333
2025-09-05,P005,S002,146,173.71333333333334
2025-09-05,P005,S003,132,107.53333333333333
2025-09-06,P001,S001,131,135.96
2025-09-06,P001,S002,152,180.94666666666666
2025-09-06,P001,S003,142,143.47333333333333
2025-09-06,P002,S001,195,162.52
2025-09-06,P002,S002,177,189.60333333333332
2025-09-06,P002,S003,166,141.56
2025-09-06,P003,S001,136,133.27666666666667
2025-09-06,P003,S002,141,118.79
2025-09-06,P003,S003,91,88.19
2025-09-06,P004,S001,198,192.95666666666668
2025-09-06,P004,S002,296,264.20666666666665
2025-09-06,P004,S003,195,181.63
2025-09-06,P005,S001,170,178.68
2025-09-06,P005,S002,186,187.87666666666667
2025-09-06,P005,S003,157,146.96
2025-09-07,P001,S001,127,135.79333333333332
2025-09-07,P001,S002,176,175.95333333333335
2025-09-07,P001,S003,112,119.87
2025-09-07,P002,S001,153,167.41333333333333
2025-09-07,P002,S002,245,228.60666666666665
2025-09-07,P002,S003,119,152.05666666666667
2025-09-07,P003,S001,105,111.97666666666667
2025-09-07,P003,S002,113,123.18333333333334
2025-09-07,P003,S003,92,92.96
2025-09-07,P004,S001,202,190.03
2025-09-07,P004,S002,226,212.27
2025-09-07,P004,S003,183,171.29666666666665
2025-09-07,P005,S001,133,147.51666666666668
2025-09-07,P005,S002,147,157.61333333333334
2025-09-07,P005,S003,139,149.9
2025-09-08,P001,S001,103,119.09333333333333
2025-09-08,P001,S002,127,136.42666666666668
2025-09-08,P001,S003,102,108.82
2025-09-08,P002,S001,174,181.06666666666666
2025-09-08,P002,S002,156,167.91333333333333
2025-09-08,P002,S003,175,153.68
2025-09-08,P003,S001,105,96.10666666666667
2025-09-08,P003,S002,139,131.85333333333332
2025-09-08,P003,S003,70,85.01
2025-09-08,P004,S001,167,176.58666666666667
2025-09-08,P004,S002,186,194.04666666666665
2025-09-08,P004,S003,146,154.95333333333335
2025-09-08,P005,S001,129,132.90333333333334
2025-09-08,P005,S002,159,174.59333333333333
2025-09-08,P005,S003,130,134.82333333333332
2025-09-09,P001,S001,115,115.75
2025-09-09,P001,S002,125,135.52333333333334
2025-09-09,P001,S003,115,106.99
2025-09-09,P002,S001,203,183.21666666666667
2025-09-09,P002,S002,186,169.42666666666668
2025-09-09,P002,S003,127,127.43
2025-09-09,P003,S001,97,94.8
2025-09-09,P003,S002,99,111.32666666666667
2025-09-09,P003,S003,91,83.3
2025-09-09,P004,S001,144,178.69666666666666
2025-09-09,P004,S002,176,198.43
2025-09-09,P004,S003,194,182.74666666666667
2025-09-09,P005,S001,133,129.47333333333333
2025-09-09,P005,S002,136,143.79
2025-09-09,P005,S003,115,109.86
2025-09-10,P001,S001,98,112.85666666666667
2025-09-10,P001,S002,178,164.85666666666665
2025-09-10,P001,S003,112,132.86666666666667
2025-09-10,P002,S001,168,154.17333333333335
2025-09-10,P002,S002,192,167.16333333333333
2025-09-10,P002,S003,172,162.78333333333333
2025-09-10,P003,S001,100,96.34333333333333
2025-09-10,P003,S002,138,133.91666666666666
2025-09-10,P003,S003,83,86.89666666666666
2025-09-10,P004,S001,161,176.43
2025-09-10,P004,S002,208,197.84333333333333
2025-09-10,P004,S003,179,155.97
2025-09-10,P005,S001,131,130.45333333333335
2025-09-10,P005,S002,128,141.53
2025-09-10,P005,S003,146,136.60666666666665
2025-09-11,P001,S001,97,113.45333333333333
2025-09-11,P001,S002,142,134.99
2025-09-11,P001,S003,122,107.35666666666667
2025-09-11,P002,S001,162,151.25666666666666
2025-09-11,P002,S002,170,165.33
2025-09-11,P002,S003,133,129.59666666666666
2025-09-11,P003,S001,114,96.74666666666667
2025-09-11,P003,S002,124,135.30333333333334
2025-09-11,P003,S003,103,86.85333333333334
2025-09-11,P004,S001,171,176.15666666666667
2025-09-11,P004,S002,243,197.17
2025-09-11,P004,S003,134,158.51333333333332
2025-09-11,P005,S001,119,129.73666666666668
2025-09-11,P005,S002,138,145.84333333333333
2025-09-11,P005,S003,96,112.17
2025-09-12,P001,S001,154,141.92333333333335
2025-09-12,P001,S002,139,135.55
2025-09-12,P001,S003,122,130.88666666666666
2025-09-12,P002,S001,147,155.05666666666667
2025-09-12,P002,S002,236,202.32
2025-09-12,P002,S003,127,131.18
2025-09-12,P003,S001,101,96.07
2025-09-12,P003,S002,122,111.50333333333333
2025-09-12,P003,S003,96,84.28
2025-09-12,P004,S001,193,173.91333333333333
2025-09-12,P004,S002,212,194.39333333333335
2025-09-12,P004,S003,155,159.31333333333333
2025-09-12,P005,S001,115,127.56333333333333
2025-09-12,P005,S002,134,143.99
2025-09-12,P005,S003,124,112.29333333333334
2025-09-13,P001,S001,127,126.32
2025-09-13,P001,S002,154,146.13666666666666
2025-09-13,P001,S003,138,147.14666666666668
2025-09-13,P002,S001,172,174.57666666666665
2025-09-13,P002,S002,202,191.83
2025-09-13,P002,S003,156,178.65
2025-09-13,P003,S001,115,110.53666666666666
2025-09-13,P003,S002,125,124.23333333333333
2025-09-13,P003,S003,93,87.71666666666667
2025-09-13,P004,S001,193,190.92333333333335
2025-09-13,P004,S002,235,212.83
2025-09-13,P004,S003,222,222.81666666666666
2025-09-13,P005,S001,145,137.97333333333333
2025-09-13,P005,S002,155,154.70333333333335
2025-09-13,P005,S003,127,152.9
2025-09-14,P001,S001,131,127.35
2025-09-14,P001,S002,162,147.64333333333335
2025-09-14,P001,S003,109,126.48333333333333
2025-09-14,P002,S001,193,201.78666666666666
2025-09-14,P002,S002,213,230.56
2025-09-14,P002,S003,131,149.88333333333333
2025-09-14,P003,S001,129,137.31333333333333
2025-09-14,P003,S002,139,149.2
2025-09-14,P003,S003,101,86.57
2025-09-14,P004,S001,215,192.78
2025-09-14,P004,S002,230,215.03
2025-09-14,P004,S003,157,174.67666666666668
2025-09-14,P005,S001,139,137.32333333333332
2025-09-14,P005,S002,159,156.91
2025-09-14,P005,S003,151,148.65333333333334
2025-09-15,P001,S001,128,112.77666666666667
2025-09-15,P001,S002,122,132.87
2025-09-15,P001,S003,107,110.15666666666667
2025-09-15,P002,S001,165,192.69333333333333
2025-09-15,P002,S002,146,172.93333333333334
2025-09-15,P002,S003,143,130.91
2025-09-15,P003,S001,100,99.61
2025-09-15,P003,S002,113,110.78333333333333
2025-09-15,P003,S003,78,86.42666666666666
2025-09-15,P004,S001,161,173.62333333333333
2025-09-15,P004,S002,225,238.65666666666667
2025-09-15,P004,S003,175,194.78666666666666
2025-09-15,P005,S001,129,132.31
2025-09-15,P005,S002,146,143.04333333333332
2025-09-15,P005,S003,109,112.42666666666666
2025-09-16,P001,S001,126,114.51
2025-09-16,P001,S002,134,135.65333333333334
2025-09-16,P001,S003,106,112.04666666666667
2025-09-16,P002,S001,155,151.96333333333334
2025-09-16,P002,S002,152,170.22
2025-09-16,P002,S003,116,129.76333333333332
2025-09-16,P003,S001,98,95.26
2025-09-16,P003,S002,114,112.58
2025-09-16,P003,S003,84,83.74
2025-09-16,P004,S001,178,169.72333333333333
2025-09-16,P004,S002,203,198.17666666666668
2025-09-16,P004,S003,145,163.34666666666666
2025-09-16,P005,S001,123,130.33666666666667
2025-09-16,P005,S002,141,143.06666666666666
2025-09-16,P005,S003,114,112.3
2025-09-17,P001,S001,104,116.58
2025-09-17,P001,S002,133,135.17666666666668
2025-09-17,P001,S003,99,107.47
2025-09-17,P002,S001,154,152.76333333333332
2025-09-17,P002,S002,176,169.74333333333334
2025-09-17,P002,S003,153,128.47666666666666
2025-09-17,P003,S001,107,96.94666666666667
2025-09-17,P003,S002,109,110.23666666666666
2025-09-17,P003,S003,83,89.06666666666666
2025-09-17,P004,S001,177,168.49666666666667
2025-09-17,P004,S002,236,198.14666666666668
2025-09-17,P004,S003,165,154.75333333333333
2025-09-17,P005,S001,120,127.60666666666667
2025-09-17,P005,S002,150,144.13
2025-09-17,P005,S003,127,110.61
2025-09-18,P001,S001,112,115.59333333333333
2025-09-18,P001,S002,135,132.52
2025-09-18,P001,S003,130,108.32333333333334
2025-09-18,P002,S001,148,155.22
2025-09-18,P002,S002,188,200.83
2025-09-18,P002,S003,120,127.43666666666667
2025-09-18,P003,S001,95,95.00333333333333
2025-09-18,P003,S002,112,109.25
2025-09-18,P003,S003,108,104.70666666666666
2025-09-18,P004,S001,181,170.46
2025-09-18,P004,S002,191,196.86666666666667
2025-09-18,P004,S003,143,155.18
2025-09-18,P005,S001,139,126.66666666666667
2025-09-18,P005,S002,138,143.47
2025-09-18,P005,S003,124,109.99666666666667
2025-09-19,P001,S001,122,112.80666666666667
2025-09-19,P001,S002,148,132.44
2025-09-19,P001,S003,110,109.58666666666667
2025-09-19,P002,S001,128,155.33333333333334
2025-09-19,P002,S002,177,164.09333333333333
2025-09-19,P002,S003,135,127.78666666666666
2025-09-19,P003,S001,110,95.99
2025-09-19,P003,S002,128,108.66333333333333
2025-09-19,P003,S003,89,87.34333333333333
2025-09-19,P004,S001,166,165.98333333333332
2025-09-19,P004,S002,182,195.88
2025-09-19,P004,S003,172,183.07333333333332
2025-09-19,P005,S001,142,127.67333333333333
2025-09-19,P005,S002,179,167.97
2025-09-19,P005,S003,122,112.54666666666667
2025-09-20,P001,S001,123,127.85333333333334
2025-09-20,P001,S002,152,146.64333333333335
2025-09-20,P001,S003,141,147.23666666666668
2025-09-20,P002,S001,165,195.50333333333333
2025-09-20,P002,S002,192,184.71
2025-09-20,P002,S003,149,142.83333333333334
2025-09-20,P003,S001,109,110.51
2025-09-20,P003,S002,131,123.98666666666666
2025-09-20,P003,S003,100,90.21333333333334
2025-09-20,P004,S001,252,229.14
2025-09-20,P004,S002,211,221.25666666666666
2025-09-20,P004,S003,173,173.34
2025-09-20,P005,S001,162,140.55333333333334
2025-09-20,P005,S002,214,189.23666666666668
2025-09-20,P005,S003,100,121.73666666666666
2025-09-21,P001,S001,153,155.62666666666667
2025-09-21,P001,S002,142,146.10333333333332
2025-09-21,P001,S003,114,126.66
2025-09-21,P002,S001,204,199.07
2025-09-21,P002,S002,186,187.88333333333333
2025-09-21,P002,S003,159,145.87666666666667
2025-09-21,P003,S001,94,107.31666666666666
2025-09-21,P003,S002,119,125.65666666666667
2025-09-21,P003,S003,106,90.79666666666667
2025-09-21,P004,S001,170,191.22666666666666
2025-09-21,P004,S002,200,215.75333333333333
2025-09-21,P004,S003,172,170.81333333333333
2025-09-21,P005,S001,133,139.28333333333333
2025-09-21,P005,S002,154,153.48
2025-09-21,P005,S003,156,151.61
2025-09-22,P001,S001,142,140.45
2025-09-22,P001,S002,134,136.34
2025-09-22,P001,S003,101,113.00333333333333
2025-09-22,P002,S001,136,152.45666666666668
2025-09-22,P002,S002,154,169.74333333333334
2025-09-22,P002,S003,132,125.76666666666667
2025-09-22,P003,S001,136,119.27333333333333
2025-09-22,P003,S002,107,110.7
2025-09-22,P003,S003,96,83.6
2025-09-22,P004,S001,178,173.38
2025-09-22,P004,S002,250,232.70333333333335
2025-09-22,P004,S003,207,190.91666666666666
2025-09-22,P005,S001,143,152.98666666666668
2025-09-22,P005,S002,165,148.64333333333335
2025-09-22,P005,S003,140,131.18
2025-09-23,P001,S001,122,113.76333333333334
2025-09-23,P001,S002,140,132.80333333333334
2025-09-23,P001,S003,113,109.02
2025-09-23,P002,S001,148,150.89333333333335
2025-09-23,P002,S002,221,196.67666666666668
2025-09-23,P002,S003,159,155.94666666666666
2025-09-23,P003,S001,123,116.78333333333333
2025-09-23,P003,S002,116,110.93333333333334
2025-09-23,P003,S003,94,82.73333333333333
2025-09-23,P004,S001,164,166.72666666666666
2025-09-23,P004,S002,208,194.6
2025-09-23,P004,S003,200,190.4
2025-09-23,P005,S001,111,131.1
2025-09-23,P005,S002,138,144.10666666666665
2025-09-23,P005,S003,107,110.23666666666666
2025-09-24,P001,S001,115,116.58333333333333
2025-09-24,P001,S002,135,134.44
2025-09-24,P001,S003,104,109.42
2025-09-24,P002,S001,183,181.98
2025-09-24,P002,S002,202,204.44666666666666
2025-09-24,P002,S003,138,127.71333333333334
2025-09-24,P003,S001,133,120.02
2025-09-24,P003,S002,111,109.95
2025-09-24,P003,S003,90,86.40333333333334
2025-09-24,P004,S001,200,202.48666666666668
2025-09-24,P004,S002,255,241.34
2025-09-24,P004,S003,158,155.62666666666667
2025-09-24,P005,S001,140,147.94666666666666
2025-09-24,P005,S002,121,138.67333333333335
2025-09-24,P005,S003,114,114.96666666666667
2025-09-25,P001,S001,137,135.16333333333333
2025-09-25,P001,S002,122,134.05333333333334
2025-09-25,P001,S003,111,108.59333333333333
2025-09-25,P002,S001,147,151.95
2025-09-25,P002,S002,164,171.63
2025-09-25,P002,S003,140,129.70666666666668
2025-09-25,P003,S001,108,131.30333333333334
2025-09-25,P003,S002,108,109.16333333333333
2025-09-25,P003,S003,96,83.95
2025-09-25,P004,S001,176,164.25666666666666
2025-09-25,P004,S002,254,239.56666666666666
2025-09-25,P004,S003,165,155.05333333333334
2025-09-25,P005,S001,141,130.62
2025-09-25,P005,S002,181,169.79333333333332
2025-09-25,P005,S003,103,112.95666666666666
2025-09-26,P001,S001,145,137.27666666666667
2025-09-26,P001,S002,140,135.86333333333334
2025-09-26,P001,S003,110,106.67
2025-09-26,P002,S001,154,152.09333333333333
2025-09-26,P002,S002,168,172.71333333333334
2025-09-26,P002,S003,120,128.33666666666667
2025-09-26,P003,S001,106,101.07
2025-09-26,P003,S002,116,108.52333333333333
2025-09-26,P003,S003,88,86.14
2025-09-26,P004,S001,203,163.23333333333332
2025-09-26,P004,S002,186,199.32
2025-09-26,P004,S003,157,156.83333333333334
2025-09-26,P005,S001,133,129.28666666666666
2025-09-26,P005,S002,143,142.41
2025-09-26,P005,S003,113,112.61
2025-09-27,P001,S001,125,128.98333333333332
2025-09-27,P001,S002,133,146.43666666666667
2025-09-27,P001,S003,129,118.69666666666667
2025-09-27,P002,S001,146,167.19
2025-09-27,P002,S002,214,228.80666666666667
2025-09-27,P002,S003,134,144.20666666666668
2025-09-27,P003,S001,100,111.30666666666667
2025-09-27,P003,S002,125,121.14
2025-09-27,P003,S003,118,106.36666666666666
2025-09-27,P004,S001,209,185.59
2025-09-27,P004,S002,211,221.62
2025-09-27,P004,S003,163,177.66
2025-09-27,P005,S001,128,141.01333333333332
2025-09-27,P005,S002,159,158.5
2025-09-27,P005,S003,119,122.26333333333334
2025-09-28,P001,S001,134,131.48333333333332
2025-09-28,P001,S002,141,147.89666666666668
2025-09-28,P001,S003,117,120.35
2025-09-28,P002,S001,191,192.66333333333333
2025-09-28,P002,S002,186,228.71333333333334
2025-09-28,P002,S003,156,144.97333333333333
2025-09-28,P003,S001,143,131.72666666666666
2025-09-28,P003,S002,117,125.46
2025-09-28,P003,S003,112,110.61333333333333
2025-09-28,P004,S001,189,188.73333333333332
2025-09-28,P004,S002,232,220.18
2025-09-28,P004,S003,190,174.46
2025-09-28,P005,S001,143,138.03333333333333
2025-09-28,P005,S002,205,191.33666666666667
2025-09-28,P005,S003,115,123.33
2025-09-29,P001,S001,117,117.03666666666666
2025-09-29,P001,S002,132,135.03666666666666
2025-09-29,P001,S003,117,133.82333333333332
2025-09-29,P002,S001,156,147.72666666666666
2025-09-29,P002,S002,233,209.49666666666667
2025-09-29,P002,S003,166,162.57
2025-09-29,P003,S001,101,101.1
2025-09-29,P003,S002,109,114.34
2025-09-29,P003,S003,93,103.36666666666666
2025-09-29,P004,S001,172,171.18
2025-09-29,P004,S002,172,200.29333333333332
2025-09-29,P004,S003,177,158.96
2025-09-29,P005,S001,121,127.38666666666667
2025-09-29,P005,S002,130,144.05
2025-09-29,P005,S003,102,114.6
2025-09-30,P001,S001,117,111.54
2025-09-30,P001,S002,137,131.72
2025-09-30,P001,S003,100,108.17666666666666
2025-09-30,P002,S001,173,181.92
2025-09-30,P002,S002,215,216.03666666666666
2025-09-30,P002,S003,128,132.84333333333333
2025-09-30,P003,S001,91,97.24
2025-09-30,P003,S002,101,113.64
2025-09-30,P003,S003,76,87.03
2025-09-30,P004,S001,176,163.21
2025-09-30,P004,S002,196,201.66333333333333
2025-09-30,P004,S003,159,153.84666666666666
2025-09-30,P005,S001,116,117.32
2025-09-30,P005,S002,180,168.3
2025-09-30,P005,S003,114,111.61
2025-10-01,P001,S001,120,114.35
2025-10-01,P001,S002,134,129.99666666666667
2025-10-01,P001,S003,95,108.33666666666667
2025-10-01,P002,S001,157,150.91333333333333
2025-10-01,P002,S002,226,221.03
2025-10-01,P002,S003,138,130.09333333333333
2025-10-01,P003,S001,97,96.88
2025-10-01,P003,S002,109,109.39333333333333
2025-10-01,P003,S003,117,103.83
2025-10-01,P004,S001,171,163.44333333333333
2025-10-01,P004,S002,208,197.52333333333334
2025-10-01,P004,S003,176,156.17666666666668
2025-10-01,P005,S001,142,123.74666666666667
2025-10-01,P005,S002,148,142.04666666666665
2025-10-01,P005,S003,117,109.61666666666666
2025-10-02,P001,S001,150,148.29333333333332
2025-10-02,P001,S002,165,162.05333333333334
2025-10-02,P001,S003,138,137.53666666666666
2025-10-02,P002,S001,182,186.76333333333332
2025-10-02,P002,S002,217,217.66333333333333
2025-10-02,P002,S003,151,167.73333333333332
2025-10-02,P003,S001,125,123.15666666666667
2025-10-02,P003,S002,169,144.33666666666667
2025-10-02,P003,S003,108,99.15333333333334
2025-10-02,P004,S001,217,211.21333333333334
2025-10-02,P004,S002,295,251.03333333333333
2025-10-02,P004,S003,258,221.13333333333333
2025-10-02,P005,S001,160,156.78
2025-10-02,P005,S002,151,182.27
2025-10-02,P005,S003,130,143.61
2025-10-03,P001,S001,122,113.14666666666666
2025-10-03,P001,S002,180,157.41333333333333
2025-10-03,P001,S003,98,106.97
2025-10-03,P002,S001,172,151.14
2025-10-03,P002,S002,163,176.16
2025-10-03,P002,S003,128,131.78333333333333
2025-10-03,P003,S001,99,99.43
2025-10-03,P003,S002,101,107.74
2025-10-03,P003,S003,101,87.43
2025-10-03,P004,S001,227,193.92666666666668
2025-10-03,P004,S002,195,193.79
2025-10-03,P004,S003,158,159.74666666666667
2025-10-03,P005,S001,136,125.48333333333333
2025-10-03,P005,S002,156,141.96333333333334
2025-10-03,P005,S003,114,108.27666666666667
2025-10-04,P001,S001,138,131.23666666666668
2025-10-04,P001,S002,138,145.85333333333332
2025-10-04,P001,S003,121,119.12
2025-10-04,P002,S001,180,165.40666666666667
2025-10-04,P002,S002,171,193.34333333333333
2025-10-04,P002,S003,165,182.44
2025-10-04,P003,S001,99,114.07333333333334
2025-10-04,P003,S002,125,123.57
2025-10-04,P003,S003,115,106.15333333333334
2025-10-04,P004,S001,174,190.42333333333335
2025-10-04,P004,S002,223,220.76666666666668
2025-10-04,P004,S003,198,214.39333333333335
2025-10-04,P005,S001,131,138.94333333333333
2025-10-04,P005,S002,158,162.02333333333334
2025-10-04,P005,S003,133,125.48666666666666
2025-10-05,P001,S001,120,129.70666666666668
2025-10-05,P001,S002,186,175.80666666666667
2025-10-05,P001,S003,108,121.68666666666667
2025-10-05,P002,S001,141,173.11666666666667
2025-10-05,P002,S002,168,185.94333333333333
2025-10-05,P002,S003,169,178.43333333333334
2025-10-05,P003,S001,101,109.19666666666667
2025-10-05,P003,S002,140,123.71666666666667
2025-10-05,P003,S003,106,96.57
2025-10-05,P004,S001,212,180.43666666666667
2025-10-05,P004,S002,174,217.13333333333333
2025-10-05,P004,S003,261,217.47666666666666
2025-10-05,P005,S001,139,137.96
2025-10-05,P005,S002,193,164.23666666666668
2025-10-05,P005,S003,142,126.80666666666667
2025-10-06,P001,S001,169,137.88333333333333
2025-10-06,P001,S002,127,131.98
2025-10-06,P001,S003,106,103.22666666666667
2025-10-06,P002,S001,182,182.33333333333334
2025-10-06,P002,S002,162,172.96666666666667
2025-10-06,P002,S003,148,131.38333333333333
2025-10-06,P003,S001,109,101.27333333333333
2025-10-06,P003,S002,138,134.88666666666666
2025-10-06,P003,S003,98,89.82333333333334
2025-10-06,P004,S001,185,175.20333333333335
2025-10-06,P004,S002,262,247.19
2025-10-06,P004,S003,172,162.51333333333332
2025-10-06,P005,S001,126,126.48666666666666
2025-10-06,P005,S002,173,144.25666666666666
2025-10-06,P005,S003,120,114.81
2025-10-07,P001,S001,120,118.35333333333334
2025-10-07,P001,S002,137,133.57666666666665
2025-10-07,P001,S003,112,100.52
2025-10-07,P002,S001,147,151.1
2025-10-07,P002,S002,164,176.20666666666668
2025-10-07,P002,S003,123,127.16
2025-10-07,P003,S001,80,100.52
2025-10-07,P003,S002,111,109.21
2025-10-07,P003,S003,90,87.90333333333334
2025-10-07,P004,S001,222,207.70666666666668
2025-10-07,P004,S002,202,199.99
2025-10-07,P004,S003,154,162.11
2025-10-07,P005,S001,138,125.55333333333333
2025-10-07,P005,S002,182,175.23333333333332
2025-10-07,P005,S003,142,135.95333333333335
2025-10-08,P001,S001,122,115.75666666666666
2025-10-08,P001,S002,158,132.10333333333332
2025-10-08,P001,S003,114,101.45
2025-10-08,P002,S001,182,180.39333333333335
2025-10-08,P002,S002,180,166.39666666666668
2025-10-08,P002,S003,169,159.10666666666665
2025-10-08,P003,S001,106,98.56
2025-10-08,P003,S002,152,135.66
2025-10-08,P003,S003,80,89.86333333333333
2025-10-08,P004,S001,187,175.33333333333334
2025-10-08,P004,S002,204,198.33333333333334
2025-10-08,P004,S003,151,167.52333333333334
2025-10-08,P005,S001,156,149.35666666666665
2025-10-08,P005,S002,131,141.00666666666666
2025-10-08,P005,S003,153,136.59333333333333
2025-10-09,P001,S001,122,119.48666666666666
2025-10-09,P001,S002,138,133.57
2025-10-09,P001,S003,97,100.74666666666667
2025-10-09,P002,S001,138,151.63333333333333
2025-10-09,P002,S002,192,171.69
2025-10-09,P002,S003,153,161.61
2025-10-09,P003,S001,110,99.92333333333333
2025-10-09,P003,S002,122,109.74666666666667
2025-10-09,P003,S003,81,91.43333333333334
2025-10-09,P004,S001,167,171.32
2025-10-09,P004,S002,265,249.67
2025-10-09,P004,S003,164,162.79333333333332
2025-10-09,P005,S001,161,150.9
2025-10-09,P005,S002,194,173.08333333333334
2025-10-09,P005,S003,110,112.73
2025-10-10,P001,S001,114,118.8
2025-10-10,P001,S002,168,170.89666666666668
2025-10-10,P001,S003,123,127.14666666666666
2025-10-10,P002,S001,147,150.14666666666668
2025-10-10,P002,S002,161,176.28
2025-10-10,P002,S003,132,133.48333333333332
2025-10-10,P003,S001,98,104.49666666666667
2025-10-10,P003,S002,118,109.26666666666667
2025-10-10,P003,S003,124,107.64333333333333
2025-10-10,P004,S001,214,214.69666666666666
2025-10-10,P004,S002,258,241.11
2025-10-10,P004,S003,183,197.48666666666668
2025-10-10,P005,S001,127,127.24
2025-10-10,P005,S002,150,145.1
2025-10-10,P005,S003,100,114.08666666666667
2025-10-11,P001,S001,180,153.38
2025-10-11,P001,S002,163,153.56666666666666
2025-10-11,P001,S003,130,119.38
2025-10-11,P002,S001,163,167.60333333333332
2025-10-11,P002,S002,210,185.30666666666667
2025-10-11,P002,S003,175,181.28
2025-10-11,P003,S001,127,106.6
2025-10-11,P003,S002,149,150.34333333333333
2025-10-11,P003,S003,97,97.56666666666666
2025-10-11,P004,S001,185,190.08666666666667
2025-10-11,P004,S002,233,223.95
2025-10-11,P004,S003,224,215.76666666666668
2025-10-11,P005,S001,137,138.5
2025-10-11,P005,S002,167,165.88333333333333
2025-10-11,P005,S003,156,149.17
2025-10-12,P001,S001,173,159.84333333333333
2025-10-12,P001,S002,192,175.22666666666666
2025-10-12,P001,S003,113,121.97333333333333
2025-10-12,P002,S001,186,188.33666666666667
2025-10-12,P002,S002,199,189.99666666666667
2025-10-12,P002,S003,143,157.03333333333333
2025-10-12,P003,S001,140,141.59333333333333
2025-10-12,P003,S002,175,159.38
2025-10-12,P003,S003,107,95.87333333333333
2025-10-12,P004,S001,188,189.25333333333333
2025-10-12,P004,S002,220,223.45333333333335
2025-10-12,P004,S003,188,184.06333333333333
2025-10-12,P005,S001,193,168.76666666666668
2025-10-12,P005,S002,166,166.35333333333332
2025-10-12,P005,S003,122,130.26
2025-10-13,P001,S001,105,151.40333333333334
2025-10-13,P001,S002,157,133.20666666666668
2025-10-13,P001,S003,106,98.33333333333333
2025-10-13,P002,S001,150,152.82333333333332
2025-10-13,P002,S002,179,177.12
2025-10-13,P002,S003,130,134.30333333333334
2025-10-13,P003,S001,95,100.96666666666667
2025-10-13,P003,S002,104,109.79666666666667
2025-10-13,P003,S003,82,91.12
2025-10-13,P004,S001,197,217.17333333333335
2025-10-13,P004,S002,244,264.33666666666664
2025-10-13,P004,S003,160,162.95
2025-10-13,P005,S001,176,159.96
2025-10-13,P005,S002,172,180.56666666666666
2025-10-13,P005,S003,106,111.94666666666667
2025-10-14,P001,S001,130,122.05666666666667
2025-10-14,P001,S002,144,131.6
2025-10-14,P001,S003,102,104.05
2025-10-14,P002,S001,177,179.93666666666667
2025-10-14,P002,S002,150,174.97
2025-10-14,P002,S003,154,135.94333333333333
2025-10-14,P003,S001,121,104.87333333333333
2025-10-14,P003,S002,128,111.33
2025-10-14,P003,S003,88,89.46333333333334
2025-10-14,P004,S001,208,171.19333333333333
2025-10-14,P004,S002,206,201.53333333333333
2025-10-14,P004,S003,195,197.68666666666667
2025-10-14,P005,S001,137,168.49666666666667
2025-10-14,P005,S002,149,152.12
2025-10-14,P005,S003,117,113.57333333333334
2025-10-15,P001,S001,98,123.11
2025-10-15,P001,S002,165,168.09333333333333
2025-10-15,P001,S003,129,104.51333333333334
2025-10-15,P002,S001,166,150.72
2025-10-15,P002,S002,182,169.46333333333334
2025-10-15,P002,S003,133,132.61333333333334
2025-10-15,P003,S001,96,98.09
2025-10-15,P003,S002,141,136.94333333333333
2025-10-15,P003,S003,99,92.96333333333334
2025-10-15,P004,S001,228,217.77333333333334
2025-10-15,P004,S002,198,200.02333333333334
2025-10-15,P004,S003,173,166.52333333333334
2025-10-15,P005,S001,115,131.9
2025-10-15,P005,S002,162,152.25666666666666
2025-10-15,P005,S003,113,112.13333333333334
2025-10-16,P001,S001,107,121.61666666666666
2025-10-16,P001,S002,128,133.35666666666665
2025-10-16,P001,S003,137,128.66333333333333
2025-10-16,P002,S001,147,149.58333333333334
2025-10-16,P002,S002,183,171.93
2025-10-16,P002,S003,124,128.10666666666665
2025-10-16,P003,S001,101,99.36333333333333
2025-10-16,P003,S002,138,138.97333333333333
2025-10-16,P003,S003,86,92.35
2025-10-16,P004,S001,182,182.18666666666667
2025-10-16,P004,S002,200,196.71
2025-10-16,P004,S003,174,165.84666666666666
2025-10-16,P005,S001,130,131.46333333333334
2025-10-16,P005,S002,137,149.29333333333332
2025-10-16,P005,S003,131,110.05333333333333
2025-10-17,P001,S001,155,138.01
2025-10-17,P001,S002,139,136.45
2025-10-17,P001,S003,96,103.32333333333334
2025-10-17,P002,S001,168,183.34333333333333
2025-10-17,P002,S002,189,171.34666666666666
2025-10-17,P002,S003,131,133.51666666666668
2025-10-17,P003,S001,112,128.32333333333332
2025-10-17,P003,S002,109,112.90666666666667
2025-10-17,P003,S003,85,93.24
2025-10-17,P004,S001,209,219.77333333333334
2025-10-17,P004,S002,266,237.56666666666666
2025-10-17,P004,S003,199,202.05333333333334
2025-10-17,P005,S001,141,128.63333333333333
2025-10-17,P005,S002,151,149.71666666666667
2025-10-17,P005,S003,109,110.91
2025-10-18,P001,S001,133,158.52333333333334
2025-10-18,P001,S002,157,152.89
2025-10-18,P001,S003,124,119.94666666666667
2025-10-18,P002,S001,160,168.25
2025-10-18,P002,S002,205,235.22
2025-10-18,P002,S003,143,140.16333333333333
2025-10-18,P003,S001,117,110.19666666666667
2025-10-18,P003,S002,104,128.58
2025-10-18,P003,S003,111,94.41
2025-10-18,P004,S001,221,187.77333333333334
2025-10-18,P004,S002,207,217.50666666666666
2025-10-18,P004,S003,189,182.50333333333333
2025-10-18,P005,S001,172,175.09666666666666
2025-10-18,P005,S002,175,167.16333333333333
2025-10-18,P005,S003,108,127.10666666666667
2025-10-19,P001,S001,125,130.19
2025-10-19,P001,S002,144,150.98333333333332
2025-10-19,P001,S003,114,118.89
2025-10-19,P002,S001,164,168.76333333333332
2025-10-19,P002,S002,197,189.27666666666667
2025-10-19,P002,S003,174,172.44666666666666
2025-10-19,P003,S001,139,131.94333333333333
2025-10-19,P003,S002,171,149.49666666666667
2025-10-19,P003,S003,109,122.52
2025-10-19,P004,S001,204,197.32666666666665
2025-10-19,P004,S002,240,219.15333333333334
2025-10-19,P004,S003,175,182.73
2025-10-19,P005,S001,143,146.08
2025-10-19,P005,S002,162,165.43333333333334
2025-10-19,P005,S003,132,126.14
2025-10-20,P001,S001,120,118.08333333333333
2025-10-20,P001,S002,145,134.27333333333334
2025-10-20,P001,S003,104,99.5
2025-10-20,P002,S001,154,153.05666666666667
2025-10-20,P002,S002,162,169.67
2025-10-20,P002,S003,147,132.31
2025-10-20,P003,S001,113,107.58666666666667
2025-10-20,P003,S002,132,136.22
2025-10-20,P003,S003,134,119.03333333333333
2025-10-20,P004,S001,209,184.86333333333334
2025-10-20,P004,S002,213,205.85333333333332
2025-10-20,P004,S003,155,166.36
2025-10-20,P005,S001,138,131.73
2025-10-20,P005,S002,164,143.03666666666666
2025-10-20,P005,S003,151,135.45666666666668
2025-10-21,P001,S001,130,116.17
2025-10-21,P001,S002,149,134.31333333333333
2025-10-21,P001,S003,126,125.35333333333334
2025-10-21,P002,S001,159,150.43666666666667
2025-10-21,P002,S002,188,172.44
2025-10-21,P002,S003,133,133.58
2025-10-21,P003,S001,97,100.99666666666667
2025-10-21,P003,S002,103,112.74666666666667
2025-10-21,P003,S003,85,93.58333333333333
2025-10-21,P004,S001,184,181.61666666666667
2025-10-21,P004,S002,223,205.89
2025-10-21,P004,S003,174,163.79333333333332
2025-10-21,P005,S001,120,132.53666666666666
2025-10-21,P005,S002,168,182.26
2025-10-21,P005,S003,136,117.50333333333333
2025-10-22,P001,S001,140,130.26333333333332
2025-10-22,P001,S002,177,166.33666666666667
2025-10-22,P001,S003,138,128.74666666666667
2025-10-22,P002,S001,150,183.41666666666666
2025-10-22,P002,S002,154,171.85
2025-10-22,P002,S003,140,133.73
2025-10-22,P003,S001,103,101.14
2025-10-22,P003,S002,122,113.83333333333333
2025-10-22,P003,S003,84,92.54666666666667
2025-10-22,P004,S001,169,182.17666666666668
2025-10-22,P004,S002,199,203.35666666666665
2025-10-22,P004,S003,145,159.26333333333332
2025-10-22,P005,S001,154,153.78
2025-10-22,P005,S002,135,152.20666666666668
2025-10-22,P005,S003,110,115.32
2025-10-23,P001,S001,125,120.53
2025-10-23,P001,S002,167,164.17333333333335
2025-10-23,P001,S003,109,103.46
2025-10-23,P002,S001,145,147.76666666666668
2025-10-23,P002,S002,189,172.63666666666666
2025-10-23,P002,S003,158,155.08333333333334
2025-10-23,P003,S001,119,103.01666666666667
2025-10-23,P003,S002,106,112.79333333333334
2025-10-23,P003,S003,98,118.15333333333334
2025-10-23,P004,S001,213,220.77
2025-10-23,P004,S002,211,204.92333333333335
2025-10-23,P004,S003,148,162.93666666666667
2025-10-23,P005,S001,122,127.75333333333333
2025-10-23,P005,S002,154,144.06333333333333
2025-10-23,P005,S003,120,114.03666666666666
2025-10-24,P001,S001,143,140.60333333333332
2025-10-24,P001,S002,168,166.16
2025-10-24,P001,S003,102,103.79
2025-10-24,P002,S001,163,179.58333333333334
2025-10-24,P002,S002,173,168.98
2025-10-24,P002,S003,156,157.81
2025-10-24,P003,S001,138,131.67666666666668
2025-10-24,P003,S002,115,115.99666666666667
2025-10-24,P003,S003,78,92.22
2025-10-24,P004,S001,189,181.84333333333333
2025-10-24,P004,S002,247,252.07
2025-10-24,P004,S003,159,162.53
2025-10-24,P005,S001,128,131.19333333333333
2025-10-24,P005,S002,153,151.60666666666665
2025-10-24,P005,S003,112,114.39666666666666
2025-10-25,P001,S001,140,133.74
2025-10-25,P001,S002,161,158.95333333333335
2025-10-25,P001,S003,122,118.47666666666667
2025-10-25,P002,S001,174,171.14
2025-10-25,P002,S002,217,187.0
2025-10-25,P002,S003,135,147.99
2025-10-25,P003,S001,117,114.67666666666666
2025-10-25,P003,S002,142,125.22
2025-10-25,P003,S003,94,97.35333333333334
2025-10-25,P004,S001,171,188.28666666666666
2025-10-25,P004,S002,240,225.21666666666667
2025-10-25,P004,S003,199,216.89
2025-10-25,P005,S001,147,139.45333333333335
2025-10-25,P005,S002,167,171.7
2025-10-25,P005,S003,173,146.05666666666667
2025-10-26,P001,S001,151,131.21666666666667
2025-10-26,P001,S002,174,163.00666666666666
2025-10-26,P001,S003,141,138.55333333333334
2025-10-26,P002,S001,157,171.92333333333335
2025-10-26,P002,S002,184,193.14333333333335
2025-10-26,P002,S003,175,173.83
2025-10-26,P003,S001,102,113.05333333333333
2025-10-26,P003,S002,154,159.07333333333332
2025-10-26,P003,S003,99,97.28333333333333
2025-10-26,P004,S001,234,241.89666666666668
2025-10-26,P004,S002,221,219.86
2025-10-26,P004,S003,167,175.09333333333333
2025-10-26,P005,S001,150,137.48333333333332
2025-10-26,P005,S002,164,174.00666666666666
2025-10-26,P005,S003,113,131.04333333333332
2025-10-27,P001,S001,141,124.56666666666666
2025-10-27,P001,S002,145,138.16
2025-10-27,P001,S003,114,106.43
2025-10-27,P002,S001,161,147.21666666666667
2025-10-27,P002,S002,180,178.69333333333333
2025-10-27,P002,S003,181,168.04333333333332
2025-10-27,P003,S001,101,100.65666666666667
2025-10-27,P003,S002,116,116.34666666666666
2025-10-27,P003,S003,82,89.97666666666667
2025-10-27,P004,S001,203,187.22333333333333
2025-10-27,P004,S002,234,257.18
2025-10-27,P004,S003,179,159.77666666666667
2025-10-27,P005,S001,136,129.13666666666666
2025-10-27,P005,S002,160,146.06
2025-10-27,P005,S003,122,112.45666666666666
2025-10-28,P001,S001,127,123.45
2025-10-28,P001,S002,152,140.48333333333332
2025-10-28,P001,S003,111,109.79333333333334
2025-10-28,P002,S001,215,180.26666666666668
2025-10-28,P002,S002,210,207.87
2025-10-28,P002,S003,158,136.33
2025-10-28,P003,S001,111,125.84333333333333
2025-10-28,P003,S002,109,115.73
2025-10-28,P003,S003,85,89.12
2025-10-28,P004,S001,194,184.40333333333334
2025-10-28,P004,S002,212,205.99
2025-10-28,P004,S003,167,162.21666666666667
2025-10-28,P005,S001,141,130.66
2025-10-28,P005,S002,158,145.89666666666668
2025-10-28,P005,S003,125,112.28666666666666
2025-10-29,P001,S001,115,122.44333333333333
2025-10-29,P001,S002,179,170.95
2025-10-29,P001,S003,101,104.54666666666667
2025-10-29,P002,S001,142,158.46666666666667
2025-10-29,P002,S002,178,177.93666666666667
2025-10-29,P002,S003,124,135.50666666666666
2025-10-29,P003,S001,109,97.93
2025-10-29,P003,S002,144,137.21666666666667
2025-10-29,P003,S003,85,91.61333333333333
2025-10-29,P004,S001,183,186.14
2025-10-29,P004,S002,235,206.47666666666666
2025-10-29,P004,S003,162,160.82333333333332
2025-10-29,P005,S001,124,128.66333333333333
2025-10-29,P005,S002,168,182.31666666666666
2025-10-29,P005,S003,132,112.44333333333333
2025-10-30,P001,S001,121,123.73333333333333
2025-10-30,P001,S002,173,174.67666666666668
2025-10-30,P001,S003,130,131.74333333333334
2025-10-30,P002,S001,159,156.11
2025-10-30,P002,S002,171,177.94
2025-10-30,P002,S003,140,136.82
2025-10-30,P003,S001,113,97.18333333333334
2025-10-30,P003,S002,112,117.55333333333333
2025-10-30,P003,S003,91,91.51333333333334
2025-10-30,P004,S001,224,227.57333333333332
2025-10-30,P004,S002,226,210.04
2025-10-30,P004,S003,175,192.09
2025-10-30,P005,S001,143,127.63666666666667
2025-10-30,P005,S002,151,153.34333333333333
2025-10-30,P005,S003,129,115.49
2025-10-31,P001,S001,159,144.97333333333333
2025-10-31,P001,S002,155,144.06666666666666
2025-10-31,P001,S003,115,108.50333333333333
2025-10-31,P002,S001,171,149.93666666666667
2025-10-31,P002,S002,182,174.75666666666666
2025-10-31,P002,S003,150,134.93
2025-10-31,P003,S001,94,99.76666666666667
2025-10-31,P003,S002,109,116.76333333333334
2025-10-31,P003,S003,91,88.63666666666667
2025-10-31,P004,S001,204,218.59333333333333
2025-10-31,P004,S002,272,270.08
2025-10-31,P004,S003,200,196.32666666666665
2025-10-31,P005,S001,144,155.99666666666667
2025-10-31,P005,S002,158,152.66
2025-10-31,P005,S003,114,115.57666666666667
2025-11-01,P001,S001,142,140.14333333333335
2025-11-01,P001,S002,174,167.03666666666666
2025-11-01,P001,S003,153,140.99333333333334
2025-11-01,P002,S001,163,169.29333333333332
2025-11-01,P002,S002,237,225.39333333333335
2025-11-01,P002,S003,152,152.68666666666667
2025-11-01,P003,S001,119,116.67666666666666
2025-11-01,P003,S002,135,130.5
2025-11-01,P003,S003,105,92.58
2025-11-01,P004,S001,282,261.39
2025-11-01,P004,S002,229,248.19
2025-11-01,P004,S003,211,177.36
2025-11-01,P005,S001,160,181.59666666666666
2025-11-01,P005,S002,180,170.46333333333334
2025-11-01,P005,S003,173,149.31
2025-11-02,P001,S001,137,139.33
2025-11-02,P001,S002,168,165.14333333333335
2025-11-02,P001,S003,113,124.15
2025-11-02,P002,S001,179,165.98333333333332
2025-11-02,P002,S002,201,189.57
2025-11-02,P002,S003,185,184.9
2025-11-02,P003,S001,114,111.82
2025-11-02,P003,S002,135,133.20333333333335
2025-11-02,P003,S003,111,94.27666666666667
2025-11-02,P004,S001,234,264.86333333333334
2025-11-02,P004,S002,289,284.29
2025-11-02,P004,S003,209,219.47333333333333
2025-11-02,P005,S001,183,179.35
2025-11-02,P005,S002,193,209.03
2025-11-02,P005,S003,137,134.93333333333334
2025-11-03,P001,S001,141,122.90666666666667
2025-11-03,P001,S002,151,142.56666666666666
2025-11-03,P001,S003,123,112.57666666666667
2025-11-03,P002,S001,144,158.71
2025-11-03,P002,S002,212,194.96666666666667
2025-11-03,P002,S003,146,149.36
2025-11-03,P003,S001,107,104.77333333333333
2025-11-03,P003,S002,143,148.7
2025-11-03,P003,S003,100,92.21333333333334
2025-11-03,P004,S001,275,222.51666666666668
2025-11-03,P004,S002,265,264.1066666666667
2025-11-03,P004,S003,197,193.65
2025-11-03,P005,S001,159,158.77333333333334
2025-11-03,P005,S002,155,153.8
2025-11-03,P005,S003,128,125.40333333333334
2025-11-04,P001,S001,125,122.63666666666667
2025-11-04,P001,S002,142,183.56333333333333
2025-11-04,P001,S003,108,111.07333333333334
2025-11-04,P002,S001,153,151.96
2025-11-04,P002,S002,162,179.48666666666668
2025-11-04,P002,S003,182,170.81333333333333
2025-11-04,P003,S001,124,104.64
2025-11-04,P003,S002,133,121.31333333333333
2025-11-04,P003,S003,130,106.94333333333333
2025-11-04,P004,S001,211,190.94666666666666
2025-11-04,P004,S002,246,266.22333333333336
2025-11-04,P004,S003,194,177.92333333333335
2025-11-04,P005,S001,149,142.12666666666667
2025-11-04,P005,S002,157,150.34666666666666
2025-11-04,P005,S003,133,126.56333333333333
2025-11-05,P001,S001,156,153.01333333333332
2025-11-05,P001,S002,183,175.44666666666666
2025-11-05,P001,S003,124,111.52666666666667
2025-11-05,P002,S001,161,155.52666666666667
2025-11-05,P002,S002,191,179.93
2025-11-05,P002,S003,133,154.52333333333334
2025-11-05,P003,S001,113,105.86666666666666
2025-11-05,P003,S002,108,121.04
2025-11-05,P003,S003,103,94.23333333333333
2025-11-05,P004,S001,165,192.83
2025-11-05,P004,S002,238,222.1
2025-11-05,P004,S003,179,173.13666666666666
2025-11-05,P005,S001,167,169.49
2025-11-05,P005,S002,243,191.08666666666667
2025-11-05,P005,S003,132,120.38333333333334
2025-11-06,P001,S001,144,124.89
2025-11-06,P001,S002,142,144.1
2025-11-06,P001,S003,120,115.02333333333333
2025-11-06,P002,S001,154,153.81
2025-11-06,P002,S002,187,181.36
2025-11-06,P002,S003,151,146.96
2025-11-06,P003,S001,112,106.48
2025-11-06,P003,S002,129,140.08333333333334
2025-11-06,P003,S003,93,91.67
2025-11-06,P004,S001,196,197.78
2025-11-06,P004,S002,219,222.77333333333334
2025-11-06,P004,S003,183,174.71666666666667
2025-11-06,P005,S001,126,149.31
2025-11-06,P005,S002,167,157.02333333333334
2025-11-06,P005,S003,142,147.16666666666666
2025-11-07,P001,S001,124,125.77666666666667
2025-11-07,P001,S002,191,181.3
2025-11-07,P001,S003,132,115.83333333333333
2025-11-07,P002,S001,163,155.44666666666666
2025-11-07,P002,S002,245,207.92
2025-11-07,P002,S003,139,147.6
2025-11-07,P003,S001,118,107.38666666666667
2025-11-07,P003,S002,149,146.61666666666667
2025-11-07,P003,S003,89,90.65333333333334
2025-11-07,P004,S001,208,227.72333333333333
2025-11-07,P004,S002,260,223.23666666666668
2025-11-07,P004,S003,228,197.25
2025-11-07,P005,S001,133,146.01333333333332
2025-11-07,P005,S002,177,154.15333333333334
2025-11-07,P005,S003,113,122.33
2025-11-08,P001,S001,135,139.17
2025-11-08,P001,S002,153,160.74
2025-11-08,P001,S003,122,125.80666666666667
2025-11-08,P002,S001,197,168.25
2025-11-08,P002,S002,258,234.66666666666666
2025-11-08,P002,S003,158,154.83
2025-11-08,P003,S001,127,121.48
2025-11-08,P003,S002,111,132.18
2025-11-08,P003,S003,106,98.87
2025-11-08,P004,S001,236,206.77666666666667
2025-11-08,P004,S002,231,263.6666666666667
2025-11-08,P004,S003,202,193.30333333333334
2025-11-08,P005,S001,181,181.56
2025-11-08,P005,S002,220,207.58
2025-11-08,P005,S003,140,129.29
2025-11-09,P001,S001,145,135.15666666666667
2025-11-09,P001,S002,148,166.2
2025-11-09,P001,S003,128,125.18333333333334
2025-11-09,P002,S001,210,207.56
2025-11-09,P002,S002,172,197.15
2025-11-09,P002,S003,151,156.73666666666668
2025-11-09,P003,S001,132,141.17666666666668
2025-11-09,P003,S002,171,160.39666666666668
2025-11-09,P003,S003,112,98.22666666666667
2025-11-09,P004,S001,198,215.26666666666668
2025-11-09,P004,S002,239,263.4633333333333
2025-11-09,P004,S003,167,194.38
2025-11-09,P005,S001,143,158.02333333333334
2025-11-09,P005,S002,177,180.05333333333334
2025-11-09,P005,S003,190,161.47
2025-11-10,P001,S001,140,128.39666666666668
2025-11-10,P001,S002,194,180.50333333333333
2025-11-10,P001,S003,107,115.23333333333333
2025-11-10,P002,S001,154,161.66333333333333
2025-11-10,P002,S002,177,183.11333333333334
2025-11-10,P002,S003,154,149.98
2025-11-10,P003,S001,104,107.84666666666666
2025-11-10,P003,S002,130,121.12666666666667
2025-11-10,P003,S003,116,116.50666666666666
2025-11-10,P004,S001,206,201.58666666666667
2025-11-10,P004,S002,245,216.77333333333334
2025-11-10,P004,S003,200,197.27666666666667
2025-11-10,P005,S001,145,145.82666666666665
2025-11-10,P005,S002,142,159.31
2025-11-10,P005,S003,121,123.60666666666667
2025-11-11,P001,S001,132,129.15
2025-11-11,P001,S002,170,158.97
2025-11-11,P001,S003,138,133.43
2025-11-11,P002,S001,180,154.51
2025-11-11,P002,S002,201,184.59333333333333
2025-11-11,P002,S003,137,151.08333333333334
2025-11-11,P003,S001,108,103.89333333333333
2025-11-11,P003,S002,111,123.61
2025-11-11,P003,S003,119,93.13333333333334
2025-11-11,P004,S001,189,194.20333333333335
2025-11-11,P004,S002,236,217.03666666666666
2025-11-11,P004,S003,184,174.57666666666665
2025-11-11,P005,S001,135,146.56666666666666
2025-11-11,P005,S002,150,153.90666666666667
2025-11-11,P005,S003,126,123.52333333333333
2025-11-12,P001,S001,141,123.72
2025-11-12,P001,S002,142,155.66
2025-11-12,P001,S003,129,114.39333333333333
2025-11-12,P002,S001,166,155.70333333333335
2025-11-12,P002,S002,170,187.66
2025-11-12,P002,S003,129,148.72333333333333
2025-11-12,P003,S001,111,106.51333333333334
2025-11-12,P003,S002,118,117.74666666666667
2025-11-12,P003,S003,108,93.61333333333333
2025-11-12,P004,S001,203,191.22666666666666
2025-11-12,P004,S002,224,215.89666666666668
2025-11-12,P004,S003,164,173.27333333333334
2025-11-12,P005,S001,160,139.62
2025-11-12,P005,S002,146,151.20666666666668
2025-11-12,P005,S003,126,122.53666666666666
2025-11-13,P001,S001,153,154.62333333333333
2025-11-13,P001,S002,180,183.53
2025-11-13,P001,S003,102,112.13666666666667
2025-11-13,P002,S001,140,157.18
2025-11-13,P002,S002,174,187.83333333333334
2025-11-13,P002,S003,166,164.95666666666668
2025-11-13,P003,S001,104,105.49666666666667
2025-11-13,P003,S002,140,140.14
2025-11-13,P003,S003,99,93.71666666666667
2025-11-13,P004,S001,172,189.76333333333332
2025-11-13,P004,S002,270,275.0366666666667
2025-11-13,P004,S003,160,174.12
2025-11-13,P005,S001,151,158.67333333333335
2025-11-13,P005,S002,156,153.63666666666666
2025-11-13,P005,S003,149,142.74333333333334
2025-11-14,P001,S001,133,130.16
2025-11-14,P001,S002,130,155.93333333333334
2025-11-14,P001,S003,151,135.09
2025-11-14,P002,S001,154,151.58333333333334
2025-11-14,P002,S002,187,182.71666666666667
2025-11-14,P002,S003,158,148.42
2025-11-14,P003,S001,127,132.83
2025-11-14,P003,S002,148,139.5
2025-11-14,P003,S003,85,93.88333333333334
2025-11-14,P004,S001,193,192.61
2025-11-14,P004,S002,256,218.38666666666666
2025-11-14,P004,S003,190,202.45
2025-11-14,P005,S001,155,136.30666666666667
2025-11-14,P005,S002,165,153.49
2025-11-14,P005,S003,112,123.00666666666666
2025-11-15,P001,S001,122,139.16333333333333
2025-11-15,P001,S002,153,163.19333333333333
2025-11-15,P001,S003,157,152.68333333333334
2025-11-15,P002,S001,229,204.96666666666667
2025-11-15,P002,S002,261,239.63666666666666
2025-11-15,P002,S003,170,157.43666666666667
2025-11-15,P003,S001,109,120.41666666666667
2025-11-15,P003,S002,168,159.80333333333334
2025-11-15,P003,S003,100,103.38
2025-11-15,P004,S001,272,249.81
2025-11-15,P004,S002,290,242.69
2025-11-15,P004,S003,166,185.91666666666666
2025-11-15,P005,S001,171,173.24
2025-11-15,P005,S002,191,169.69666666666666
2025-11-15,P005,S003,172,164.18333333333334
2025-11-16,P001,S001,149,144.63
2025-11-16,P001,S002,142,164.83666666666667
2025-11-16,P001,S003,137,129.85
2025-11-16,P002,S001,182,173.08666666666667
2025-11-16,P002,S002,180,190.81333333333333
2025-11-16,P002,S003,163,162.96
2025-11-16,P003,S001,119,119.15666666666667
2025-11-16,P003,S002,149,158.22
2025-11-16,P003,S003,101,104.85
2025-11-16,P004,S001,270,266.28333333333336
2025-11-16,P004,S002,242,256.06333333333333
2025-11-16,P004,S003,209,185.13333333333333
2025-11-16,P005,S001,143,153.20666666666668
2025-11-16,P005,S002,213,207.97
2025-11-16,P005,S003,125,134.58
2025-11-17,P001,S001,121,127.47666666666667
2025-11-17,P001,S002,163,152.97333333333333
2025-11-17,P001,S003,119,113.70333333333333
2025-11-17,P002,S001,202,187.48333333333332
2025-11-17,P002,S002,181,178.69666666666666
2025-11-17,P002,S003,123,143.89666666666668
2025-11-17,P003,S001,116,105.88333333333334
2025-11-17,P003,S002,123,120.14666666666666
2025-11-17,P003,S003,93,94.61333333333333
2025-11-17,P004,S001,175,195.5
2025-11-17,P004,S002,199,232.94666666666666
2025-11-17,P004,S003,217,196.61666666666667
2025-11-17,P005,S001,165,170.39333333333335
2025-11-17,P005,S002,168,161.75
2025-11-17,P005,S003,138,123.80666666666667
2025-11-18,P001,S001,131,127.15
2025-11-18,P001,S002,173,187.19666666666666
2025-11-18,P001,S003,128,138.76666666666668
2025-11-18,P002,S001,138,163.49666666666667
2025-11-18,P002,S002,183,174.22
2025-11-18,P002,S003,147,143.3
2025-11-18,P003,S001,106,104.83
2025-11-18,P003,S002,169,147.36666666666667
2025-11-18,P003,S003,97,93.94666666666667
2025-11-18,P004,S001,187,197.07
2025-11-18,P004,S002,266,262.78
2025-11-18,P004,S003,165,168.98
2025-11-18,P005,S001,124,143.57
2025-11-18,P005,S002,167,160.57333333333332
2025-11-18,P005,S003,125,126.77666666666667
2025-11-19,P001,S001,113,128.61333333333334
2025-11-19,P001,S002,182,185.42
2025-11-19,P001,S003,140,140.40333333333334
2025-11-19,P002,S001,167,155.34666666666666
2025-11-19,P002,S002,200,212.23333333333332
2025-11-19,P002,S003,133,143.74666666666667
2025-11-19,P003,S001,106,101.75
2025-11-19,P003,S002,122,124.07
2025-11-19,P003,S003,95,93.72666666666667
2025-11-19,P004,S001,193,193.42666666666668
2025-11-19,P004,S002,253,265.0966666666667
2025-11-19,P004,S003,188,170.81666666666666
2025-11-19,P005,S001,144,145.44666666666666
2025-11-19,P005,S002,162,162.07333333333332
2025-11-19,P005,S003,121,126.94
2025-11-20,P001,S001,134,127.09
2025-11-20,P001,S002,157,153.71666666666667
2025-11-20,P001,S003,148,138.14333333333335
2025-11-20,P002,S001,146,156.82
2025-11-20,P002,S002,191,183.42
2025-11-20,P002,S003,127,145.51666666666668
2025-11-20,P003,S001,111,106.25666666666666
2025-11-20,P003,S002,127,119.38666666666667
2025-11-20,P003,S003,99,92.92333333333333
2025-11-20,P004,S001,194,195.11333333333334
2025-11-20,P004,S002,219,232.10666666666665
2025-11-20,P004,S003,172,174.89
2025-11-20,P005,S001,139,148.28
2025-11-20,P005,S002,195,190.37
2025-11-20,P005,S003,120,124.85333333333334
2025-11-21,P001,S001,128,127.29
2025-11-21,P001,S002,179,181.55666666666667
2025-11-21,P001,S003,128,118.75666666666666
2025-11-21,P002,S001,176,155.97333333333333
2025-11-21,P002,S002,174,183.19
2025-11-21,P002,S003,144,140.69333333333333
2025-11-21,P003,S001,112,102.43666666666667
2025-11-21,P003,S002,124,149.43
2025-11-21,P003,S003,101,92.29333333333334
2025-11-21,P004,S001,179,192.83666666666667
2025-11-21,P004,S002,236,220.53
2025-11-21,P004,S003,223,201.75333333333333
2025-11-21,P005,S001,134,151.17333333333335
2025-11-21,P005,S002,189,193.81666666666666
2025-11-21,P005,S003,137,123.44666666666667
2025-11-22,P001,S001,127,142.96333333333334
2025-11-22,P001,S002,218,203.67
2025-11-22,P001,S003,164,157.87
2025-11-22,P002,S001,181,175.35
2025-11-22,P002,S002,184,191.45
2025-11-22,P002,S003,146,154.15333333333334
2025-11-22,P003,S001,147,140.16666666666666
2025-11-22,P003,S002,135,134.6
2025-11-22,P003,S003,108,98.65333333333334
2025-11-22,P004,S001,212,215.54666666666665
2025-11-22,P004,S002,247,244.49666666666667
2025-11-22,P004,S003,221,186.57666666666665
2025-11-22,P005,S001,132,147.85
2025-11-22,P005,S002,178,178.6
2025-11-22,P005,S003,117,138.63666666666666
2025-11-23,P001,S001,144,139.70666666666668
2025-11-23,P001,S002,169,170.51
2025-11-23,P001,S003,130,129.16666666666666
2025-11-23,P002,S001,176,178.14333333333335
2025-11-23,P002,S002,166,189.63666666666666
2025-11-23,P002,S003,176,150.00333333333333
2025-11-23,P003,S001,116,143.52333333333334
2025-11-23,P003,S002,149,138.25
2025-11-23,P003,S003,111,101.72666666666667
2025-11-23,P004,S001,210,216.98
2025-11-23,P004,S002,252,243.96333333333334
2025-11-23,P004,S003,195,190.39333333333335
2025-11-23,P005,S001,135,149.61
2025-11-23,P005,S002,156,173.51333333333332
2025-11-23,P005,S003,158,130.95333333333335
2025-11-24,P001,S001,128,127.56
2025-11-24,P001,S002,123,151.05
2025-11-24,P001,S003,128,143.49333333333334
2025-11-24,P002,S001,173,160.39666666666668
2025-11-24,P002,S002,165,182.44
2025-11-24,P002,S003,150,141.27666666666667
2025-11-24,P003,S001,107,101.15
2025-11-24,P003,S002,149,155.84
2025-11-24,P003,S003,96,94.49666666666667
2025-11-24,P004,S001,195,192.03
2025-11-24,P004,S002,206,223.93
2025-11-24,P004,S003,189,178.92333333333335
2025-11-24,P005,S001,192,165.84666666666666
2025-11-24,P005,S002,134,162.26333333333332
2025-11-24,P005,S003,141,158.42333333333335
2025-11-25,P001,S001,148,152.90666666666667
2025-11-25,P001,S002,151,148.37
2025-11-25,P001,S003,122,121.45666666666666
2025-11-25,P002,S001,172,163.36666666666667
2025-11-25,P002,S002,202,180.71333333333334
2025-11-25,P002,S003,143,143.67333333333335
2025-11-25,P003,S001,110,102.57333333333334
2025-11-25,P003,S002,142,155.02666666666667
2025-11-25,P003,S003,130,119.48
2025-11-25,P004,S001,197,193.35666666666665
2025-11-25,P004,S002,211,217.14333333333335
2025-11-25,P004,S003,200,210.24
2025-11-25,P005,S001,179,166.0
2025-11-25,P005,S002,170,160.73
2025-11-25,P005,S003,151,154.62
2025-11-26,P001,S001,123,128.26333333333332
2025-11-26,P001,S002,141,151.12666666666667
2025-11-26,P001,S003,115,117.35666666666667
2025-11-26,P002,S001,186,188.81666666666666
2025-11-26,P002,S002,197,179.55333333333334
2025-11-26,P002,S003,137,145.4
2025-11-26,P003,S001,109,104.41333333333333
2025-11-26,P003,S002,84,121.09666666666666
2025-11-26,P003,S003,76,97.94
2025-11-26,P004,S001,228,191.64
2025-11-26,P004,S002,247,269.52
2025-11-26,P004,S003,180,183.05
2025-11-26,P005,S001,167,167.35333333333332
2025-11-26,P005,S002,153,159.01666666666668
2025-11-26,P005,S003,126,126.47
2025-11-27,P001,S001,128,126.5
2025-11-27,P001,S002,131,149.04666666666665
2025-11-27,P001,S003,121,115.94
2025-11-27,P002,S001,219,188.89333333333335
2025-11-27,P002,S002,191,180.65333333333334
2025-11-27,P002,S003,156,145.06333333333333
2025-11-27,P003,S001,112,105.45
2025-11-27,P003,S002,154,151.28666666666666
2025-11-27,P003,S003,122,124.79
2025-11-27,P004,S001,221,184.86
2025-11-27,P004,S002,189,223.86666666666667
2025-11-27,P004,S003,197,211.71
2025-11-27,P005,S001,151,167.41
2025-11-27,P005,S002,155,160.01666666666668
2025-11-27,P005,S003,132,125.18
2025-11-28,P001,S001,127,125.64333333333333
2025-11-28,P001,S002,140,150.53333333333333
2025-11-28,P001,S003,113,117.85
2025-11-28,P002,S001,209,201.81666666666666
2025-11-28,P002,S002,222,217.99666666666667
2025-11-28,P002,S003,128,149.18
2025-11-28,P003,S001,132,132.92
2025-11-28,P003,S002,132,122.27333333333333
2025-11-28,P003,S003,99,97.91333333333333
2025-11-28,P004,S001,243,233.47
2025-11-28,P004,S002,224,219.68333333333334
2025-11-28,P004,S003,192,216.95
2025-11-28,P005,S001,140,143.71333333333334
2025-11-28,P005,S002,146,162.44
2025-11-28,P005,S003,134,127.43333333333334
2025-11-29,P001,S001,145,138.15333333333334
2025-11-29,P001,S002,171,165.88
2025-11-29,P001,S003,148,126.02
2025-11-29,P002,S001,185,185.81666666666666
2025-11-29,P002,S002,239,242.89333333333335
2025-11-29,P002,S003,169,146.57666666666665
2025-11-29,P003,S001,132,121.87666666666667
2025-11-29,P003,S002,127,133.18333333333334
2025-11-29,P003,S003,144,129.21
2025-11-29,P004,S001,243,246.36666666666667
2025-11-29,P004,S002,234,236.45333333333335
2025-11-29,P004,S003,215,190.30666666666667
2025-11-29,P005,S001,189,182.08333333333334
2025-11-29,P005,S002,194,176.47666666666666
2025-11-29,P005,S003,168,168.56666666666666
2025-11-30,P001,S001,139,138.52333333333334
2025-11-30,P001,S002,190,190.26666666666668
2025-11-30,P001,S003,125,128.93
2025-11-30,P002,S001,176,185.22666666666666
2025-11-30,P002,S002,229,194.61666666666667
2025-11-30,P002,S003,183,156.77333333333334
2025-11-30,P003,S001,114,120.38666666666667
2025-11-30,P003,S002,169,172.17333333333335
2025-11-30,P003,S003,105,108.61333333333333
2025-11-30,P004,S001,229,246.85666666666665
2025-11-30,P004,S002,263,239.05666666666667
2025-11-30,P004,S003,218,199.14333333333335
2025-11-30,P005,S001,150,160.53666666666666
2025-11-30,P005,S002,163,173.0
2025-11-30,P005,S003,142,144.24333333333334
2025-12-01,P001,S001,130,126.17333333333333
2025-12-01,P001,S002,146,155.80666666666667
2025-12-01,P001,S003,112,117.54666666666667
2025-12-01,P002,S001,192,172.68
2025-12-01,P002,S002,239,232.01333333333332
2025-12-01,P002,S003,162,147.68666666666667
2025-12-01,P003,S001,120,115.36666666666666
2025-12-01,P003,S002,133,126.32333333333334
2025-12-01,P003,S003,108,102.27666666666667
2025-12-01,P004,S001,209,191.16
2025-12-01,P004,S002,232,213.33666666666667
2025-12-01,P004,S003,167,191.85
2025-12-01,P005,S001,167,145.14333333333335
2025-12-01,P005,S002,160,165.28333333333333
2025-12-01,P005,S003,138,131.92333333333335
2025-12-02,P001,S001,129,123.97666666666667
2025-12-02,P001,S002,154,152.68666666666667
2025-12-02,P001,S003,133,119.30666666666667
2025-12-02,P002,S001,154,176.46333333333334
2025-12-02,P002,S002,155,189.07666666666665
2025-12-02,P002,S003,171,175.42
2025-12-02,P003,S001,120,115.11666666666666
2025-12-02,P003,S002,124,123.88
2025-12-02,P003,S003,97,104.32333333333334
2025-12-02,P004,S001,227,237.76333333333332
2025-12-02,P004,S002,223,216.87333333333333
2025-12-02,P004,S003,191,189.78
2025-12-02,P005,S001,153,146.67
2025-12-02,P005,S002,208,187.89
2025-12-02,P005,S003,139,128.41333333333333
2025-12-03,P001,S001,151,124.53666666666666
2025-12-03,P001,S002,146,149.98333333333332
2025-12-03,P001,S003,131,120.03
2025-12-03,P002,S001,214,191.01666666666668
2025-12-03,P002,S002,176,193.23333333333332
2025-12-03,P002,S003,157,148.20333333333335
2025-12-03,P003,S001,98,114.91
2025-12-03,P003,S002,182,149.22666666666666
2025-12-03,P003,S003,104,98.79
2025-12-03,P004,S001,210,190.55333333333334
2025-12-03,P004,S002,209,218.15666666666667
2025-12-03,P004,S003,174,187.92666666666668
2025-12-03,P005,S001,175,174.89666666666668
2025-12-03,P005,S002,195,164.46666666666667
2025-12-03,P005,S003,153,158.37333333333333
2025-12-04,P001,S001,133,127.64666666666666
2025-12-04,P001,S002,150,150.74333333333334
2025-12-04,P001,S003,116,122.71666666666667
2025-12-04,P002,S001,203,197.36
2025-12-04,P002,S002,206,191.59
2025-12-04,P002,S003,156,142.00333333333333
2025-12-04,P003,S001,106,115.41666666666667
2025-12-04,P003,S002,183,156.50333333333333
2025-12-04,P003,S003,109,103.98333333333333
2025-12-04,P004,S001,234,194.2
2025-12-04,P004,S002,239,217.15333333333334
2025-12-04,P004,S003,184,189.49666666666667
2025-12-04,P005,S001,188,175.18
2025-12-04,P005,S002,195,166.86333333333334
2025-12-04,P005,S003,160,129.46333333333334
2025-12-05,P001,S001,162,153.03
2025-12-05,P001,S002,173,151.72333333333333
2025-12-05,P001,S003,134,121.36666666666666
2025-12-05,P002,S001,177,177.65
2025-12-05,P002,S002,251,188.65
2025-12-05,P002,S003,154,140.88
2025-12-05,P003,S001,113,114.67666666666666
2025-12-05,P003,S002,141,135.02
2025-12-05,P003,S003,117,126.42333333333333
2025-12-05,P004,S001,223,192.17
2025-12-05,P004,S002,231,215.45
2025-12-05,P004,S003,174,193.82
2025-12-05,P005,S001,166,149.4
2025-12-05,P005,S002,215,194.49666666666667
2025-12-05,P005,S003,134,134.39666666666668
2025-12-06,P001,S001,171,139.76666666666668
2025-12-06,P001,S002,173,163.50333333333333
2025-12-06,P001,S003,136,132.85
2025-12-06,P002,S001,216,187.31333333333333
2025-12-06,P002,S002,232,198.81
2025-12-06,P002,S003,177,162.81666666666666
2025-12-06,P003,S001,123,119.65333333333334
2025-12-06,P003,S002,130,148.60666666666665
2025-12-06,P003,S003,118,113.24
2025-12-06,P004,S001,206,221.82333333333332
2025-12-06,P004,S002,254,245.16
2025-12-06,P004,S003,190,189.51666666666668
2025-12-06,P005,S001,147,160.82666666666665
2025-12-06,P005,S002,173,190.63666666666666
2025-12-06,P005,S003,188,176.82666666666665
2025-12-07,P001,S001,151,145.96
2025-12-07,P001,S002,155,170.17333333333335
2025-12-07,P001,S003,132,134.03666666666666
2025-12-07,P002,S001,201,191.07333333333332
2025-12-07,P002,S002,173,195.17666666666668
2025-12-07,P002,S003,174,166.03
2025-12-07,P003,S001,125,145.01333333333332
2025-12-07,P003,S002,143,149.61
2025-12-07,P003,S003,117,111.69333333333333
2025-12-07,P004,S001,243,226.39333333333335
2025-12-07,P004,S002,281,247.86
2025-12-07,P004,S003,221,195.16666666666666
2025-12-07,P005,S001,206,192.83333333333334
2025-12-07,P005,S002,214,188.43666666666667
2025-12-07,P005,S003,155,151.67
2025-12-08,P001,S001,127,131.63
2025-12-08,P001,S002,181,181.47
2025-12-08,P001,S003,137,150.12333333333333
2025-12-08,P002,S001,172,179.13
2025-12-08,P002,S002,194,189.52666666666667
2025-12-08,P002,S003,143,146.51
2025-12-08,P003,S001,113,114.37333333333333
2025-12-08,P003,S002,161,163.46333333333334
2025-12-08,P003,S003,123,125.13666666666667
2025-12-08,P004,S001,238,198.60333333333332
2025-12-08,P004,S002,203,219.60333333333332
2025-12-08,P004,S003,183,185.51
2025-12-08,P005,S001,159,147.55666666666667
2025-12-08,P005,S002,173,173.78
2025-12-08,P005,S003,160,172.04666666666665
2025-12-09,P001,S001,125,135.15
2025-12-09,P001,S002,174,156.94333333333333
2025-12-09,P001,S003,112,124.69
2025-12-09,P002,S001,215,194.64666666666668
2025-12-09,P002,S002,201,187.94333333333333
2025-12-09,P002,S003,173,142.91666666666666
2025-12-09,P003,S001,108,115.89333333333333
2025-12-09,P003,S002,162,171.16
2025-12-09,P003,S003,118,124.96
2025-12-09,P004,S001,214,198.63
2025-12-09,P004,S002,231,216.74333333333334
2025-12-09,P004,S003,193,194.60666666666665
2025-12-09,P005,S001,182,180.56666666666666
2025-12-09,P005,S002,161,167.54333333333332
2025-12-09,P005,S003,151,172.77666666666667
2025-12-10,P001,S001,137,127.22333333333333
2025-12-10,P001,S002,179,158.06333333333333
2025-12-10,P001,S003,130,122.32333333333334
2025-12-10,P002,S001,167,179.78
2025-12-10,P002,S002,215,185.43
2025-12-10,P002,S003,161,143.45333333333335
2025-12-10,P003,S001,123,111.73
2025-12-10,P003,S002,130,138.69333333333333
2025-12-10,P003,S003,131,124.97333333333333
2025-12-10,P004,S001,262,239.59
2025-12-10,P004,S002,240,218.43333333333334
2025-12-10,P004,S003,177,188.24666666666667
2025-12-10,P005,S001,154,143.26666666666668
2025-12-10,P005,S002,215,200.08666666666667
2025-12-10,P005,S003,114,139.75333333333333
2025-12-11,P001,S001,143,128.10333333333332
2025-12-11,P001,S002,173,158.08333333333334
2025-12-11,P001,S003,133,123.73
2025-12-11,P002,S001,162,185.59666666666666
2025-12-11,P002,S002,237,226.30333333333334
2025-12-11,P002,S003,166,180.07666666666665
2025-12-11,P003,S001,144,133.65
2025-12-11,P003,S002,156,161.65333333333334
2025-12-11,P003,S003,116,108.68333333333334
2025-12-11,P004,S001,216,200.93666666666667
2025-12-11,P004,S002,224,226.43333333333334
2025-12-11,P004,S003,192,193.28333333333333
2025-12-11,P005,S001,138,149.34
2025-12-11,P005,S002,163,173.58
2025-12-11,P005,S003,142,137.84
2025-12-12,P001,S001,125,128.92666666666668
2025-12-12,P001,S002,171,154.58
2025-12-12,P001,S003,122,124.03
2025-12-12,P002,S001,168,180.28333333333333
2025-12-12,P002,S002,246,222.38
2025-12-12,P002,S003,137,145.49
2025-12-12,P003,S001,111,114.37
2025-12-12,P003,S002,128,135.88333333333333
2025-12-12,P003,S003,120,128.05333333333334
2025-12-12,P004,S001,235,201.49666666666667
2025-12-12,P004,S002,262,213.93
2025-12-12,P004,S003,226,214.35666666666665
2025-12-12,P005,S001,167,154.06666666666666
2025-12-12,P005,S002,159,166.00666666666666
2025-12-12,P005,S003,127,138.56
2025-12-13,P001,S001,142,142.21666666666667
2025-12-13,P001,S002,194,172.21
2025-12-13,P001,S003,172,157.75
2025-12-13,P002,S001,230,224.95333333333335
2025-12-13,P002,S002,205,204.66
2025-12-13,P002,S003,203,200.24333333333334
2025-12-13,P003,S001,126,122.89333333333333
2025-12-13,P003,S002,173,177.1
2025-12-13,P003,S003,147,139.63666666666666
2025-12-13,P004,S001,251,237.08
2025-12-13,P004,S002,245,247.28666666666666
2025-12-13,P004,S003,212,190.17666666666668
2025-12-13,P005,S001,215,197.11
2025-12-13,P005,S002,170,190.16
2025-12-13,P005,S003,164,177.68333333333334
2025-12-14,P001,S001,142,143.58666666666667
2025-12-14,P001,S002,205,204.41
2025-12-14,P001,S003,137,133.07333333333332
2025-12-14,P002,S001,181,186.13
2025-12-14,P002,S002,216,210.20333333333335
2025-12-14,P002,S003,184,164.69666666666666
2025-12-14,P003,S001,138,124.13333333333334
2025-12-14,P003,S002,186,180.45333333333335
2025-12-14,P003,S003,108,118.2
2025-12-14,P004,S001,237,234.34666666666666
2025-12-14,P004,S002,257,251.69
2025-12-14,P004,S003,222,241.88333333333333
2025-12-14,P005,S001,157,170.41333333333333
2025-12-14,P005,S002,199,188.83666666666667
2025-12-14,P005,S003,155,147.84333333333333
2025-12-15,P001,S001,142,154.29333333333332
2025-12-15,P001,S002,158,153.91666666666666
2025-12-15,P001,S003,126,124.45
2025-12-15,P002,S001,172,177.55333333333334
2025-12-15,P002,S002,231,190.34
2025-12-15,P002,S003,146,144.84
2025-12-15,P003,S001,117,114.28
2025-12-15,P003,S002,173,171.85
2025-12-15,P003,S003,95,112.94666666666667
2025-12-15,P004,S001,249,255.74333333333334
2025-12-15,P004,S002,257,217.04
2025-12-15,P004,S003,183,187.09666666666666
2025-12-15,P005,S001,153,153.03
2025-12-15,P005,S002,166,170.65333333333334
2025-12-15,P005,S003,138,136.19333333333333
2025-12-16,P001,S001,165,155.75
2025-12-16,P001,S002,151,154.34
2025-12-16,P001,S003,120,122.58666666666667
2025-12-16,P002,S001,201,201.43666666666667
2025-12-16,P002,S002,254,225.80333333333334
2025-12-16,P002,S003,159,145.07666666666665
2025-12-16,P003,S001,144,133.87333333333333
2025-12-16,P003,S002,129,141.64666666666668
2025-12-16,P003,S003,88,109.1
2025-12-16,P004,S001,212,206.84
2025-12-16,P004,S002,305,266.09
2025-12-16,P004,S003,231,225.66333333333333
2025-12-16,P005,S001,142,155.42666666666668
2025-12-16,P005,S002,166,172.31666666666666
2025-12-16,P005,S003,110,133.91666666666666
2025-12-17,P001,S001,133,132.18333333333334
2025-12-17,P001,S002,159,151.69
2025-12-17,P001,S003,121,122.60666666666667
2025-12-17,P002,S001,197,205.95666666666668
2025-12-17,P002,S002,195,187.52
2025-12-17,P002,S003,185,178.07
2025-12-17,P003,S001,119,115.06666666666666
2025-12-17,P003,S002,134,139.49
2025-12-17,P003,S003,95,105.33
2025-12-17,P004,S001,244,259.7866666666667
2025-12-17,P004,S002,211,229.03
2025-12-17,P004,S003,231,226.15666666666667
2025-12-17,P005,S001,161,154.78666666666666
2025-12-17,P005,S002,209,196.45666666666668
2025-12-17,P005,S003,135,132.52666666666667
2025-12-18,P001,S001,155,132.09666666666666
2025-12-18,P001,S002,208,186.15
2025-12-18,P001,S003,130,123.50666666666666
2025-12-18,P002,S001,204,200.5
2025-12-18,P002,S002,178,197.44333333333333
2025-12-18,P002,S003,168,144.11666666666667
2025-12-18,P003,S001,121,115.05666666666667
2025-12-18,P003,S002,185,169.53666666666666
2025-12-18,P003,S003,110,106.03
2025-12-18,P004,S001,194,207.63666666666666
2025-12-18,P004,S002,240,225.37333333333333
2025-12-18,P004,S003,226,223.54
2025-12-18,P005,S001,142,153.75
2025-12-18,P005,S002,185,171.19
2025-12-18,P005,S003,141,133.27666666666667
2025-12-19,P001,S001,139,132.07666666666665
2025-12-19,P001,S002,164,156.93666666666667
2025-12-19,P001,S003,130,122.82666666666667
2025-12-19,P002,S001,256,205.13
2025-12-19,P002,S002,191,193.10333333333332
2025-12-19,P002,S003,145,154.50333333333333
2025-12-19,P003,S001,122,133.69666666666666
2025-12-19,P003,S002,124,136.70666666666668
2025-12-19,P003,S003,91,106.17333333333333
2025-12-19,P004,S001,235,208.99666666666667
2025-12-19,P004,S002,300,268.92
2025-12-19,P004,S003,198,185.12333333333333
2025-12-19,P005,S001,166,157.15666666666667
2025-12-19,P005,S002,180,176.08
2025-12-19,P005,S003,153,131.45666666666668
2025-12-20,P001,S001,169,144.14
2025-12-20,P001,S002,222,210.11333333333334
2025-12-20,P001,S003,158,132.49666666666667
2025-12-20,P002,S001,204,197.52333333333334
2025-12-20,P002,S002,222,216.82666666666665
2025-12-20,P002,S003,187,159.08666666666667
2025-12-20,P003,S001,154,148.27333333333334
2025-12-20,P003,S002,150,157.42333333333335
2025-12-20,P003,S003,114,113.97666666666667
2025-12-20,P004,S001,283,278.0833333333333
2025-12-20,P004,S002,278,259.96666666666664
2025-12-20,P004,S003,253,206.08666666666667
2025-12-20,P005,S001,178,199.97333333333333
2025-12-20,P005,S002,200,184.04
2025-12-20,P005,S003,158,139.91
2025-12-21,P001,S001,149,147.93
2025-12-21,P001,S002,175,177.81666666666666
2025-12-21,P001,S003,137,130.36333333333334
2025-12-21,P002,S001,205,192.00333333333333
2025-12-21,P002,S002,235,215.58666666666667
2025-12-21,P002,S003,177,177.32
2025-12-21,P003,S001,151,129.67666666666668
2025-12-21,P003,S002,160,173.39333333333335
2025-12-21,P003,S003,109,109.11666666666666
2025-12-21,P004,S001,239,235.77666666666667
2025-12-21,P004,S002,284,310.39
2025-12-21,P004,S003,230,207.60666666666665
2025-12-21,P005,S001,163,169.07333333333332
2025-12-21,P005,S002,214,184.04666666666665
2025-12-21,P005,S003,158,144.00333333333333
2025-12-22,P001,S001,152,137.23666666666668
2025-12-22,P001,S002,160,158.29666666666665
2025-12-22,P001,S003,164,148.5
2025-12-22,P002,S001,233,213.44666666666666
2025-12-22,P002,S002,197,191.7
2025-12-22,P002,S003,161,154.67666666666668
2025-12-22,P003,S001,119,115.58
2025-12-22,P003,S002,128,147.87
2025-12-22,P003,S003,107,106.06
2025-12-22,P004,S001,254,266.87666666666667
2025-12-22,P004,S002,310,272.38666666666666
2025-12-22,P004,S003,192,189.46
2025-12-22,P005,S001,197,180.19
2025-12-22,P005,S002,199,167.78
2025-12-22,P005,S003,160,160.53333333333333
2025-12-23,P001,S001,142,137.93666666666667
2025-12-23,P001,S002,155,151.92666666666668
2025-12-23,P001,S003,119,122.21333333333334
2025-12-23,P002,S001,173,185.36
2025-12-23,P002,S002,227,194.76666666666668
2025-12-23,P002,S003,166,150.84
2025-12-23,P003,S001,123,116.44
2025-12-23,P003,S002,140,141.92333333333335
2025-12-23,P003,S003,100,105.35666666666667
2025-12-23,P004,S001,198,215.11666666666667
2025-12-23,P004,S002,231,229.36666666666667
2025-12-23,P004,S003,158,192.94666666666666
2025-12-23,P005,S001,161,157.52666666666667
2025-12-23,P005,S002,191,169.90333333333334
2025-12-23,P005,S003,151,142.43333333333334
2025-12-24,P001,S001,164,161.64333333333335
2025-12-24,P001,S002,168,148.31
2025-12-24,P001,S003,157,146.88333333333333
2025-12-24,P002,S001,171,181.50666666666666
2025-12-24,P002,S002,239,241.46333333333334
2025-12-24,P002,S003,185,185.43333333333334
2025-12-24,P003,S001,127,113.3
2025-12-24,P003,S002,118,145.17333333333335
2025-12-24,P003,S003,103,125.34
2025-12-24,P004,S001,224,215.54666666666665
2025-12-24,P004,S002,300,273.4033333333333
2025-12-24,P004,S003,231,222.72666666666666
2025-12-24,P005,S001,178,155.19
2025-12-24,P005,S002,181,172.36
2025-12-24,P005,S003,137,141.61
2025-12-25,P001,S001,190,165.09
2025-12-25,P001,S002,191,209.63333333333333
2025-12-25,P001,S003,162,156.75
2025-12-25,P002,S001,219,230.75
2025-12-25,P002,S002,324,287.41
2025-12-25,P002,S003,168,187.17
2025-12-25,P003,S001,158,143.77666666666667
2025-12-25,P003,S002,172,197.37666666666667
2025-12-25,P003,S003,146,124.04333333333334
2025-12-25,P004,S001,258,240.24333333333334
2025-12-25,P004,S002,294,297.58
2025-12-25,P004,S003,286,288.78333333333336
2025-12-25,P005,S001,189,203.74666666666667
2025-12-25,P005,S002,261,246.95666666666668
2025-12-25,P005,S003,233,211.92
2025-12-26,P001,S001,179,170.13
2025-12-26,P001,S002,146,158.39666666666668
2025-12-26,P001,S003,143,157.03333333333333
2025-12-26,P002,S001,173,185.40333333333334
2025-12-26,P002,S002,262,248.44
2025-12-26,P002,S003,148,158.87
2025-12-26,P003,S001,113,117.28333333333333
2025-12-26,P003,S002,135,137.52666666666667
2025-12-26,P003,S003,93,107.13
2025-12-26,P004,S001,188,218.93333333333334
2025-12-26,P004,S002,233,231.35333333333332
2025-12-26,P004,S003,209,191.06666666666666
2025-12-26,P005,S001,137,154.27666666666667
2025-12-26,P005,S002,186,198.83
2025-12-26,P005,S003,145,135.82333333333332
2025-12-27,P001,S001,167,155.44
2025-12-27,P001,S002,209,216.96666666666667
2025-12-27,P001,S003,170,168.67333333333335
2025-12-27,P002,S001,178,194.77333333333334
2025-12-27,P002,S002,230,227.22333333333333
2025-12-27,P002,S003,151,173.97
2025-12-27,P003,S001,130,125.96333333333334
2025-12-27,P003,S002,144,146.24666666666667
2025-12-27,P003,S003,148,133.15333333333334
2025-12-27,P004,S001,238,247.01
2025-12-27,P004,S002,284,253.60333333333332
2025-12-27,P004,S003,189,206.47666666666666
2025-12-27,P005,S001,193,207.2
2025-12-27,P005,S002,238,234.85666666666665
2025-12-27,P005,S003,147,154.74
2025-12-28,P001,S001,173,186.48333333333332
2025-12-28,P001,S002,194,176.72333333333333
2025-12-28,P001,S003,147,142.77666666666667
2025-12-28,P002,S001,234,238.73666666666668
2025-12-28,P002,S002,224,227.58
2025-12-28,P002,S003,219,203.06666666666666
2025-12-28,P003,S001,142,160.05
2025-12-28,P003,S002,176,146.36
2025-12-28,P003,S003,111,118.27666666666667
2025-12-28,P004,S001,247,223.65
2025-12-28,P004,S002,282,254.80666666666667
2025-12-28,P004,S003,187,216.49
2025-12-28,P005,S001,158,175.7
2025-12-28,P005,S002,192,196.53666666666666
2025-12-28,P005,S003,174,192.21666666666667
2025-12-29,P001,S001,150,137.30666666666667
2025-12-29,P001,S002,194,195.48333333333332
2025-12-29,P001,S003,122,127.83666666666667
2025-12-29,P002,S001,207,220.71333333333334
2025-12-29,P002,S002,208,208.87
2025-12-29,P002,S003,168,155.26333333333332
2025-12-29,P003,S001,120,115.53
2025-12-29,P003,S002,143,143.29333333333332
2025-12-29,P003,S003,107,105.39666666666666
2025-12-29,P004,S001,215,217.69333333333333
2025-12-29,P004,S002,227,238.43
2025-12-29,P004,S003,201,192.73666666666668
2025-12-29,P005,S001,130,154.78333333333333
2025-12-29,P005,S002,170,180.49333333333334
2025-12-29,P005,S003,125,140.92666666666668
2025-12-30,P001,S001,146,135.43333333333334
2025-12-30,P001,S002,164,164.52333333333334
2025-12-30,P001,S003,126,123.88
2025-12-30,P002,S001,196,186.33666666666667
2025-12-30,P002,S002,198,206.81
2025-12-30,P002,S003,185,183.88
2025-12-30,P003,S001,132,138.28666666666666
2025-12-30,P003,S002,173,167.79333333333332
2025-12-30,P003,S003,109,105.25
2025-12-30,P004,S001,223,219.51666666666668
2025-12-30,P004,S002,260,226.70333333333335
2025-12-30,P004,S003,205,186.07
2025-12-30,P005,S001,176,152.26666666666668
2025-12-30,P005,S002,199,184.56
2025-12-30,P005,S003,144,136.67666666666668
2025-12-31,P001,S001,132,137.33333333333334
2025-12-31,P001,S002,168,160.3
2025-12-31,P001,S003,128,124.19
2025-12-31,P002,S001,176,221.68
2025-12-31,P002,S002,215,205.9
2025-12-31,P002,S003,191,194.07666666666665
2025-12-31,P003,S001,118,114.82
2025-12-31,P003,S002,126,153.13333333333333
2025-12-31,P003,S003,113,107.40666666666667
2025-12-31,P004,S001,233,271.1166666666667
2025-12-31,P004,S002,239,232.93
2025-12-31,P004,S003,259,226.18333333333334
2025-12-31,P005,S001,173,187.01666666666668
2025-12-31,P005,S002,166,184.20333333333335
2025-12-31,P005,S003,146,149.53666666666666
