Date,Product_ID,Store_ID,Actual_Units_Sold,Predicted_Units_Sold
2025-06-01,P001,S001,159,161.15962753768855
2025-06-01,P001,S002,183,214.65430420836896
2025-06-01,P001,S003,131,145.03750023525237
2025-06-01,P002,S001,207,250.22690523157934
2025-06-01,P002,S002,226,220.6052640072347
2025-06-01,P002,S003,143,173.7853137951661
2025-06-01,P003,S001,135,128.94854486975441
2025-06-01,P003,S002,164,187.5734852431924
2025-06-01,P003,S003,137,147.50847370160795
2025-06-01,P004,S001,172,236.16442271930845
2025-06-01,P004,S002,275,263.09491441603626
2025-06-01,P004,S003,205,214.74607968819967
2025-06-01,P005,S001,177,202.28725240576853
2025-06-01,P005,S002,199,200.30438174327827
2025-06-01,P005,S003,178,185.26028322148687
2025-06-02,P001,S001,140,143.21548507741832
2025-06-02,P001,S002,168,192.94833304001648
2025-06-02,P001,S003,133,127.26746439140919
2025-06-02,P002,S001,164,183.7476130389218
2025-06-02,P002,S002,157,201.15752256771003
2025-06-02,P002,S003,160,152.27369412802548
2025-06-02,P003,S001,104,118.09261025169793
2025-06-02,P003,S002,127,136.25908974644634
2025-06-02,P003,S003,99,108.59871017787249
2025-06-02,P004,S001,196,208.03134044835886
2025-06-02,P004,S002,215,254.91305886446705
2025-06-02,P004,S003,192,192.93554662253806
2025-06-02,P005,S001,155,151.13047040315635
2025-06-02,P005,S002,200,220.62101520579083
2025-06-02,P005,S003,131,137.44014572626375
2025-06-03,P001,S001,170,171.57028372749545
2025-06-03,P001,S002,153,160.5572012497522
2025-06-03,P001,S003,160,152.87191816901276
2025-06-03,P002,S001,204,215.02283288394176
2025-06-03,P002,S002,221,202.3454075046685
2025-06-03,P002,S003,145,157.09040590414486
2025-06-03,P003,S001,136,142.79922502095863
2025-06-03,P003,S002,122,136.07490634932657
2025-06-03,P003,S003,108,108.21182303968388
2025-06-03,P004,S001,196,206.82884166976805
2025-06-03,P004,S002,281,284.9858817603966
2025-06-03,P004,S003,205,191.61631805168088
2025-06-03,P005,S001,144,150.91718383766218
2025-06-03,P005,S002,169,181.28658003638512
2025-06-03,P005,S003,162,167.619461089113
2025-06-04,P001,S001,148,167.5077450282776
2025-06-04,P001,S002,192,186.7007210549942
2025-06-04,P001,S003,126,123.76208440415789
2025-06-04,P002,S001,204,222.05398312267792
2025-06-04,P002,S002,206,201.49510008700457
2025-06-04,P002,S003,139,154.320843662465
2025-06-04,P003,S001,107,115.20968411245615
2025-06-04,P003,S002,121,134.24855936873587
2025-06-04,P003,S003,122,133.91754184491552
2025-06-04,P004,S001,208,202.0631356760499
2025-06-04,P004,S002,218,249.36339132068923
2025-06-04,P004,S003,202,181.89307533711545
2025-06-04,P005,S001,140,149.7572689641369
2025-06-04,P005,S002,176,177.22951345388793
2025-06-04,P005,S003,144,169.3170800143698
2025-06-05,P001,S001,137,147.4786345289515
2025-06-05,P001,S002,173,160.57527005736358
2025-06-05,P001,S003,149,152.81690447274167
2025-06-05,P002,S001,172,175.79670733474043
2025-06-05,P002,S002,252,240.97001083299233
2025-06-05,P002,S003,157,151.93029364892504
2025-06-05,P003,S001,111,114.21920071416807
2025-06-05,P003,S002,134,133.9990564443726
2025-06-05,P003,S003,115,134.11727909495718
2025-06-05,P004,S001,178,203.98499429700405
2025-06-05,P004,S002,229,250.69231517094025
2025-06-05,P004,S003,177,179.66163807153032
2025-06-05,P005,S001,165,152.40339816964084
2025-06-05,P005,S002,175,178.69315813580982
2025-06-05,P005,S003,142,138.65578810862343
2025-06-06,P001,S001,131,145.72368201610482
2025-06-06,P001,S002,207,195.03491053570616
2025-06-06,P001,S003,124,126.29351359006051
2025-06-06,P002,S001,172,170.99714530316172
2025-06-06,P002,S002,189,198.7329887971507
2025-06-06,P002,S003,164,151.58487146799288
2025-06-06,P003,S001,132,139.7263768266047
2025-06-06,P003,S002,147,162.67768178879953
2025-06-06,P003,S003,98,111.29339652987613
2025-06-06,P004,S001,209,202.7069607896618
2025-06-06,P004,S002,222,245.94991765954634
2025-06-06,P004,S003,243,220.34976076945946
2025-06-06,P005,S001,170,152.2408858763786
2025-06-06,P005,S002,196,178.81535758705087
2025-06-06,P005,S003,125,136.91373545668736
2025-06-07,P001,S001,138,155.74042458251242
2025-06-07,P001,S002,161,179.29426658145778
2025-06-07,P001,S003,141,177.10903346193712
2025-06-07,P002,S001,187,183.46800625191804
2025-06-07,P002,S002,212,219.96237316063716
2025-06-07,P002,S003,216,211.83149408282208
2025-06-07,P003,S001,120,123.4134339700976
2025-06-07,P003,S002,151,146.25386682802494
2025-06-07,P003,S003,98,120.05542518695609
2025-06-07,P004,S001,241,216.0957623985492
2025-06-07,P004,S002,289,319.49148937923525
2025-06-07,P004,S003,221,260.4303233470821
2025-06-07,P005,S001,157,166.13221575442535
2025-06-07,P005,S002,203,199.32707872723685
2025-06-07,P005,S003,145,152.7320286316262
2025-06-08,P001,S001,183,182.8554592509529
2025-06-08,P001,S002,189,181.20836519212645
2025-06-08,P001,S003,133,139.80495920640675
2025-06-08,P002,S001,202,188.14276664226293
2025-06-08,P002,S002,204,221.69168873393127
2025-06-08,P002,S003,177,170.3533925076042
2025-06-08,P003,S001,133,153.8622066081027
2025-06-08,P003,S002,139,146.10190251088784
2025-06-08,P003,S003,113,120.99209138543776
2025-06-08,P004,S001,219,218.37476601299025
2025-06-08,P004,S002,262,320.737516299619
2025-06-08,P004,S003,205,212.24814056939803
2025-06-08,P005,S001,169,163.79368589017625
2025-06-08,P005,S002,190,202.61702420985878
2025-06-08,P005,S003,185,184.6451253395298
2025-06-09,P001,S001,126,142.1319969389271
2025-06-09,P001,S002,139,160.39685649569302
2025-06-09,P001,S003,142,129.96047489969183
2025-06-09,P002,S001,159,174.93117172561276
2025-06-09,P002,S002,190,199.03514317884554
2025-06-09,P002,S003,175,153.86596785893846
2025-06-09,P003,S001,115,113.52158034122735
2025-06-09,P003,S002,168,160.56856697978228
2025-06-09,P003,S003,94,108.36146709637113
2025-06-09,P004,S001,182,204.85786525419877
2025-06-09,P004,S002,215,241.82340430892634
2025-06-09,P004,S003,194,196.77301457671157
2025-06-09,P005,S001,174,186.938536889989
2025-06-09,P005,S002,236,213.66120982979425
2025-06-09,P005,S003,140,143.69267788624768
2025-06-10,P001,S001,126,141.40421321733822
2025-06-10,P001,S002,152,158.94413275327622
2025-06-10,P001,S003,112,128.04386452563176
2025-06-10,P002,S001,180,169.73982784575313
2025-06-10,P002,S002,249,241.41724792852062
2025-06-10,P002,S003,199,189.2028746153228
2025-06-10,P003,S001,111,114.92287906312386
2025-06-10,P003,S002,121,133.4855805330721
2025-06-10,P003,S003,129,127.04024182155995
2025-06-10,P004,S001,188,203.85828446407385
2025-06-10,P004,S002,266,290.102152608421
2025-06-10,P004,S003,187,193.14808807315399
2025-06-10,P005,S001,185,187.3401751282773
2025-06-10,P005,S002,182,175.06500538369863
2025-06-10,P005,S003,178,168.7062959098865
2025-06-11,P001,S001,186,165.2376035465008
2025-06-11,P001,S002,206,187.17908268771563
2025-06-11,P001,S003,153,149.32049378648517
2025-06-11,P002,S001,151,170.41803971901922
2025-06-11,P002,S002,206,197.92606062646507
2025-06-11,P002,S003,173,194.5231558782635
2025-06-11,P003,S001,117,116.29644467419828
2025-06-11,P003,S002,145,154.83175202411957
2025-06-11,P003,S003,128,127.8973419472685
2025-06-11,P004,S001,210,200.98280171258475
2025-06-11,P004,S002,256,237.9225895738034
2025-06-11,P004,S003,190,192.55090149887087
2025-06-11,P005,S001,186,190.22001091274134
2025-06-11,P005,S002,183,180.14164063591636
2025-06-11,P005,S003,126,138.07208075013216
2025-06-12,P001,S001,143,139.89775472158556
2025-06-12,P001,S002,184,201.57196251787443
2025-06-12,P001,S003,151,158.95155020242063
2025-06-12,P002,S001,181,174.35330771750185
2025-06-12,P002,S002,207,237.08526168473753
2025-06-12,P002,S003,140,163.5460160024874
2025-06-12,P003,S001,129,139.23377363288586
2025-06-12,P003,S002,123,132.71852439506654
2025-06-12,P003,S003,101,108.67859363759311
2025-06-12,P004,S001,195,200.82664442474015
2025-06-12,P004,S002,301,288.18971293902183
2025-06-12,P004,S003,169,189.07637989190883
2025-06-12,P005,S001,132,155.51685013683425
2025-06-12,P005,S002,212,220.3356172120363
2025-06-12,P005,S003,150,138.6527583485271
2025-06-13,P001,S001,155,143.8284680413541
2025-06-13,P001,S002,188,197.00521609313898
2025-06-13,P001,S003,120,129.2503176708913
2025-06-13,P002,S001,191,209.0233872139857
2025-06-13,P002,S002,177,197.691670760161
2025-06-13,P002,S003,139,159.60508515624386
2025-06-13,P003,S001,102,113.91726634152312
2025-06-13,P003,S002,130,133.35057871458608
2025-06-13,P003,S003,121,121.45361145770725
2025-06-13,P004,S001,225,197.7702835408055
2025-06-13,P004,S002,228,248.24452005510827
2025-06-13,P004,S003,207,186.3856420934157
2025-06-13,P005,S001,194,185.228461388693
2025-06-13,P005,S002,159,179.245347589502
2025-06-13,P005,S003,135,140.338004429933
2025-06-14,P001,S001,179,180.93297232937766
2025-06-14,P001,S002,185,178.6767274992165
2025-06-14,P001,S003,119,145.0552153677291
2025-06-14,P002,S001,166,187.60900939338435
2025-06-14,P002,S002,211,218.1936153602805
2025-06-14,P002,S003,176,177.49080575199662
2025-06-14,P003,S001,125,149.4445453048629
2025-06-14,P003,S002,165,143.58770499104443
2025-06-14,P003,S003,109,120.90042059696849
2025-06-14,P004,S001,200,218.79497482735263
2025-06-14,P004,S002,237,264.5230951263004
2025-06-14,P004,S003,210,202.5297125476649
2025-06-14,P005,S001,154,175.68569565850817
2025-06-14,P005,S002,195,191.47157659458713
2025-06-14,P005,S003,146,154.29640738621356
2025-06-15,P001,S001,175,156.2746543738124
2025-06-15,P001,S002,162,177.2448571688245
2025-06-15,P001,S003,173,164.5151111040877
2025-06-15,P002,S001,192,186.59896753779415
2025-06-15,P002,S002,230,268.2729510860312
2025-06-15,P002,S003,191,209.00062275716635
2025-06-15,P003,S001,124,125.44383670629338
2025-06-15,P003,S002,182,176.95827939546277
2025-06-15,P003,S003,128,120.60467174737032
2025-06-15,P004,S001,269,267.5020064783866
2025-06-15,P004,S002,223,257.80339902825915
2025-06-15,P004,S003,174,213.47484578207747
2025-06-15,P005,S001,154,170.87586131923632
2025-06-15,P005,S002,201,193.1198141117783
2025-06-15,P005,S003,176,183.84510571903593
2025-06-16,P001,S001,132,143.7460685095133
2025-06-16,P001,S002,203,195.23992474312763
2025-06-16,P001,S003,132,129.14628413856954
2025-06-16,P002,S001,168,174.43049069233564
2025-06-16,P002,S002,198,195.70126036171428
2025-06-16,P002,S003,174,193.96829602058594
2025-06-16,P003,S001,154,137.52029615570626
2025-06-16,P003,S002,177,163.3623327450844
2025-06-16,P003,S003,101,110.07117368587733
2025-06-16,P004,S001,235,243.22369254066814
2025-06-16,P004,S002,243,243.01546687804367
2025-06-16,P004,S003,191,184.84532822936862
2025-06-16,P005,S001,153,153.3330734325445
2025-06-16,P005,S002,162,179.29351033976343
2025-06-16,P005,S003,143,139.17718392355414
2025-06-17,P001,S001,130,141.19675696302323
2025-06-17,P001,S002,154,164.87595765358648
2025-06-17,P001,S003,137,156.62882021996322
2025-06-17,P002,S001,195,171.0011779968612
2025-06-17,P002,S002,218,234.93117986732486
2025-06-17,P002,S003,173,189.9718916696265
2025-06-17,P003,S001,149,144.6850226164015
2025-06-17,P003,S002,146,132.69328651845666
2025-06-17,P003,S003,105,107.73965930556363
2025-06-17,P004,S001,183,203.20466236377996
2025-06-17,P004,S002,284,280.1039371135399
2025-06-17,P004,S003,164,179.84945331549682
2025-06-17,P005,S001,157,155.39275918068424
2025-06-17,P005,S002,165,174.4414917217715
2025-06-17,P005,S003,124,141.2467947836496
2025-06-18,P001,S001,140,142.76606218377614
2025-06-18,P001,S002,177,164.32099895101896
2025-06-18,P001,S003,134,127.89753073747288
2025-06-18,P002,S001,158,169.9932173039043
2025-06-18,P002,S002,193,200.97539648831562
2025-06-18,P002,S003,130,151.7201352431753
2025-06-18,P003,S001,126,117.04291235194542
2025-06-18,P003,S002,126,132.1892416394264
2025-06-18,P003,S003,91,104.55007858114107
2025-06-18,P004,S001,212,201.7619600564125
2025-06-18,P004,S002,303,286.52489326319096
2025-06-18,P004,S003,176,178.0496893769593
2025-06-18,P005,S001,139,146.34999377516615
2025-06-18,P005,S002,164,173.99506497707654
2025-06-18,P005,S003,133,141.26084139430836
2025-06-19,P001,S001,138,143.7038121555088
2025-06-19,P001,S002,157,163.83928822446057
2025-06-19,P001,S003,135,127.73516526529029
2025-06-19,P002,S001,162,167.4934525890777
2025-06-19,P002,S002,202,241.6724302321561
2025-06-19,P002,S003,173,186.99875372771788
2025-06-19,P003,S001,128,139.9824554331977
2025-06-19,P003,S002,143,135.81012701179108
2025-06-19,P003,S003,116,103.5402469956514
2025-06-19,P004,S001,207,197.99944621731035
2025-06-19,P004,S002,304,285.14535053197153
2025-06-19,P004,S003,228,212.45196439016348
2025-06-19,P005,S001,203,182.10622629290654
2025-06-19,P005,S002,196,171.275636179438
2025-06-19,P005,S003,161,165.64840761854677
2025-06-20,P001,S001,130,133.67432426869655
2025-06-20,P001,S002,148,161.2546437478071
2025-06-20,P001,S003,130,126.97090568598935
2025-06-20,P002,S001,211,204.79868269883727
2025-06-20,P002,S002,219,197.08778158142167
2025-06-20,P002,S003,161,156.34143103798078
2025-06-20,P003,S001,118,115.70257866205002
2025-06-20,P003,S002,115,136.1867004291504
2025-06-20,P003,S003,104,104.57861895691596
2025-06-20,P004,S001,228,201.33405837705877
2025-06-20,P004,S002,235,238.89691675644605
2025-06-20,P004,S003,168,182.36520229362134
2025-06-20,P005,S001,137,150.13151558677393
2025-06-20,P005,S002,171,176.2747162499093
2025-06-20,P005,S003,147,135.77623124755362
2025-06-21,P001,S001,144,148.7390740729859
2025-06-21,P001,S002,143,173.76444434753415
2025-06-21,P001,S003,136,145.59996276659353
2025-06-21,P002,S001,228,225.8442069242033
2025-06-21,P002,S002,213,219.34066833957237
2025-06-21,P002,S003,177,171.68775742590316
2025-06-21,P003,S001,112,125.90150359444476
2025-06-21,P003,S002,143,149.4675595735749
2025-06-21,P003,S003,109,117.08671156058415
2025-06-21,P004,S001,189,222.08594796783905
2025-06-21,P004,S002,272,263.9578758570076
2025-06-21,P004,S003,208,201.1342435808731
2025-06-21,P005,S001,153,162.04822126720887
2025-06-21,P005,S002,195,189.25349407661474
2025-06-21,P005,S003,138,152.96138425607145
2025-06-22,P001,S001,172,181.04687979179832
2025-06-22,P001,S002,172,171.7973351081108
2025-06-22,P001,S003,149,141.86353235167834
2025-06-22,P002,S001,181,191.9267483545866
2025-06-22,P002,S002,294,264.8962887668103
2025-06-22,P002,S003,179,170.52602626980416
2025-06-22,P003,S001,124,126.25031771700522
2025-06-22,P003,S002,161,148.55095904544805
2025-06-22,P003,S003,143,135.71869185920295
2025-06-22,P004,S001,234,216.25559426427074
2025-06-22,P004,S002,243,255.92291492820905
2025-06-22,P004,S003,191,202.0469967895667
2025-06-22,P005,S001,154,163.4021118235266
2025-06-22,P005,S002,185,196.2910772177169
2025-06-22,P005,S003,171,147.50057456271372
2025-06-23,P001,S001,136,135.6463465436138
2025-06-23,P001,S002,165,152.61514120172052
2025-06-23,P001,S003,151,162.31218094160738
2025-06-23,P002,S001,172,166.39188943654392
2025-06-23,P002,S002,255,236.81754757987096
2025-06-23,P002,S003,176,189.69850690541833
2025-06-23,P003,S001,128,115.48659664518499
2025-06-23,P003,S002,124,133.442950866965
2025-06-23,P003,S003,128,123.60673936194522
2025-06-23,P004,S001,178,197.2723774075726
2025-06-23,P004,S002,229,234.81434940850332
2025-06-23,P004,S003,147,182.16622021324466
2025-06-23,P005,S001,206,180.41250445097987
2025-06-23,P005,S002,136,180.86233722980657
2025-06-23,P005,S003,120,136.21247266257143
2025-06-24,P001,S001,138,133.75972698730146
2025-06-24,P001,S002,165,150.7207031423598
2025-06-24,P001,S003,112,129.88024733640546
2025-06-24,P002,S001,173,169.77582663530993
2025-06-24,P002,S002,180,202.08677163789088
2025-06-24,P002,S003,160,153.81121112717264
2025-06-24,P003,S001,128,117.13740727369043
2025-06-24,P003,S002,135,132.01173757067235
2025-06-24,P003,S003,120,128.20186500335322
2025-06-24,P004,S001,205,193.85284536864074
2025-06-24,P004,S002,245,235.5029955001567
2025-06-24,P004,S003,201,180.10958124729154
2025-06-24,P005,S001,179,178.53024565467223
2025-06-24,P005,S002,192,172.7233932884926
2025-06-24,P005,S003,145,164.71839605058682
2025-06-25,P001,S001,158,133.677921801238
2025-06-25,P001,S002,184,192.89194666438226
2025-06-25,P001,S003,150,150.24843193558246
2025-06-25,P002,S001,174,170.77348874040476
2025-06-25,P002,S002,186,202.6040632802655
2025-06-25,P002,S003,161,154.3971761686026
2025-06-25,P003,S001,123,113.39125478174647
2025-06-25,P003,S002,177,155.98164484859396
2025-06-25,P003,S003,103,103.61150191084283
2025-06-25,P004,S001,199,193.70058528380378
2025-06-25,P004,S002,235,236.22149006890496
2025-06-25,P004,S003,184,185.5534953265473
2025-06-25,P005,S001,157,152.41184659572025
2025-06-25,P005,S002,181,171.84991784378764
2025-06-25,P005,S003,183,159.22155378142236
2025-06-26,P001,S001,159,165.20742583446395
2025-06-26,P001,S002,163,156.83607431008528
2025-06-26,P001,S003,122,128.00608680103434
2025-06-26,P002,S001,169,171.92341892103428
2025-06-26,P002,S002,235,238.3500056529083
2025-06-26,P002,S003,163,150.46638010478082
2025-06-26,P003,S001,108,114.80226908493123
2025-06-26,P003,S002,136,134.85984693189928
2025-06-26,P003,S003,128,129.8400733103541
2025-06-26,P004,S001,201,188.652723647547
2025-06-26,P004,S002,226,235.85829220957487
2025-06-26,P004,S003,201,183.6038603492095
2025-06-26,P005,S001,123,146.99041156678294
2025-06-26,P005,S002,155,169.71063685400856
2025-06-26,P005,S003,127,140.89291582392067
2025-06-27,P001,S001,137,135.96448735580293
2025-06-27,P001,S002,158,160.30971073880107
2025-06-27,P001,S003,117,126.807902706126
2025-06-27,P002,S001,180,166.09006251168427
2025-06-27,P002,S002,205,197.63124408664524
2025-06-27,P002,S003,145,154.76573837722742
2025-06-27,P003,S001,118,114.5231019896427
2025-06-27,P003,S002,121,133.31361713873068
2025-06-27,P003,S003,97,108.77046303189412
2025-06-27,P004,S001,217,185.91488699335997
2025-06-27,P004,S002,231,232.86101365629983
2025-06-27,P004,S003,178,181.1567900514518
2025-06-27,P005,S001,137,145.1797204152487
2025-06-27,P005,S002,175,204.12027437105382
2025-06-27,P005,S003,141,138.1842810378691
2025-06-28,P001,S001,158,147.8871628673614
2025-06-28,P001,S002,170,173.4957782394549
2025-06-28,P001,S003,142,140.00082208933136
2025-06-28,P002,S001,248,225.52526822850345
2025-06-28,P002,S002,221,219.13772092327622
2025-06-28,P002,S003,174,167.9046162123481
2025-06-28,P003,S001,123,124.47200413567766
2025-06-28,P003,S002,162,179.92719501136554
2025-06-28,P003,S003,102,120.93854014616754
2025-06-28,P004,S001,200,218.9315248024035
2025-06-28,P004,S002,303,314.6732960433101
2025-06-28,P004,S003,224,192.22371863265298
2025-06-28,P005,S001,173,190.13176965518142
2025-06-28,P005,S002,232,228.41812289140597
2025-06-28,P005,S003,183,178.7888493267568
2025-06-29,P001,S001,148,150.2089990405836
2025-06-29,P001,S002,183,169.72191784889944
2025-06-29,P001,S003,151,139.3315694931144
2025-06-29,P002,S001,154,191.4562560874582
2025-06-29,P002,S002,288,254.55293733244832
2025-06-29,P002,S003,182,170.18949679238034
2025-06-29,P003,S001,137,154.35368386730227
2025-06-29,P003,S002,180,179.13864778760544
2025-06-29,P003,S003,113,116.45126326335341
2025-06-29,P004,S001,212,210.31742709129102
2025-06-29,P004,S002,268,252.84251534576535
2025-06-29,P004,S003,200,191.86657450719215
2025-06-29,P005,S001,148,163.1560349984338
2025-06-29,P005,S002,198,190.32873619680973
2025-06-29,P005,S003,145,154.30327984637907
2025-06-30,P001,S001,142,132.77848258889807
2025-06-30,P001,S002,182,189.28310405639692
2025-06-30,P001,S003,134,128.0704451684366
2025-06-30,P002,S001,155,169.78411589799097
2025-06-30,P002,S002,191,199.14060832874125
2025-06-30,P002,S003,156,154.12689096522246
2025-06-30,P003,S001,122,136.13645509474182
2025-06-30,P003,S002,140,132.62103283032332
2025-06-30,P003,S003,102,99.11296467019821
2025-06-30,P004,S001,183,187.44647282325087
2025-06-30,P004,S002,287,287.7879257956095
2025-06-30,P004,S003,205,218.13226189945672
2025-06-30,P005,S001,125,146.6585217245774
2025-06-30,P005,S002,177,169.9543320039523
2025-06-30,P005,S003,146,137.21781577123866
2025-07-01,P001,S001,169,160.39698217320608
2025-07-01,P001,S002,128,151.81571103851746
2025-07-01,P001,S003,113,122.21767833890394
2025-07-01,P002,S001,211,194.4307139750428
2025-07-01,P002,S002,213,200.67376166725427
2025-07-01,P002,S003,149,181.87361695704524
2025-07-01,P003,S001,107,114.57963037972522
2025-07-01,P003,S002,131,129.30066474596524
2025-07-01,P003,S003,89,96.87121550306418
2025-07-01,P004,S001,246,221.93258554753652
2025-07-01,P004,S002,242,230.13446595969393
2025-07-01,P004,S003,153,178.8093225393671
2025-07-01,P005,S001,135,150.2916661965701
2025-07-01,P005,S002,201,203.71561753928066
2025-07-01,P005,S003,118,133.37775801748134
2025-07-02,P001,S001,168,168.3164167180859
2025-07-02,P001,S002,138,153.9488964727223
2025-07-02,P001,S003,116,116.23904416294492
2025-07-02,P002,S001,198,198.85712503392716
2025-07-02,P002,S002,170,199.99400694199593
2025-07-02,P002,S003,175,181.80583854217687
2025-07-02,P003,S001,99,109.20045393089453
2025-07-02,P003,S002,119,128.99445332653676
2025-07-02,P003,S003,81,96.42746249497836
2025-07-02,P004,S001,190,189.8904899183418
2025-07-02,P004,S002,216,227.8211943242086
2025-07-02,P004,S003,182,176.66066916279448
2025-07-02,P005,S001,140,142.29014337423413
2025-07-02,P005,S002,185,207.52932076819823
2025-07-02,P005,S003,124,129.57670439304417
2025-07-03,P001,S001,117,136.5297383964075
2025-07-03,P001,S002,188,183.15187844115383
2025-07-03,P001,S003,106,120.13246471936218
2025-07-03,P002,S001,155,164.28596314265792
2025-07-03,P002,S002,204,199.84202949149244
2025-07-03,P002,S003,142,150.33242341849328
2025-07-03,P003,S001,103,109.101925827505
2025-07-03,P003,S002,122,124.9056698790975
2025-07-03,P003,S003,124,123.24575097125097
2025-07-03,P004,S001,221,227.2281010417602
2025-07-03,P004,S002,212,229.18099408408932
2025-07-03,P004,S003,157,175.10561655174882
2025-07-03,P005,S001,142,140.15745860499146
2025-07-03,P005,S002,206,198.42208232780283
2025-07-03,P005,S003,142,154.73498647430995
2025-07-04,P001,S001,160,158.4976130365593
2025-07-04,P001,S002,146,151.33103434474023
2025-07-04,P001,S003,143,143.8535251583212
2025-07-04,P002,S001,142,161.11651163306078
2025-07-04,P002,S002,177,197.30958778190777
2025-07-04,P002,S003,149,150.4183206887067
2025-07-04,P003,S001,96,109.79412671880502
2025-07-04,P003,S002,108,126.77040397757985
2025-07-04,P003,S003,81,100.62090900439429
2025-07-04,P004,S001,175,189.69087497948814
2025-07-04,P004,S002,210,226.53010085788384
2025-07-04,P004,S003,216,212.05763303853007
2025-07-04,P005,S001,125,142.42008884865137
2025-07-04,P005,S002,163,168.09470115129258
2025-07-04,P005,S003,121,128.48897878622066
2025-07-05,P001,S001,127,150.0272139729466
2025-07-05,P001,S002,196,201.94109401230435
2025-07-05,P001,S003,124,131.95417323975045
2025-07-05,P002,S001,172,186.13646014769543
2025-07-05,P002,S002,175,215.8235073964992
2025-07-05,P002,S003,171,170.52536013146207
2025-07-05,P003,S001,127,122.01174061933078
2025-07-05,P003,S002,143,140.795672225414
2025-07-05,P003,S003,100,105.88647762490778
2025-07-05,P004,S001,198,213.73466705924795
2025-07-05,P004,S002,261,252.1217561045981
2025-07-05,P004,S003,152,187.91309627401756
2025-07-05,P005,S001,174,186.85894037784112
2025-07-05,P005,S002,158,185.4446699301517
2025-07-05,P005,S003,149,142.93491359723876
2025-07-06,P001,S001,151,145.46573826581923
2025-07-06,P001,S002,160,162.23885855851668
2025-07-06,P001,S003,131,127.65283611568174
2025-07-06,P002,S001,175,172.938469794911
2025-07-06,P002,S002,185,210.46809592817308
2025-07-06,P002,S003,163,166.24867806733167
2025-07-06,P003,S001,134,148.79263312914725
2025-07-06,P003,S002,125,137.57211404812506
2025-07-06,P003,S003,110,103.63233976270548
2025-07-06,P004,S001,195,213.09857627696528
2025-07-06,P004,S002,303,312.7793789976794
2025-07-06,P004,S003,191,190.09654893405965
2025-07-06,P005,S001,159,190.76453113070215
2025-07-06,P005,S002,204,225.3537838895067
2025-07-06,P005,S003,126,142.0154758466723
2025-07-07,P001,S001,129,131.10403260845197
2025-07-07,P001,S002,187,186.11192663077378
2025-07-07,P001,S003,98,118.55513051802427
2025-07-07,P002,S001,147,160.45378281481592
2025-07-07,P002,S002,200,185.43396394590516
2025-07-07,P002,S003,170,183.9339463502398
2025-07-07,P003,S001,112,108.5517838431563
2025-07-07,P003,S002,134,120.87170631887896
2025-07-07,P003,S003,93,100.80815064510651
2025-07-07,P004,S001,173,187.27366183040812
2025-07-07,P004,S002,222,283.3233445191504
2025-07-07,P004,S003,186,165.40681566107602
2025-07-07,P005,S001,140,138.3216773157398
2025-07-07,P005,S002,181,204.77946568595237
2025-07-07,P005,S003,127,130.54040351601012
2025-07-08,P001,S001,121,132.01723769898402
2025-07-08,P001,S002,155,149.93260842792824
2025-07-08,P001,S003,113,114.38768593678424
2025-07-08,P002,S001,175,181.7243647334347
2025-07-08,P002,S002,190,183.9326022582508
2025-07-08,P002,S003,128,146.52507692756583
2025-07-08,P003,S001,97,109.20354202866285
2025-07-08,P003,S002,132,123.3049220163007
2025-07-08,P003,S003,124,120.81169956554882
2025-07-08,P004,S001,205,190.00908022618935
2025-07-08,P004,S002,203,234.57481496360964
2025-07-08,P004,S003,174,208.4410445298167
2025-07-08,P005,S001,168,169.09629765904035
2025-07-08,P005,S002,148,163.99976222701093
2025-07-08,P005,S003,126,128.22962123864693
2025-07-09,P001,S001,123,131.04785687188627
2025-07-09,P001,S002,149,152.500516964653
2025-07-09,P001,S003,123,116.83520315335677
2025-07-09,P002,S001,158,153.79282651612382
2025-07-09,P002,S002,195,183.79766157607082
2025-07-09,P002,S003,178,173.94970630534743
2025-07-09,P003,S001,124,124.65277438159961
2025-07-09,P003,S002,134,153.9716972456938
2025-07-09,P003,S003,128,122.73394714925593
2025-07-09,P004,S001,241,222.59069750577513
2025-07-09,P004,S002,225,230.40907232065314
2025-07-09,P004,S003,191,203.8655123805933
2025-07-09,P005,S001,133,141.20272375412247
2025-07-09,P005,S002,174,165.33719728177738
2025-07-09,P005,S003,123,127.88048687649203
2025-07-10,P001,S001,130,133.4165014189242
2025-07-10,P001,S002,192,178.84535205175814
2025-07-10,P001,S003,114,114.92046861809071
2025-07-10,P002,S001,151,155.65142963082673
2025-07-10,P002,S002,161,184.056416686255
2025-07-10,P002,S003,130,179.407069413086
2025-07-10,P003,S001,129,129.89431665148584
2025-07-10,P003,S002,124,125.20613823513088
2025-07-10,P003,S003,131,127.9992461111729
2025-07-10,P004,S001,199,182.20099182667167
2025-07-10,P004,S002,208,235.4887060773118
2025-07-10,P004,S003,193,200.1863006248567
2025-07-10,P005,S001,131,142.535295467325
2025-07-10,P005,S002,157,160.2337115072534
2025-07-10,P005,S003,118,126.93503967478603
2025-07-11,P001,S001,124,132.44010981940318
2025-07-11,P001,S002,123,152.88066034986252
2025-07-11,P001,S003,129,114.64440156526045
2025-07-11,P002,S001,166,155.65222167089448
2025-07-11,P002,S002,182,182.35885377566268
2025-07-11,P002,S003,155,174.14162425143655
2025-07-11,P003,S001,96,110.59296348266027
2025-07-11,P003,S002,133,150.5574771018885
2025-07-11,P003,S003,108,103.23985183605089
2025-07-11,P004,S001,194,187.22518345788185
2025-07-11,P004,S002,223,225.47613739925782
2025-07-11,P004,S003,168,167.84390052862943
2025-07-11,P005,S001,173,169.28680846752582
2025-07-11,P005,S002,190,194.98711081788863
2025-07-11,P005,S003,132,122.47358662660874
2025-07-12,P001,S001,121,143.39613094230756
2025-07-12,P001,S002,154,169.28890186312228
2025-07-12,P001,S003,130,126.55471771039421
2025-07-12,P002,S001,169,176.78314068855977
2025-07-12,P002,S002,210,248.60748848700314
2025-07-12,P002,S003,164,166.03302272997908
2025-07-12,P003,S001,130,121.54944818416872
2025-07-12,P003,S002,124,139.58195632336788
2025-07-12,P003,S003,98,116.33850568151746
2025-07-12,P004,S001,207,214.15850255994016
2025-07-12,P004,S002,266,251.52303458890623
2025-07-12,P004,S003,175,189.0987524383297
2025-07-12,P005,S001,170,189.99856548689044
2025-07-12,P005,S002,164,180.0298949400273
2025-07-12,P005,S003,144,137.91333678750306
2025-07-13,P001,S001,179,155.9030115525814
2025-07-13,P001,S002,135,166.86405807142205
2025-07-13,P001,S003,121,126.2077148517332
2025-07-13,P002,S001,204,172.18271916890302
2025-07-13,P002,S002,238,246.7279177443933
2025-07-13,P002,S003,144,159.55474486916594
2025-07-13,P003,S001,130,122.9539023031707
2025-07-13,P003,S002,127,139.5863650848636
2025-07-13,P003,S003,90,115.531572988587
2025-07-13,P004,S001,221,213.69135459964878
2025-07-13,P004,S002,213,247.67006758233586
2025-07-13,P004,S003,229,229.9980251484627
2025-07-13,P005,S001,182,189.16214847691003
2025-07-13,P005,S002,200,223.6748730600111
2025-07-13,P005,S003,109,141.63788896661902
2025-07-14,P001,S001,133,133.4488730632113
2025-07-14,P001,S002,123,145.6064384911184
2025-07-14,P001,S003,143,136.59170091958694
2025-07-14,P002,S001,172,192.68073767303827
2025-07-14,P002,S002,205,189.14623366681045
2025-07-14,P002,S003,141,147.608044434152
2025-07-14,P003,S001,103,108.93102761815075
2025-07-14,P003,S002,117,125.06613666134776
2025-07-14,P003,S003,90,101.08784322486503
2025-07-14,P004,S001,242,227.16759613597344
2025-07-14,P004,S002,210,214.55501911345436
2025-07-14,P004,S003,215,210.22996125316465
2025-07-14,P005,S001,136,138.87120342314637
2025-07-14,P005,S002,165,161.29812687175217
2025-07-14,P005,S003,132,125.42676725998042
2025-07-15,P001,S001,127,128.39403263549315
2025-07-15,P001,S002,173,173.57343443488924
2025-07-15,P001,S003,115,117.35247475840724
2025-07-15,P002,S001,191,191.57600681886044
2025-07-15,P002,S002,187,185.8947103915177
2025-07-15,P002,S003,125,147.92425364451074
2025-07-15,P003,S001,103,110.29471373047653
2025-07-15,P003,S002,138,147.5258919762513
2025-07-15,P003,S003,112,117.57243043358005
2025-07-15,P004,S001,201,195.7827326954092
2025-07-15,P004,S002,244,210.2116645205714
2025-07-15,P004,S003,155,171.53079655571892
2025-07-15,P005,S001,121,139.980976184763
2025-07-15,P005,S002,153,159.7293910203359
2025-07-15,P005,S003,121,126.64185542020763
2025-07-16,P001,S001,112,127.05807263979996
2025-07-16,P001,S002,146,146.63069189266622
2025-07-16,P001,S003,116,116.81556157894389
2025-07-16,P002,S001,173,197.0859511662658
2025-07-16,P002,S002,176,186.2324871338886
2025-07-16,P002,S003,147,142.70487043655956
2025-07-16,P003,S001,99,110.16353770827122
2025-07-16,P003,S002,132,153.51353266040812
2025-07-16,P003,S003,103,115.11802350631396
2025-07-16,P004,S001,185,192.04740543810766
2025-07-16,P004,S002,195,221.92597273604872
2025-07-16,P004,S003,181,171.52125618142603
2025-07-16,P005,S001,141,140.8693647063291
2025-07-16,P005,S002,168,160.23063399957894
2025-07-16,P005,S003,137,124.94625555939159
2025-07-17,P001,S001,118,126.4977133316031
2025-07-17,P001,S002,142,143.64453261257583
2025-07-17,P001,S003,118,115.60891747393038
2025-07-17,P002,S001,162,163.38194493006992
2025-07-17,P002,S002,182,187.98784419978884
2025-07-17,P002,S003,179,175.8903050751924
2025-07-17,P003,S001,105,109.76398610417363
2025-07-17,P003,S002,132,122.34416784960827
2025-07-17,P003,S003,113,118.40535896344798
2025-07-17,P004,S001,235,228.53807253285936
2025-07-17,P004,S002,201,215.66879387287975
2025-07-17,P004,S003,179,168.89671069223226
2025-07-17,P005,S001,146,167.5015909771343
2025-07-17,P005,S002,152,159.52385362431684
2025-07-17,P005,S003,118,128.95116627193752
2025-07-18,P001,S001,134,123.76332827554721
2025-07-18,P001,S002,137,144.65512369207593
2025-07-18,P001,S003,116,117.37069688651135
2025-07-18,P002,S001,153,163.56644194204492
2025-07-18,P002,S002,187,182.48485340027617
2025-07-18,P002,S003,143,140.32085951385218
2025-07-18,P003,S001,117,122.67899839698492
2025-07-18,P003,S002,99,122.12589389875691
2025-07-18,P003,S003,89,98.55349360428437
2025-07-18,P004,S001,179,187.85392111496162
2025-07-18,P004,S002,232,213.12851551928907
2025-07-18,P004,S003,163,168.92461165484482
2025-07-18,P005,S001,134,133.3304858829252
2025-07-18,P005,S002,154,158.91614897226535
2025-07-18,P005,S003,125,123.0053117105203
2025-07-19,P001,S001,137,143.90328214765543
2025-07-19,P001,S002,173,156.55654076489816
2025-07-19,P001,S003,153,149.13710926210442
2025-07-19,P002,S001,156,178.50211637803216
2025-07-19,P002,S002,185,201.0810059940061
2025-07-19,P002,S003,186,186.02593171910215
2025-07-19,P003,S001,115,118.47048839793246
2025-07-19,P003,S002,142,154.30492429506768
2025-07-19,P003,S003,102,104.84738460232576
2025-07-19,P004,S001,227,210.55710174313558
2025-07-19,P004,S002,268,274.59660258906683
2025-07-19,P004,S003,197,226.47919181839413
2025-07-19,P005,S001,160,152.2412563153847
2025-07-19,P005,S002,160,170.0444124494787
2025-07-19,P005,S003,138,134.425027499762
2025-07-20,P001,S001,143,138.78978739397854
2025-07-20,P001,S002,171,158.63964526995622
2025-07-20,P001,S003,132,126.45828294995765
2025-07-20,P002,S001,165,177.00998471585604
2025-07-20,P002,S002,205,201.38436251289556
2025-07-20,P002,S003,178,156.3594486763237
2025-07-20,P003,S001,114,115.26460449361008
2025-07-20,P003,S002,135,128.72998698433491
2025-07-20,P003,S003,112,129.811725853395
2025-07-20,P004,S001,217,210.91757312050686
2025-07-20,P004,S002,225,232.28255691530697
2025-07-20,P004,S003,181,186.35325424114498
2025-07-20,P005,S001,175,184.89676214555567
2025-07-20,P005,S002,192,217.24367596543888
2025-07-20,P005,S003,162,155.09290189220397
2025-07-21,P001,S001,106,129.35584215883014
2025-07-21,P001,S002,130,142.69672689331134
2025-07-21,P001,S003,107,116.98208463676846
2025-07-21,P002,S001,225,190.61789711077967
2025-07-21,P002,S002,157,178.7681195552813
2025-07-21,P002,S003,180,179.27626759304962
2025-07-21,P003,S001,110,108.65952599934899
2025-07-21,P003,S002,116,123.3541264018704
2025-07-21,P003,S003,95,101.6440351506509
2025-07-21,P004,S001,197,187.9965609297394
2025-07-21,P004,S002,210,216.89566962939028
2025-07-21,P004,S003,185,162.80174165802953
2025-07-21,P005,S001,184,161.14122519718842
2025-07-21,P005,S002,158,155.47079091848977
2025-07-21,P005,S003,114,123.4286967368502
2025-07-22,P001,S001,132,126.23581773618545
2025-07-22,P001,S002,144,148.82027503787057
2025-07-22,P001,S003,160,136.005363101252
2025-07-22,P002,S001,163,156.9105693773461
2025-07-22,P002,S002,190,180.73380324863055
2025-07-22,P002,S003,151,148.25283968890582
2025-07-22,P003,S001,108,108.76470688060225
2025-07-22,P003,S002,118,121.8061172698131
2025-07-22,P003,S003,90,98.88704016253783
2025-07-22,P004,S001,201,193.5999911510058
2025-07-22,P004,S002,268,263.05558731872713
2025-07-22,P004,S003,173,170.12218270355868
2025-07-22,P005,S001,138,139.39506231820724
2025-07-22,P005,S002,158,153.87884352212546
2025-07-22,P005,S003,131,124.89819558137945
2025-07-23,P001,S001,114,125.01192537175586
2025-07-23,P001,S002,134,145.73994085796815
2025-07-23,P001,S003,106,116.82425072435736
2025-07-23,P002,S001,189,193.17732902488373
2025-07-23,P002,S002,188,177.4914518051393
2025-07-23,P002,S003,147,147.54920922328876
2025-07-23,P003,S001,107,106.05204954161768
2025-07-23,P003,S002,124,120.33856445715016
2025-07-23,P003,S003,88,93.1355053349428
2025-07-23,P004,S001,229,230.31016642140546
2025-07-23,P004,S002,251,264.81607177606963
2025-07-23,P004,S003,173,166.5981024204339
2025-07-23,P005,S001,123,139.83145265946214
2025-07-23,P005,S002,157,156.6960501950964
2025-07-23,P005,S003,143,122.7510386522877
2025-07-24,P001,S001,136,124.77972837598425
2025-07-24,P001,S002,149,144.5833749023165
2025-07-24,P001,S003,119,116.47519263996237
2025-07-24,P002,S001,156,154.85549895950282
2025-07-24,P002,S002,190,176.57377568997478
2025-07-24,P002,S003,139,172.71029827413727
2025-07-24,P003,S001,96,102.42387741216899
2025-07-24,P003,S002,142,143.36636513074131
2025-07-24,P003,S003,103,92.32096594377839
2025-07-24,P004,S001,185,188.4041940781312
2025-07-24,P004,S002,214,219.71753015843814
2025-07-24,P004,S003,155,168.91615745823245
2025-07-24,P005,S001,133,134.61942964861075
2025-07-24,P005,S002,177,154.80657854649655
2025-07-24,P005,S003,151,152.8450993303867
2025-07-25,P001,S001,118,125.98547727693702
2025-07-25,P001,S002,154,143.37982629932412
2025-07-25,P001,S003,141,133.00719653104457
2025-07-25,P002,S001,195,189.46373052757787
2025-07-25,P002,S002,171,176.94291030168665
2025-07-25,P002,S003,189,174.06928270345907
2025-07-25,P003,S001,92,99.54075632823059
2025-07-25,P003,S002,128,121.02544263601028
2025-07-25,P003,S003,103,92.58581259712511
2025-07-25,P004,S001,162,187.28378747273962
2025-07-25,P004,S002,216,217.9429634903924
2025-07-25,P004,S003,188,198.059865277288
2025-07-25,P005,S001,134,138.2490495001
2025-07-25,P005,S002,145,191.93221511984757
2025-07-25,P005,S003,128,125.77494181512931
2025-07-26,P001,S001,147,134.8288519707417
2025-07-26,P001,S002,219,188.43763910766728
2025-07-26,P001,S003,149,154.23880605806298
2025-07-26,P002,S001,228,210.2455185180747
2025-07-26,P002,S002,198,196.46469348962438
2025-07-26,P002,S003,182,158.95569867582958
2025-07-26,P003,S001,122,115.62736522520305
2025-07-26,P003,S002,136,129.2994266112285
2025-07-26,P003,S003,117,125.61954334973163
2025-07-26,P004,S001,226,209.88665459540465
2025-07-26,P004,S002,251,247.21701534705417
2025-07-26,P004,S003,227,227.70751359180034
2025-07-26,P005,S001,167,147.20979561415103
2025-07-26,P005,S002,198,168.10183754860984
2025-07-26,P005,S003,149,134.79953377953737
2025-07-27,P001,S001,153,135.84311099072502
2025-07-27,P001,S002,195,194.80366557217292
2025-07-27,P001,S003,137,126.09986687461142
2025-07-27,P002,S001,146,184.98866961796372
2025-07-27,P002,S002,269,241.91346362465367
2025-07-27,P002,S003,167,161.43747842300024
2025-07-27,P003,S001,147,140.8812020610109
2025-07-27,P003,S002,154,155.72140195878686
2025-07-27,P003,S003,105,100.47233310970083
2025-07-27,P004,S001,214,212.1869407838893
2025-07-27,P004,S002,264,284.40982900205245
2025-07-27,P004,S003,174,187.4537459382938
2025-07-27,P005,S001,159,152.02391750569694
2025-07-27,P005,S002,188,167.2828069185931
2025-07-27,P005,S003,184,164.31855682565623
2025-07-28,P001,S001,144,154.15074769382656
2025-07-28,P001,S002,203,171.97777242895987
2025-07-28,P001,S003,115,117.76185367491988
2025-07-28,P002,S001,153,160.28149606643356
2025-07-28,P002,S002,159,181.2567088501454
2025-07-28,P002,S003,154,152.00023309411176
2025-07-28,P003,S001,108,101.98131859360109
2025-07-28,P003,S002,141,120.64349708364814
2025-07-28,P003,S003,91,90.97940955653823
2025-07-28,P004,S001,210,188.23314336439705
2025-07-28,P004,S002,220,223.33959715115054
2025-07-28,P004,S003,159,172.56629725952155
2025-07-28,P005,S001,141,135.3504571139859
2025-07-28,P005,S002,126,161.01736632742896
2025-07-28,P005,S003,144,154.85226021201024
2025-07-29,P001,S001,138,127.4352215864201
2025-07-29,P001,S002,178,178.2909154306782
2025-07-29,P001,S003,102,115.7177823815762
2025-07-29,P002,S001,136,157.87301818483803
2025-07-29,P002,S002,193,179.3642010593896
2025-07-29,P002,S003,149,147.26634284349552
2025-07-29,P003,S001,113,100.79693851951279
2025-07-29,P003,S002,135,120.8197738949647
2025-07-29,P003,S003,95,92.90017633954884
2025-07-29,P004,S001,174,191.37504726637314
2025-07-29,P004,S002,225,219.34896256040142
2025-07-29,P004,S003,201,165.215832028674
2025-07-29,P005,S001,135,132.47901163501524
2025-07-29,P005,S002,157,155.14141755483934
2025-07-29,P005,S003,117,127.0670595062617
2025-07-30,P001,S001,134,125.82969806741248
2025-07-30,P001,S002,158,152.75005931551254
2025-07-30,P001,S003,109,113.53178533850054
2025-07-30,P002,S001,145,158.13337286324793
2025-07-30,P002,S002,175,218.67264886175906
2025-07-30,P002,S003,145,144.8648717806746
2025-07-30,P003,S001,99,102.7313524117566
2025-07-30,P003,S002,108,119.25754506849357
2025-07-30,P003,S003,92,93.8381458696532
2025-07-30,P004,S001,192,188.18019415457263
2025-07-30,P004,S002,203,215.37491214667682
2025-07-30,P004,S003,226,202.23681569492612
2025-07-30,P005,S001,151,160.05159957934222
2025-07-30,P005,S002,167,154.60627089338678
2025-07-30,P005,S003,129,125.98679232328136
2025-07-31,P001,S001,144,151.8062941245846
2025-07-31,P001,S002,152,154.33915567348896
2025-07-31,P001,S003,136,135.0589920977295
2025-07-31,P002,S001,199,180.8125670908898
2025-07-31,P002,S002,183,173.397507535031
2025-07-31,P002,S003,125,143.34212114487252
2025-07-31,P003,S001,89,102.37896577891061
2025-07-31,P003,S002,136,118.11831716771792
2025-07-31,P003,S003,99,115.87429362502058
2025-07-31,P004,S001,228,230.5397990073651
2025-07-31,P004,S002,207,214.92637587956003
2025-07-31,P004,S003,167,170.80986171662863
2025-07-31,P005,S001,148,133.44701183167098
2025-07-31,P005,S002,154,154.7952257672527
2025-07-31,P005,S003,131,121.71508481119412
2025-08-01,P001,S001,159,152.39062531626868
2025-08-01,P001,S002,142,150.86051274911884
2025-08-01,P001,S003,99,111.75593222584092
2025-08-01,P002,S001,146,153.25723191512967
2025-08-01,P002,S002,180,171.8019273035149
2025-08-01,P002,S003,133,143.42420535516257
2025-08-01,P003,S001,92,99.5534312056407
2025-08-01,P003,S002,125,120.0051997202144
2025-08-01,P003,S003,87,91.50746014075797
2025-08-01,P004,S001,192,178.5361652632499
2025-08-01,P004,S002,202,205.6879553940069
2025-08-01,P004,S003,158,170.33304596051087
2025-08-01,P005,S001,150,161.2284906333348
2025-08-01,P005,S002,176,150.26539820187983
2025-08-01,P005,S003,126,149.3078284029352
2025-08-02,P001,S001,136,135.48829359978257
2025-08-02,P001,S002,153,163.6185076880034
2025-08-02,P001,S003,148,152.3795082854415
2025-08-02,P002,S001,146,171.95227374259724
2025-08-02,P002,S002,199,184.9455986374736
2025-08-02,P002,S003,134,154.78990114411306
2025-08-02,P003,S001,122,112.69640857671737
2025-08-02,P003,S002,114,130.50000686106551
2025-08-02,P003,S003,97,98.01565433504408
2025-08-02,P004,S001,194,205.61548982177527
2025-08-02,P004,S002,242,218.90010999120852
2025-08-02,P004,S003,195,181.3949321417102
2025-08-02,P005,S001,149,150.93429948156418
2025-08-02,P005,S002,167,168.77285865319328
2025-08-02,P005,S003,143,134.60785206664244
2025-08-03,P001,S001,147,136.9008371981046
2025-08-03,P001,S002,158,163.94317478385045
2025-08-03,P001,S003,125,123.73674983657122
2025-08-03,P002,S001,163,165.2161572512455
2025-08-03,P002,S002,223,189.61865405019816
2025-08-03,P002,S003,141,157.7830813973608
2025-08-03,P003,S001,113,111.89927907491985
2025-08-03,P003,S002,169,154.48388468254373
2025-08-03,P003,S003,111,98.47386570986198
2025-08-03,P004,S001,203,203.15777784515547
2025-08-03,P004,S002,228,224.03351628110454
2025-08-03,P004,S003,179,177.9473015949479
2025-08-03,P005,S001,137,147.00831809856814
2025-08-03,P005,S002,149,166.9893002795708
2025-08-03,P005,S003,123,134.65930815989134
2025-08-04,P001,S001,140,150.8477228956973
2025-08-04,P001,S002,188,174.45156695061468
2025-08-04,P001,S003,119,110.15177898937144
2025-08-04,P002,S001,150,151.79235449565056
2025-08-04,P002,S002,206,171.30646533205356
2025-08-04,P002,S003,149,143.03461106615694
2025-08-04,P003,S001,94,101.04113608547024
2025-08-04,P003,S002,106,120.92783681825996
2025-08-04,P003,S003,117,114.63433009963885
2025-08-04,P004,S001,195,182.00857850772806
2025-08-04,P004,S002,205,211.10517515776718
2025-08-04,P004,S003,163,163.5668772882483
2025-08-04,P005,S001,122,131.76190222277722
2025-08-04,P005,S002,144,145.79435527342454
2025-08-04,P005,S003,124,119.53201609709954
2025-08-05,P001,S001,110,124.66362667698662
2025-08-05,P001,S002,159,173.8562843924865
2025-08-05,P001,S003,98,114.02358125087852
2025-08-05,P002,S001,161,152.48072635399083
2025-08-05,P002,S002,210,219.36307942425213
2025-08-05,P002,S003,133,142.81494691958798
2025-08-05,P003,S001,110,96.59882964633829
2025-08-05,P003,S002,127,139.7976849787639
2025-08-05,P003,S003,96,90.04722118511869
2025-08-05,P004,S001,167,178.89023741214064
2025-08-05,P004,S002,205,209.36314487514127
2025-08-05,P004,S003,162,163.64372966732697
2025-08-05,P005,S001,129,154.4500379673431
2025-08-05,P005,S002,200,180.4844058866185
2025-08-05,P005,S003,122,118.84179558252656
2025-08-06,P001,S001,112,120.85975652630403
2025-08-06,P001,S002,136,145.54780240470322
2025-08-06,P001,S003,107,107.43461136743377
2025-08-06,P002,S001,130,152.06469888975406
2025-08-06,P002,S002,175,176.83038458709763
2025-08-06,P002,S003,143,142.5181609606424
2025-08-06,P003,S001,125,120.7305065461499
2025-08-06,P003,S002,116,117.99260879247187
2025-08-06,P003,S003,101,92.03198603767662
2025-08-06,P004,S001,225,178.48299823914047
2025-08-06,P004,S002,237,200.8528362311707
2025-08-06,P004,S003,155,160.5995637119159
2025-08-06,P005,S001,157,160.71279240571522
2025-08-06,P005,S002,143,148.94955876190804
2025-08-06,P005,S003,146,143.3515789775669
2025-08-07,P001,S001,125,123.20632549639905
2025-08-07,P001,S002,163,172.63404814161592
2025-08-07,P001,S003,94,109.22234150088387
2025-08-07,P002,S001,153,148.3731500011856
2025-08-07,P002,S002,192,215.93424994961177
2025-08-07,P002,S003,140,138.42085453508477
2025-08-07,P003,S001,137,123.06082637542193
2025-08-07,P003,S002,112,136.8679975705838
2025-08-07,P003,S003,118,114.88127410130717
2025-08-07,P004,S001,218,226.39203394373664
2025-08-07,P004,S002,227,260.78304050558995
2025-08-07,P004,S003,184,157.25903773754632
2025-08-07,P005,S001,119,130.92423639256336
2025-08-07,P005,S002,151,145.85955683411882
2025-08-07,P005,S003,119,123.2153440248477
2025-08-08,P001,S001,153,145.66089554700548
2025-08-08,P001,S002,122,141.20698778386645
2025-08-08,P001,S003,103,110.10931752112272
2025-08-08,P002,S001,140,152.58260933824513
2025-08-08,P002,S002,161,170.57238307796442
2025-08-08,P002,S003,123,140.04550370974061
2025-08-08,P003,S001,93,102.95064499471117
2025-08-08,P003,S002,106,114.00659330215727
2025-08-08,P003,S003,93,94.60846340312591
2025-08-08,P004,S001,234,226.25364248511363
2025-08-08,P004,S002,192,203.67324842518593
2025-08-08,P004,S003,151,159.98947156515652
2025-08-08,P005,S001,161,152.68001096272152
2025-08-08,P005,S002,155,148.95451026149635
2025-08-08,P005,S003,128,144.21137630021335
2025-08-09,P001,S001,124,161.6259095296474
2025-08-09,P001,S002,146,156.69550688490645
2025-08-09,P001,S003,113,124.00477124986296
2025-08-09,P002,S001,177,166.40719844167273
2025-08-09,P002,S002,175,183.65647166200247
2025-08-09,P002,S003,149,177.00329954687993
2025-08-09,P003,S001,106,116.77072210632508
2025-08-09,P003,S002,123,124.54883274935851
2025-08-09,P003,S003,118,125.63399902215515
2025-08-09,P004,S001,200,209.41111862198275
2025-08-09,P004,S002,254,225.8539721611594
2025-08-09,P004,S003,188,176.12920672097516
2025-08-09,P005,S001,161,175.9356440304407
2025-08-09,P005,S002,157,161.00570563541635
2025-08-09,P005,S003,126,131.95628898818757
2025-08-10,P001,S001,133,133.4272881762845
2025-08-10,P001,S002,146,159.16116808885556
2025-08-10,P001,S003,121,123.04232499200141
2025-08-10,P002,S001,155,164.17133784108046
2025-08-10,P002,S002,216,232.74702456571202
2025-08-10,P002,S003,173,181.19817718648315
2025-08-10,P003,S001,102,113.8517598348289
2025-08-10,P003,S002,109,126.05258682534783
2025-08-10,P003,S003,109,105.44666603780206
2025-08-10,P004,S001,183,211.13839383247486
2025-08-10,P004,S002,236,226.42390820209206
2025-08-10,P004,S003,194,170.29988184789926
2025-08-10,P005,S001,145,145.0887373619028
2025-08-10,P005,S002,190,188.86450418209256
2025-08-10,P005,S003,131,131.07281851962964
2025-08-11,P001,S001,129,121.45291123455574
2025-08-11,P001,S002,154,139.1040576703182
2025-08-11,P001,S003,96,108.56834503899091
2025-08-11,P002,S001,169,150.03110633484158
2025-08-11,P002,S002,205,172.57803979558022
2025-08-11,P002,S003,164,168.40287373898457
2025-08-11,P003,S001,103,103.42304367721194
2025-08-11,P003,S002,115,115.55203708398155
2025-08-11,P003,S003,80,93.84386025124684
2025-08-11,P004,S001,174,191.27589170575294
2025-08-11,P004,S002,206,211.79835479471524
2025-08-11,P004,S003,155,160.17104233939006
2025-08-11,P005,S001,140,129.80672983112092
2025-08-11,P005,S002,138,147.38391862102463
2025-08-11,P005,S003,115,123.00492203402032
2025-08-12,P001,S001,116,122.42244982803578
2025-08-12,P001,S002,131,138.80948846210978
2025-08-12,P001,S003,111,106.96979806843912
2025-08-12,P002,S001,156,149.07887312493997
2025-08-12,P002,S002,129,174.43249952141937
2025-08-12,P002,S003,129,137.9794430145018
2025-08-12,P003,S001,109,121.65446009775832
2025-08-12,P003,S002,133,139.22984573304052
2025-08-12,P003,S003,96,90.28802964169041
2025-08-12,P004,S001,201,223.49217274506117
2025-08-12,P004,S002,247,260.2078818984378
2025-08-12,P004,S003,147,161.95729873884287
2025-08-12,P005,S001,147,155.8524946949765
2025-08-12,P005,S002,170,180.61004459680754
2025-08-12,P005,S003,132,142.34045501924547
2025-08-13,P001,S001,123,120.25233863234291
2025-08-13,P001,S002,151,168.94084141078218
2025-08-13,P001,S003,109,108.23330539534768
2025-08-13,P002,S001,206,183.82501071219806
2025-08-13,P002,S002,175,172.5160800196537
2025-08-13,P002,S003,124,136.51150420861822
2025-08-13,P003,S001,104,99.2459538933373
2025-08-13,P003,S002,142,140.85543653100436
2025-08-13,P003,S003,96,91.62008830005134
2025-08-13,P004,S001,175,183.56084559437807
2025-08-13,P004,S002,257,267.3900814480497
2025-08-13,P004,S003,155,158.0589936336668
2025-08-13,P005,S001,124,132.506528768166
2025-08-13,P005,S002,158,145.02789758076895
2025-08-13,P005,S003,100,122.12939962535748
2025-08-14,P001,S001,126,121.14705640067723
2025-08-14,P001,S002,167,143.72219260443717
2025-08-14,P001,S003,107,107.40327250808619
2025-08-14,P002,S001,160,155.10670286266878
2025-08-14,P002,S002,175,168.25784990787125
2025-08-14,P002,S003,156,135.4284733713999
2025-08-14,P003,S001,103,99.80329758217769
2025-08-14,P003,S002,106,115.67242732757433
2025-08-14,P003,S003,66,93.20940141068077
2025-08-14,P004,S001,162,185.30695967719058
2025-08-14,P004,S002,184,213.72580012063096
2025-08-14,P004,S003,157,154.44433169200084
2025-08-14,P005,S001,118,126.75122005894437
2025-08-14,P005,S002,140,148.2923522547929
2025-08-14,P005,S003,127,119.13623385560523
2025-08-15,P001,S001,199,162.98259349925104
2025-08-15,P001,S002,161,172.71158382834489
2025-08-15,P001,S003,137,130.21623154908818
2025-08-15,P002,S001,179,190.27551264477708
2025-08-15,P002,S002,230,230.93332534989523
2025-08-15,P002,S003,178,169.20840951401115
2025-08-15,P003,S001,123,116.7938705587928
2025-08-15,P003,S002,138,141.05102567612133
2025-08-15,P003,S003,117,102.40126070745129
2025-08-15,P004,S001,248,244.532724040257
2025-08-15,P004,S002,268,268.7025564991853
2025-08-15,P004,S003,212,193.45934164004214
2025-08-15,P005,S001,176,164.26809220438568
2025-08-15,P005,S002,158,180.57965424704724
2025-08-15,P005,S003,157,149.14606594388152
2025-08-16,P001,S001,148,135.27906257367079
2025-08-16,P001,S002,148,157.60177744022405
2025-08-16,P001,S003,124,125.75610514567136
2025-08-16,P002,S001,196,203.1166359775202
2025-08-16,P002,S002,199,188.67102495013162
2025-08-16,P002,S003,146,149.03613107276712
2025-08-16,P003,S001,114,111.2294178725686
2025-08-16,P003,S002,110,123.21621690686764
2025-08-16,P003,S003,92,96.51820251008024
2025-08-16,P004,S001,201,199.4743328995996
2025-08-16,P004,S002,213,240.0317674649697
2025-08-16,P004,S003,177,178.7315830170647
2025-08-16,P005,S001,162,146.33223858449338
2025-08-16,P005,S002,143,163.10883730158736
2025-08-16,P005,S003,125,127.66548845774957
2025-08-17,P001,S001,126,137.24560080541238
2025-08-17,P001,S002,161,157.02229151560948
2025-08-17,P001,S003,152,145.00242382688265
2025-08-17,P002,S001,178,171.8699380765639
2025-08-17,P002,S002,182,188.0820802251154
2025-08-17,P002,S003,132,153.87739776236836
2025-08-17,P003,S001,106,110.41314846947857
2025-08-17,P003,S002,124,122.59718206191816
2025-08-17,P003,S003,103,95.62492137233684
2025-08-17,P004,S001,205,198.99325233145336
2025-08-17,P004,S002,234,229.06536313535966
2025-08-17,P004,S003,229,219.16676237694196
2025-08-17,P005,S001,146,148.39069865014156
2025-08-17,P005,S002,153,163.56407981560923
2025-08-17,P005,S003,130,129.9384825891128
2025-08-18,P001,S001,126,127.31678834244104
2025-08-18,P001,S002,148,138.44994585943812
2025-08-18,P001,S003,109,108.5166462699667
2025-08-18,P002,S001,151,152.371608498721
2025-08-18,P002,S002,171,166.3503855092583
2025-08-18,P002,S003,140,141.00062805291114
2025-08-18,P003,S001,111,101.27060016982497
2025-08-18,P003,S002,122,112.42928860271566
2025-08-18,P003,S003,97,92.92564763412109
2025-08-18,P004,S001,192,222.94266152923868
2025-08-18,P004,S002,210,212.7230279140795
2025-08-18,P004,S003,203,196.81959395996168
2025-08-18,P005,S001,144,132.44312779615896
2025-08-18,P005,S002,147,148.30424803750168
2025-08-18,P005,S003,99,123.50633906919101
2025-08-19,P001,S001,116,126.33566941636798
2025-08-19,P001,S002,131,142.03993186586376
2025-08-19,P001,S003,118,131.37126370593631
2025-08-19,P002,S001,143,152.0137644361143
2025-08-19,P002,S002,169,169.41168242336508
2025-08-19,P002,S003,137,133.00396821717587
2025-08-19,P003,S001,102,100.28420056420615
2025-08-19,P003,S002,112,114.58159366289459
2025-08-19,P003,S003,90,90.36229392575947
2025-08-19,P004,S001,188,186.1860462164899
2025-08-19,P004,S002,197,209.86547509952635
2025-08-19,P004,S003,140,165.49923136218354
2025-08-19,P005,S001,127,132.90264357694682
2025-08-19,P005,S002,150,148.39497019120702
2025-08-19,P005,S003,114,143.18849783835446
2025-08-20,P001,S001,100,124.3177590012327
2025-08-20,P001,S002,144,142.34062144221878
2025-08-20,P001,S003,101,110.72659774373804
2025-08-20,P002,S001,153,151.0739868734207
2025-08-20,P002,S002,183,168.5114194779893
2025-08-20,P002,S003,137,132.14281421188898
2025-08-20,P003,S001,92,100.03913774134361
2025-08-20,P003,S002,125,114.41550622253558
2025-08-20,P003,S003,84,91.18836991603172
2025-08-20,P004,S001,195,225.8538416742571
2025-08-20,P004,S002,218,252.87374311964697
2025-08-20,P004,S003,157,164.77528766069673
2025-08-20,P005,S001,162,153.3968352838252
2025-08-20,P005,S002,110,143.81475143819034
2025-08-20,P005,S003,102,119.44438293242702
2025-08-21,P001,S001,130,148.07960116732258
2025-08-21,P001,S002,138,140.17028505432478
2025-08-21,P001,S003,113,110.64005187506856
2025-08-21,P002,S001,159,150.6253223230252
2025-08-21,P002,S002,176,169.75846322468377
2025-08-21,P002,S003,125,134.30177261485508
2025-08-21,P003,S001,96,100.9838792542382
2025-08-21,P003,S002,120,116.78290433055508
2025-08-21,P003,S003,98,112.52448529697425
2025-08-21,P004,S001,182,183.40250591913252
2025-08-21,P004,S002,190,207.27937945877665
2025-08-21,P004,S003,168,163.68186300530834
2025-08-21,P005,S001,127,130.06612592382677
2025-08-21,P005,S002,125,145.54463991735815
2025-08-21,P005,S003,137,140.9058827333012
2025-08-22,P001,S001,131,150.99950394825765
2025-08-22,P001,S002,123,140.36970750948817
2025-08-22,P001,S003,113,106.98765818372814
2025-08-22,P002,S001,136,149.40370607679642
2025-08-22,P002,S002,193,169.1762529071376
2025-08-22,P002,S003,125,132.5429914729878
2025-08-22,P003,S001,97,100.81072966290247
2025-08-22,P003,S002,131,115.85522170938367
2025-08-22,P003,S003,83,91.16432458928244
2025-08-22,P004,S001,200,181.7758621614239
2025-08-22,P004,S002,238,246.68551951660322
2025-08-22,P004,S003,186,159.53354085072576
2025-08-22,P005,S001,140,132.43384980297478
2025-08-22,P005,S002,148,144.821469873264
2025-08-22,P005,S003,118,114.10497502776724
2025-08-23,P001,S001,135,134.322685210365
2025-08-23,P001,S002,155,154.35140206566314
2025-08-23,P001,S003,156,145.36932740896015
2025-08-23,P002,S001,197,164.0557645810717
2025-08-23,P002,S002,189,187.62040326177083
2025-08-23,P002,S003,190,173.71787699280424
2025-08-23,P003,S001,116,108.23377909519532
2025-08-23,P003,S002,125,125.47131621534642
2025-08-23,P003,S003,113,117.61754712474495
2025-08-23,P004,S001,245,245.8838664501778
2025-08-23,P004,S002,241,274.37950492670365
2025-08-23,P004,S003,210,222.85085331408348
2025-08-23,P005,S001,143,146.03081631277217
2025-08-23,P005,S002,211,185.47632302877292
2025-08-23,P005,S003,136,125.21645836945989
2025-08-24,P001,S001,163,157.0749477456024
2025-08-24,P001,S002,203,184.8308670490585
2025-08-24,P001,S003,145,146.30100923148058
2025-08-24,P002,S001,182,161.75403623174222
2025-08-24,P002,S002,190,189.05866363089532
2025-08-24,P002,S003,128,146.59031438822606
2025-08-24,P003,S001,111,107.55146196929577
2025-08-24,P003,S002,134,126.29355197457772
2025-08-24,P003,S003,107,93.87010502283664
2025-08-24,P004,S001,175,202.5905114900365
2025-08-24,P004,S002,203,225.52670151825313
2025-08-24,P004,S003,179,178.74073467137433
2025-08-24,P005,S001,139,147.14791676501602
2025-08-24,P005,S002,182,156.057796047219
2025-08-24,P005,S003,119,125.75473092299426
2025-08-25,P001,S001,137,126.1635341158455
2025-08-25,P001,S002,138,143.97220398678118
2025-08-25,P001,S003,95,112.03496396553652
2025-08-25,P002,S001,173,181.93616902193946
2025-08-25,P002,S002,182,210.52912482108536
2025-08-25,P002,S003,120,128.99948188086427
2025-08-25,P003,S001,108,100.0032372864064
2025-08-25,P003,S002,114,113.10462008498038
2025-08-25,P003,S003,96,88.2145758774464
2025-08-25,P004,S001,205,187.1975136942306
2025-08-25,P004,S002,184,201.90738530709487
2025-08-25,P004,S003,175,165.79166547831258
2025-08-25,P005,S001,128,131.43693684686482
2025-08-25,P005,S002,141,146.23418768772078
2025-08-25,P005,S003,109,113.27033153372679
2025-08-26,P001,S001,120,150.62528648402676
2025-08-26,P001,S002,159,171.20599431002006
2025-08-26,P001,S003,116,108.55640247748899
2025-08-26,P002,S001,163,149.70969662200548
2025-08-26,P002,S002,191,212.84088051082892
2025-08-26,P002,S003,146,131.99813779340718
2025-08-26,P003,S001,101,102.01943267847562
2025-08-26,P003,S002,111,114.30455138830465
2025-08-26,P003,S003,122,113.68079822542431
2025-08-26,P004,S001,185,182.7252279281176
2025-08-26,P004,S002,218,199.6939545725172
2025-08-26,P004,S003,158,158.66043555640263
2025-08-26,P005,S001,146,130.25623984759216
2025-08-26,P005,S002,149,143.8458720718996
2025-08-26,P005,S003,112,116.05142121685499
2025-08-27,P001,S001,112,123.94671336751489
2025-08-27,P001,S002,158,146.48381926591637
2025-08-27,P001,S003,101,108.51270659100958
2025-08-27,P002,S001,190,180.42220109139234
2025-08-27,P002,S002,153,168.97353410020926
2025-08-27,P002,S003,115,130.94477373956875
2025-08-27,P003,S001,90,99.349105760618
2025-08-27,P003,S002,104,114.08036216471015
2025-08-27,P003,S003,87,91.71611082839163
2025-08-27,P004,S001,199,184.9356350520394
2025-08-27,P004,S002,266,250.21015383951683
2025-08-27,P004,S003,191,163.57894663927402
2025-08-27,P005,S001,136,129.40106863683704
2025-08-27,P005,S002,176,176.64338388675307
2025-08-27,P005,S003,120,113.66657508622697
2025-08-28,P001,S001,114,124.066801644434
2025-08-28,P001,S002,133,143.2500615470486
2025-08-28,P001,S003,108,107.4542177420103
2025-08-28,P002,S001,155,151.36644308009673
2025-08-28,P002,S002,173,171.66109163093537
2025-08-28,P002,S003,144,127.88207690660303
2025-08-28,P003,S001,95,93.80901101669657
2025-08-28,P003,S002,111,112.28153748322114
2025-08-28,P003,S003,91,90.08879751951694
2025-08-28,P004,S001,217,225.40062556367783
2025-08-28,P004,S002,192,200.60363478435477
2025-08-28,P004,S003,163,164.6239024643872
2025-08-28,P005,S001,169,156.48500800137256
2025-08-28,P005,S002,180,176.2241771247543
2025-08-28,P005,S003,103,112.0011135222921
2025-08-29,P001,S001,137,144.13130020465437
2025-08-29,P001,S002,152,143.71558257244135
2025-08-29,P001,S003,138,129.72542845097803
2025-08-29,P002,S001,162,150.18786983132114
2025-08-29,P002,S002,156,172.84001480375926
2025-08-29,P002,S003,133,127.26239044069963
2025-08-29,P003,S001,103,93.49692008236867
2025-08-29,P003,S002,111,110.45557771167607
2025-08-29,P003,S003,87,92.56332999018525
2025-08-29,P004,S001,195,233.59402122795512
2025-08-29,P004,S002,187,201.7611107874968
2025-08-29,P004,S003,159,162.77637927760668
2025-08-29,P005,S001,137,128.61810081320903
2025-08-29,P005,S002,153,145.4882827536886
2025-08-29,P005,S003,130,113.38165638263959
2025-08-30,P001,S001,137,131.564936855628
2025-08-30,P001,S002,182,154.40441822760573
2025-08-30,P001,S003,149,144.06544620566913
2025-08-30,P002,S001,153,168.01897791445737
2025-08-30,P002,S002,214,229.715345236871
2025-08-30,P002,S003,142,141.47006650678608
2025-08-30,P003,S001,110,109.5085126686824
2025-08-30,P003,S002,127,122.93440632127594
2025-08-30,P003,S003,91,95.43429682014325
2025-08-30,P004,S001,232,250.19237355059798
2025-08-30,P004,S002,215,219.50300628001176
2025-08-30,P004,S003,236,217.85659693035302
2025-08-30,P005,S001,144,143.86454532395703
2025-08-30,P005,S002,169,162.4745628897246
2025-08-30,P005,S003,132,125.25496153227576
2025-08-31,P001,S001,153,156.88048969649196
2025-08-31,P001,S002,174,157.54168451932054
2025-08-31,P001,S003,123,120.42681857766418
2025-08-31,P002,S001,194,206.67584012107173
2025-08-31,P002,S002,199,186.8752557869203
2025-08-31,P002,S003,135,141.20246986490886
2025-08-31,P003,S001,138,129.73693532368566
2025-08-31,P003,S002,126,125.09756062122432
2025-08-31,P003,S003,96,95.30896854248698
2025-08-31,P004,S001,191,202.18611014516534
2025-08-31,P004,S002,256,218.17472585298697
2025-08-31,P004,S003,166,182.4857207000515
2025-08-31,P005,S001,192,174.53217120587968
2025-08-31,P005,S002,147,160.6516363041582
2025-08-31,P005,S003,115,125.71269969566465
2025-09-01,P001,S001,129,122.13463548338916
2025-09-01,P001,S002,138,140.93972302778917
2025-09-01,P001,S003,103,107.7122688238834
2025-09-01,P002,S001,139,150.95080172695384
2025-09-01,P002,S002,221,204.43221751247125
2025-09-01,P002,S003,138,127.41493702294434
2025-09-01,P003,S001,91,99.12841964000057
2025-09-01,P003,S002,104,109.69185164706295
2025-09-01,P003,S003,97,89.42438693322075
2025-09-01,P004,S001,161,186.1073530336623
2025-09-01,P004,S002,188,202.69102130100293
2025-09-01,P004,S003,174,157.26196501580637
2025-09-01,P005,S001,125,130.155821891752
2025-09-01,P005,S002,139,142.04688668325144
2025-09-01,P005,S003,119,108.68033528807791
2025-09-02,P001,S001,121,121.46903718038942
2025-09-02,P001,S002,161,169.51405672268905
2025-09-02,P001,S003,112,130.05663911314426
2025-09-02,P002,S001,151,150.0663321029031
2025-09-02,P002,S002,178,169.867035307357
2025-09-02,P002,S003,135,128.92205008609383
2025-09-02,P003,S001,96,96.34343880852555
2025-09-02,P003,S002,142,129.9731434192957
2025-09-02,P003,S003,87,88.0856642397635
2025-09-02,P004,S001,162,179.17700114019965
2025-09-02,P004,S002,194,199.96796464238363
2025-09-02,P004,S003,159,158.98898822973553
2025-09-02,P005,S001,137,129.60191263560998
2025-09-02,P005,S002,192,170.8407589936509
2025-09-02,P005,S003,114,107.17438384734031
2025-09-03,P001,S001,143,138.4271617198161
2025-09-03,P001,S002,130,143.97187100685264
2025-09-03,P001,S003,92,106.98776084901515
2025-09-03,P002,S001,135,147.116422694136
2025-09-03,P002,S002,168,170.98564718506958
2025-09-03,P002,S003,133,128.84638552754862
2025-09-03,P003,S001,98,94.29059648076816
2025-09-03,P003,S002,122,131.50869739050077
2025-09-03,P003,S003,110,106.5627000608395
2025-09-03,P004,S001,147,180.7910064044572
2025-09-03,P004,S002,218,198.42395208809506
2025-09-03,P004,S003,166,160.7929381508155
2025-09-03,P005,S001,151,157.23533372816982
2025-09-03,P005,S002,164,174.60027960560686
2025-09-03,P005,S003,107,107.96146904074166
2025-09-04,P001,S001,118,121.85195208263958
2025-09-04,P001,S002,125,138.00617517119102
2025-09-04,P001,S003,119,105.69063989875796
2025-09-04,P002,S001,165,148.1227241601708
2025-09-04,P002,S002,182,170.719687394434
2025-09-04,P002,S003,177,156.78858911734554
2025-09-04,P003,S001,110,92.83706305298163
2025-09-04,P003,S002,113,108.16953899155973
2025-09-04,P003,S003,109,108.28698975841402
2025-09-04,P004,S001,181,178.27180353772914
2025-09-04,P004,S002,229,194.86486794303062
2025-09-04,P004,S003,165,156.52738834121246
2025-09-04,P005,S001,134,132.39743963965176
2025-09-04,P005,S002,157,145.7043508529869
2025-09-04,P005,S003,109,109.7301290306271
2025-09-05,P001,S001,119,122.15323007850856
2025-09-05,P001,S002,146,134.75721858411197
2025-09-05,P001,S003,140,129.78317385521257
2025-09-05,P002,S001,156,147.6386804861805
2025-09-05,P002,S002,161,168.07716111678997
2025-09-05,P002,S003,146,155.0126653709852
2025-09-05,P003,S001,114,115.60689464742771
2025-09-05,P003,S002,121,107.47739639436935
2025-09-05,P003,S003,75,89.41458914861796
2025-09-05,P004,S001,158,174.51710715226469
2025-09-05,P004,S002,183,196.82808165226587
2025-09-05,P004,S003,166,158.99424263195954
2025-09-05,P005,S001,127,131.56417624345468
2025-09-05,P005,S002,146,175.39605988455997
2025-09-05,P005,S003,132,107.18840649140594
2025-09-06,P001,S001,131,134.08269013339608
2025-09-06,P001,S002,152,182.54867298673548
2025-09-06,P001,S003,142,143.49170327032792
2025-09-06,P002,S001,195,163.62858815498655
2025-09-06,P002,S002,177,189.37916521099305
2025-09-06,P002,S003,166,140.84852069512016
2025-09-06,P003,S001,136,130.39660457260746
2025-09-06,P003,S002,141,121.5355470831198
2025-09-06,P003,S003,91,89.85434833099907
2025-09-06,P004,S001,198,190.36937205768092
2025-09-06,P004,S002,296,262.8744808679678
2025-09-06,P004,S003,195,182.04574715807078
2025-09-06,P005,S001,170,177.14504628135447
2025-09-06,P005,S002,186,191.4100917362864
2025-09-06,P005,S003,157,146.6681260387788
2025-09-07,P001,S001,127,135.8088574758575
2025-09-07,P001,S002,176,178.98580327996726
2025-09-07,P001,S003,112,122.0559208267223
2025-09-07,P002,S001,153,165.57056879762393
2025-09-07,P002,S002,245,227.08566949192874
2025-09-07,P002,S003,119,148.4838485045656
2025-09-07,P003,S001,105,111.48373011931739
2025-09-07,P003,S002,113,122.85534939005348
2025-09-07,P003,S003,92,92.6243533231474
2025-09-07,P004,S001,202,185.7351319738269
2025-09-07,P004,S002,226,218.4188040888204
2025-09-07,P004,S003,183,172.62593006544105
2025-09-07,P005,S001,133,147.5817791000709
2025-09-07,P005,S002,147,157.93139716520577
2025-09-07,P005,S003,139,150.16024829227416
2025-09-08,P001,S001,103,118.52994607041339
2025-09-08,P001,S002,127,136.08784923455028
2025-09-08,P001,S003,102,107.44010301336515
2025-09-08,P002,S001,174,180.69794594762823
2025-09-08,P002,S002,156,169.3555463407421
2025-09-08,P002,S003,175,154.0185262544688
2025-09-08,P003,S001,105,96.86112335295422
2025-09-08,P003,S002,139,132.34136229055173
2025-09-08,P003,S003,70,85.87090632658108
2025-09-08,P004,S001,167,177.5847934484769
2025-09-08,P004,S002,186,197.34019397780582
2025-09-08,P004,S003,146,155.90915463498916
2025-09-08,P005,S001,129,131.989314939962
2025-09-08,P005,S002,159,173.30072034011746
2025-09-08,P005,S003,130,136.1131709528217
2025-09-09,P001,S001,115,114.99864498680714
2025-09-09,P001,S002,125,135.68662763217174
2025-09-09,P001,S003,115,106.79473353804774
2025-09-09,P002,S001,203,182.362141771627
2025-09-09,P002,S002,186,169.1314339884926
2025-09-09,P002,S003,127,130.18576188394934
2025-09-09,P003,S001,97,95.30549939806926
2025-09-09,P003,S002,99,111.59580703758321
2025-09-09,P003,S003,91,84.37802345983481
2025-09-09,P004,S001,144,178.1022198757649
2025-09-09,P004,S002,176,200.5122663643545
2025-09-09,P004,S003,194,184.64594742801484
2025-09-09,P005,S001,133,128.45824375901447
2025-09-09,P005,S002,136,142.68055895326796
2025-09-09,P005,S003,115,111.31822742208766
2025-09-10,P001,S001,98,112.96089989568397
2025-09-10,P001,S002,178,165.32544129006962
2025-09-10,P001,S003,112,133.66676815734573
2025-09-10,P002,S001,168,153.68243572777837
2025-09-10,P002,S002,192,167.91207026586252
2025-09-10,P002,S003,172,159.35680748598665
2025-09-10,P003,S001,100,96.39319315284393
2025-09-10,P003,S002,138,133.24207669822016
2025-09-10,P003,S003,83,86.79139912542742
2025-09-10,P004,S001,161,171.67676953958505
2025-09-10,P004,S002,208,199.82534766336602
2025-09-10,P004,S003,179,157.28797576035075
2025-09-10,P005,S001,131,129.60273193752406
2025-09-10,P005,S002,128,141.80201003019604
2025-09-10,P005,S003,146,136.799343645175
2025-09-11,P001,S001,97,113.49578922139948
2025-09-11,P001,S002,142,137.08234055482706
2025-09-11,P001,S003,122,107.32178012680043
2025-09-11,P002,S001,162,153.00927066481424
2025-09-11,P002,S002,170,165.84391905020507
2025-09-11,P002,S003,133,133.3558674438307
2025-09-11,P003,S001,114,97.29552140343317
2025-09-11,P003,S002,124,135.50460192911655
2025-09-11,P003,S003,103,86.4039136855791
2025-09-11,P004,S001,171,175.2606414367031
2025-09-11,P004,S002,243,198.79548694580274
2025-09-11,P004,S003,134,160.93200579200203
2025-09-11,P005,S001,119,128.61041421207787
2025-09-11,P005,S002,138,145.15435609997584
2025-09-11,P005,S003,96,113.22395824969662
2025-09-12,P001,S001,154,140.9196347779525
2025-09-12,P001,S002,139,137.92423230235534
2025-09-12,P001,S003,122,131.4453232280639
2025-09-12,P002,S001,147,155.12489789332193
2025-09-12,P002,S002,236,203.993809604611
2025-09-12,P002,S003,127,130.81445795838576
2025-09-12,P003,S001,101,96.7082305644991
2025-09-12,P003,S002,122,111.25351630419371
2025-09-12,P003,S003,96,84.7031450624539
2025-09-12,P004,S001,193,172.36594270700564
2025-09-12,P004,S002,212,195.62479736135043
2025-09-12,P004,S003,155,155.48691640654243
2025-09-12,P005,S001,115,127.43263848320579
2025-09-12,P005,S002,134,143.76176237793186
2025-09-12,P005,S003,124,111.77976614100128
2025-09-13,P001,S001,127,126.02846855657675
2025-09-13,P001,S002,154,147.37738981546303
2025-09-13,P001,S003,138,148.21188864010514
2025-09-13,P002,S001,172,173.2634881294316
2025-09-13,P002,S002,202,190.432969399065
2025-09-13,P002,S003,156,175.41249773963995
2025-09-13,P003,S001,115,110.50167679682289
2025-09-13,P003,S002,125,124.21086755594769
2025-09-13,P003,S003,93,88.23341803092846
2025-09-13,P004,S001,193,188.60060609830046
2025-09-13,P004,S002,235,213.06826218881312
2025-09-13,P004,S003,222,215.24812220948988
2025-09-13,P005,S001,145,138.31065930887132
2025-09-13,P005,S002,155,155.78409987065302
2025-09-13,P005,S003,127,152.4519887906389
2025-09-14,P001,S001,131,127.47315795326533
2025-09-14,P001,S002,162,148.56457214152374
2025-09-14,P001,S003,109,124.81797624930536
2025-09-14,P002,S001,193,202.8913493650957
2025-09-14,P002,S002,213,231.90036677987035
2025-09-14,P002,S003,131,147.86906090418006
2025-09-14,P003,S001,129,133.95037985788724
2025-09-14,P003,S002,139,148.2584252195603
2025-09-14,P003,S003,101,87.67336663613735
2025-09-14,P004,S001,215,193.66464964217496
2025-09-14,P004,S002,230,217.00704044731918
2025-09-14,P004,S003,157,176.9054873685825
2025-09-14,P005,S001,139,137.55999910585624
2025-09-14,P005,S002,159,154.72815410758824
2025-09-14,P005,S003,151,148.41463609882973
2025-09-15,P001,S001,128,113.54208036064375
2025-09-15,P001,S002,122,136.26203260634705
2025-09-15,P001,S003,107,109.66451813582445
2025-09-15,P002,S001,165,192.65501238340693
2025-09-15,P002,S002,146,172.33516309793148
2025-09-15,P002,S003,143,130.26019159394525
2025-09-15,P003,S001,100,100.40497954240892
2025-09-15,P003,S002,113,110.88654731940323
2025-09-15,P003,S003,78,86.58936234759821
2025-09-15,P004,S001,161,172.37311237700203
2025-09-15,P004,S002,225,238.764780160908
2025-09-15,P004,S003,175,193.6233008417452
2025-09-15,P005,S001,129,130.05025489504476
2025-09-15,P005,S002,146,141.4548326905938
2025-09-15,P005,S003,109,111.38792196767372
2025-09-16,P001,S001,126,115.46306971726236
2025-09-16,P001,S002,134,137.33526059357303
2025-09-16,P001,S003,106,110.85886933976757
2025-09-16,P002,S001,155,151.4630270317917
2025-09-16,P002,S002,152,170.0948884812942
2025-09-16,P002,S003,116,129.13219591996412
2025-09-16,P003,S001,98,96.04754649231485
2025-09-16,P003,S002,114,112.2459035033379
2025-09-16,P003,S003,84,84.98547284722068
2025-09-16,P004,S001,178,171.0244858113378
2025-09-16,P004,S002,203,202.88618544608983
2025-09-16,P004,S003,145,162.16960746839047
2025-09-16,P005,S001,123,127.60230806207898
2025-09-16,P005,S002,141,141.812114968365
2025-09-16,P005,S003,114,111.60838913902572
2025-09-17,P001,S001,104,116.65848992474238
2025-09-17,P001,S002,133,134.81646501894213
2025-09-17,P001,S003,99,107.66962004329089
2025-09-17,P002,S001,154,152.65918269374686
2025-09-17,P002,S002,176,170.76487388778654
2025-09-17,P002,S003,153,128.63085393147878
2025-09-17,P003,S001,107,95.88690492718062
2025-09-17,P003,S002,109,111.09127846117599
2025-09-17,P003,S003,83,89.21272653245454
2025-09-17,P004,S001,177,169.36455245867447
2025-09-17,P004,S002,236,200.42122143216253
2025-09-17,P004,S003,165,154.24229226671477
2025-09-17,P005,S001,120,125.25442922862308
2025-09-17,P005,S002,150,144.5799476365138
2025-09-17,P005,S003,127,111.5085581121236
2025-09-18,P001,S001,112,115.75442295557038
2025-09-18,P001,S002,135,134.23896103120737
2025-09-18,P001,S003,130,108.26821337080102
2025-09-18,P002,S001,148,154.58018337901353
2025-09-18,P002,S002,188,202.35460971628567
2025-09-18,P002,S003,120,128.20549989686097
2025-09-18,P003,S001,95,94.68490203652536
2025-09-18,P003,S002,112,108.7167060537502
2025-09-18,P003,S003,108,104.08050921801363
2025-09-18,P004,S001,181,167.80950733820333
2025-09-18,P004,S002,191,199.03848987023045
2025-09-18,P004,S003,143,154.3877084329069
2025-09-18,P005,S001,139,125.29668093752649
2025-09-18,P005,S002,138,142.76522687445424
2025-09-18,P005,S003,124,110.29345599578008
2025-09-19,P001,S001,122,113.68945958595066
2025-09-19,P001,S002,148,133.39279976845054
2025-09-19,P001,S003,110,108.5780643567389
2025-09-19,P002,S001,128,154.23976540820286
2025-09-19,P002,S002,177,168.0798965988861
2025-09-19,P002,S003,135,128.84154594762396
2025-09-19,P003,S001,110,95.09593548812298
2025-09-19,P003,S002,128,108.99304999753866
2025-09-19,P003,S003,89,87.91196088300674
2025-09-19,P004,S001,166,167.05068897212237
2025-09-19,P004,S002,182,200.12405173417042
2025-09-19,P004,S003,172,182.38603242590747
2025-09-19,P005,S001,142,127.06770387440645
2025-09-19,P005,S002,179,168.6932779642743
2025-09-19,P005,S003,122,111.70568248046682
2025-09-20,P001,S001,123,127.67088773440614
2025-09-20,P001,S002,152,146.660726742212
2025-09-20,P001,S003,141,146.5250990478605
2025-09-20,P002,S001,165,197.6730845220956
2025-09-20,P002,S002,192,184.93355167159126
2025-09-20,P002,S003,149,143.71516055843887
2025-09-20,P003,S001,109,110.04124789598085
2025-09-20,P003,S002,131,123.71301751226494
2025-09-20,P003,S003,100,89.14562330344663
2025-09-20,P004,S001,252,230.67708688248035
2025-09-20,P004,S002,211,222.86796738598892
2025-09-20,P004,S003,173,173.68322874985788
2025-09-20,P005,S001,162,140.7863755281312
2025-09-20,P005,S002,214,187.03567024908355
2025-09-20,P005,S003,100,123.8132197841933
2025-09-21,P001,S001,153,154.9123125368139
2025-09-21,P001,S002,142,144.35956915715
2025-09-21,P001,S003,114,124.92498160581248
2025-09-21,P002,S001,204,200.19992731041694
2025-09-21,P002,S002,186,187.98053521419246
2025-09-21,P002,S003,159,144.58298302636905
2025-09-21,P003,S001,94,106.97817954804917
2025-09-21,P003,S002,119,123.84060593409859
2025-09-21,P003,S003,106,91.1211433329098
2025-09-21,P004,S001,170,192.54781485512248
2025-09-21,P004,S002,200,215.40631745789054
2025-09-21,P004,S003,172,169.45525403842382
2025-09-21,P005,S001,133,139.47928931979183
2025-09-21,P005,S002,154,154.92866904350376
2025-09-21,P005,S003,156,151.16241107039673
2025-09-22,P001,S001,142,141.62367312441168
2025-09-22,P001,S002,134,135.1571256868132
2025-09-22,P001,S003,101,111.77659528786056
2025-09-22,P002,S001,136,151.07613743850754
2025-09-22,P002,S002,154,168.544005230644
2025-09-22,P002,S003,132,125.82884860156182
2025-09-22,P003,S001,136,114.0354229758459
2025-09-22,P003,S002,107,110.74491168306668
2025-09-22,P003,S003,96,83.60648404869553
2025-09-22,P004,S001,178,172.27137938085306
2025-09-22,P004,S002,250,237.33005117996478
2025-09-22,P004,S003,207,192.64647822492694
2025-09-22,P005,S001,143,153.50109417581905
2025-09-22,P005,S002,165,147.59606962481968
2025-09-22,P005,S003,140,130.72704859665615
2025-09-23,P001,S001,122,114.81824833007984
2025-09-23,P001,S002,140,133.05754172680608
2025-09-23,P001,S003,113,107.98518329337931
2025-09-23,P002,S001,148,150.40869618716343
2025-09-23,P002,S002,221,196.55339678727273
2025-09-23,P002,S003,159,154.77734113411964
2025-09-23,P003,S001,123,112.03653288908795
2025-09-23,P003,S002,116,110.09680965465473
2025-09-23,P003,S003,94,84.38849088009941
2025-09-23,P004,S001,164,167.2278856712566
2025-09-23,P004,S002,208,194.54037041823838
2025-09-23,P004,S003,200,190.4943825513583
2025-09-23,P005,S001,111,130.60982798795212
2025-09-23,P005,S002,138,143.36291171337263
2025-09-23,P005,S003,107,111.5783081249461
2025-09-24,P001,S001,115,116.15888037738412
2025-09-24,P001,S002,135,135.58604836258516
2025-09-24,P001,S003,104,108.38037409775892
2025-09-24,P002,S001,183,183.01313538948583
2025-09-24,P002,S002,202,207.96320921929384
2025-09-24,P002,S003,138,128.62224359908666
2025-09-24,P003,S001,133,116.04036189627362
2025-09-24,P003,S002,111,110.92188501382948
2025-09-24,P003,S003,90,86.7962808727865
2025-09-24,P004,S001,200,203.9131164497269
2025-09-24,P004,S002,255,237.6212219006483
2025-09-24,P004,S003,158,154.69203247601644
2025-09-24,P005,S001,140,148.0211676957374
2025-09-24,P005,S002,121,138.72058352442616
2025-09-24,P005,S003,114,113.88391878829815
2025-09-25,P001,S001,137,136.47932036646796
2025-09-25,P001,S002,122,134.82583447376928
2025-09-25,P001,S003,111,108.00777641115337
2025-09-25,P002,S001,147,153.12145415656758
2025-09-25,P002,S002,164,171.00679261442033
2025-09-25,P002,S003,140,129.74741576195558
2025-09-25,P003,S001,108,128.12402283191525
2025-09-25,P003,S002,108,110.4367765785557
2025-09-25,P003,S003,96,86.29921724860965
2025-09-25,P004,S001,176,166.09590564945458
2025-09-25,P004,S002,254,246.06560399368
2025-09-25,P004,S003,165,156.7079141035907
2025-09-25,P005,S001,141,130.66268354779038
2025-09-25,P005,S002,181,171.4504109424288
2025-09-25,P005,S003,103,112.60448931989066
2025-09-26,P001,S001,145,138.37371100539139
2025-09-26,P001,S002,140,133.3914123358582
2025-09-26,P001,S003,110,106.44264654662936
2025-09-26,P002,S001,154,151.42561169144395
2025-09-26,P002,S002,168,171.19154373286244
2025-09-26,P002,S003,120,127.60682687889592
2025-09-26,P003,S001,106,101.19662672937233
2025-09-26,P003,S002,116,108.73096607458166
2025-09-26,P003,S003,88,86.35495457030501
2025-09-26,P004,S001,203,166.41868302444894
2025-09-26,P004,S002,186,200.34660493999482
2025-09-26,P004,S003,157,155.6749869292934
2025-09-26,P005,S001,133,129.75043853628745
2025-09-26,P005,S002,143,141.8277578827733
2025-09-26,P005,S003,113,111.64315756620401
2025-09-27,P001,S001,125,127.81732945129347
2025-09-27,P001,S002,133,147.1778725599091
2025-09-27,P001,S003,129,119.32704398611364
2025-09-27,P002,S001,146,167.34127494061667
2025-09-27,P002,S002,214,229.87979245101312
2025-09-27,P002,S003,134,143.31065096096717
2025-09-27,P003,S001,100,112.80591821699547
2025-09-27,P003,S002,125,121.8873900919342
2025-09-27,P003,S003,118,106.132309055066
2025-09-27,P004,S001,209,187.29982868831806
2025-09-27,P004,S002,211,221.60367658730163
2025-09-27,P004,S003,163,178.57878120219996
2025-09-27,P005,S001,128,142.14614537524315
2025-09-27,P005,S002,159,158.109125730178
2025-09-27,P005,S003,119,122.79248111494627
2025-09-28,P001,S001,134,129.83326287923464
2025-09-28,P001,S002,141,146.01441608228367
2025-09-28,P001,S003,117,120.86425080066986
2025-09-28,P002,S001,191,198.57609370776288
2025-09-28,P002,S002,186,228.6543752979049
2025-09-28,P002,S003,156,144.14881870477305
2025-09-28,P003,S001,143,131.152903370795
2025-09-28,P003,S002,117,125.36244945658913
2025-09-28,P003,S003,112,111.91753828483608
2025-09-28,P004,S001,189,187.02429478364775
2025-09-28,P004,S002,232,219.70541425241433
2025-09-28,P004,S003,190,176.05276220225852
2025-09-28,P005,S001,143,139.15995428876687
2025-09-28,P005,S002,205,192.12748252109463
2025-09-28,P005,S003,115,124.92502093855575
2025-09-29,P001,S001,117,116.1398664072856
2025-09-29,P001,S002,132,133.53442245246157
2025-09-29,P001,S003,117,130.61926989350525
2025-09-29,P002,S001,156,148.19668017680632
2025-09-29,P002,S002,233,212.29712109867253
2025-09-29,P002,S003,166,163.54817108491358
2025-09-29,P003,S001,101,103.51617178901684
2025-09-29,P003,S002,109,113.63675365638832
2025-09-29,P003,S003,93,103.85581940868293
2025-09-29,P004,S001,172,169.91734140640062
2025-09-29,P004,S002,172,200.585415643567
2025-09-29,P004,S003,177,156.91131841249572
2025-09-29,P005,S001,121,126.6001327096106
2025-09-29,P005,S002,130,143.75130004227805
2025-09-29,P005,S003,102,114.12317643104664
2025-09-30,P001,S001,117,111.66643691299674
2025-09-30,P001,S002,137,129.49052585877322
2025-09-30,P001,S003,100,109.10784886928947
2025-09-30,P002,S001,173,182.29291760314416
2025-09-30,P002,S002,215,213.64675799976166
2025-09-30,P002,S003,128,132.6503819296458
2025-09-30,P003,S001,91,99.17902044373751
2025-09-30,P003,S002,101,112.27771964194132
2025-09-30,P003,S003,76,87.2769871311609
2025-09-30,P004,S001,176,165.4043744179796
2025-09-30,P004,S002,196,204.01288587710883
2025-09-30,P004,S003,159,155.1547091924673
2025-09-30,P005,S001,116,119.62830838008743
2025-09-30,P005,S002,180,169.30781903689282
2025-09-30,P005,S003,114,111.66973697621617
2025-10-01,P001,S001,120,115.75914466089463
2025-10-01,P001,S002,134,130.97600692642408
2025-10-01,P001,S003,95,107.49886630036632
2025-10-01,P002,S001,157,150.63756220117176
2025-10-01,P002,S002,226,221.38095206305127
2025-10-01,P002,S003,138,131.44441292436488
2025-10-01,P003,S001,97,99.52321383722489
2025-10-01,P003,S002,109,109.36782401136448
2025-10-01,P003,S003,117,105.54827356555118
2025-10-01,P004,S001,171,164.78454542271456
2025-10-01,P004,S002,208,197.9080498896528
2025-10-01,P004,S003,176,158.1071089298773
2025-10-01,P005,S001,142,123.58355187680834
2025-10-01,P005,S002,148,140.89381616055508
2025-10-01,P005,S003,117,110.35733503875718
2025-10-02,P001,S001,150,146.33606718036864
2025-10-02,P001,S002,165,159.52373840905818
2025-10-02,P001,S003,138,128.8296025090106
2025-10-02,P002,S001,182,183.68455495908034
2025-10-02,P002,S002,217,210.5010970895935
2025-10-02,P002,S003,151,162.9328013044961
2025-10-02,P003,S001,125,115.43399486884377
2025-10-02,P003,S002,169,139.0843277543535
2025-10-02,P003,S003,108,98.74105191055074
2025-10-02,P004,S001,217,205.2216158486982
2025-10-02,P004,S002,295,230.1109767091569
2025-10-02,P004,S003,258,209.55017289568886
2025-10-02,P005,S001,160,157.17056718404143
2025-10-02,P005,S002,151,178.35417220266413
2025-10-02,P005,S003,130,139.1133840354906
2025-10-03,P001,S001,122,115.05593970473113
2025-10-03,P001,S002,180,157.46166580766157
2025-10-03,P001,S003,98,106.90861639244399
2025-10-03,P002,S001,172,152.6793502902326
2025-10-03,P002,S002,163,177.56001528740867
2025-10-03,P002,S003,128,130.66741318371604
2025-10-03,P003,S001,99,102.26464142488055
2025-10-03,P003,S002,101,107.62466428748752
2025-10-03,P003,S003,101,89.25045339954157
2025-10-03,P004,S001,227,198.25873966279244
2025-10-03,P004,S002,195,196.53351697629444
2025-10-03,P004,S003,158,161.05349819208143
2025-10-03,P005,S001,136,125.79019313389992
2025-10-03,P005,S002,156,141.43624174975355
2025-10-03,P005,S003,114,110.0782931096681
2025-10-04,P001,S001,138,130.8491014668381
2025-10-04,P001,S002,138,145.81269923091617
2025-10-04,P001,S003,121,120.32760269471241
2025-10-04,P002,S001,180,168.43964903975026
2025-10-04,P002,S002,171,194.66944184945172
2025-10-04,P002,S003,165,179.1018304436792
2025-10-04,P003,S001,99,113.28260976534214
2025-10-04,P003,S002,125,123.8137698632207
2025-10-04,P003,S003,115,112.27408979573914
2025-10-04,P004,S001,174,189.80901737841197
2025-10-04,P004,S002,223,220.7717734027239
2025-10-04,P004,S003,198,211.57086548642278
2025-10-04,P005,S001,131,140.1746457943716
2025-10-04,P005,S002,158,162.3527775459834
2025-10-04,P005,S003,133,126.32431615924504
2025-10-05,P001,S001,120,130.9027235887822
2025-10-05,P001,S002,186,176.1932788292505
2025-10-05,P001,S003,108,121.11423646247546
2025-10-05,P002,S001,141,173.05674097552773
2025-10-05,P002,S002,168,188.16008675597286
2025-10-05,P002,S003,169,178.18934458704348
2025-10-05,P003,S001,101,110.02238979888361
2025-10-05,P003,S002,140,124.99656057169528
2025-10-05,P003,S003,106,96.98237976302167
2025-10-05,P004,S001,212,182.6077286684205
2025-10-05,P004,S002,174,217.16662074516518
2025-10-05,P004,S003,261,218.92770339520303
2025-10-05,P005,S001,139,138.1705769236998
2025-10-05,P005,S002,193,163.57041744366742
2025-10-05,P005,S003,142,125.58079312476741
2025-10-06,P001,S001,169,140.72680363841948
2025-10-06,P001,S002,127,135.0186261434643
2025-10-06,P001,S003,106,104.50060456680832
2025-10-06,P002,S001,182,181.4708519029989
2025-10-06,P002,S002,162,173.36527360711185
2025-10-06,P002,S003,148,135.67088294207088
2025-10-06,P003,S001,109,102.39864497396306
2025-10-06,P003,S002,138,135.1952031532708
2025-10-06,P003,S003,98,91.88162405394313
2025-10-06,P004,S001,185,175.49266870444654
2025-10-06,P004,S002,262,248.24867141890212
2025-10-06,P004,S003,172,170.1374946899506
2025-10-06,P005,S001,126,126.75842924737371
2025-10-06,P005,S002,173,143.7709158145775
2025-10-06,P005,S003,120,115.76227236852172
2025-10-07,P001,S001,120,117.8672224126063
2025-10-07,P001,S002,137,135.92176277882325
2025-10-07,P001,S003,112,101.81707851625504
2025-10-07,P002,S001,147,152.549360927192
2025-10-07,P002,S002,164,178.2715655457159
2025-10-07,P002,S003,123,129.0709336603154
2025-10-07,P003,S001,80,101.56133166139418
2025-10-07,P003,S002,111,110.34398522725559
2025-10-07,P003,S003,90,88.76500142867539
2025-10-07,P004,S001,222,213.0260779902288
2025-10-07,P004,S002,202,202.9907831114963
2025-10-07,P004,S003,154,167.4496029321985
2025-10-07,P005,S001,138,125.15804877254246
2025-10-07,P005,S002,182,175.73380955849706
2025-10-07,P005,S003,142,136.81397658393803
2025-10-08,P001,S001,122,117.74762376952681
2025-10-08,P001,S002,158,135.86369167229816
2025-10-08,P001,S003,114,102.49131212649152
2025-10-08,P002,S001,182,180.67988963034296
2025-10-08,P002,S002,180,168.57314376466758
2025-10-08,P002,S003,169,157.76171311385554
2025-10-08,P003,S001,106,99.53593495137899
2025-10-08,P003,S002,152,136.0313652577642
2025-10-08,P003,S003,80,90.46149391202631
2025-10-08,P004,S001,187,175.5819083565428
2025-10-08,P004,S002,204,199.28352979495995
2025-10-08,P004,S003,151,168.26735964770523
2025-10-08,P005,S001,156,149.71475604860396
2025-10-08,P005,S002,131,143.95769585991061
2025-10-08,P005,S003,153,138.17230568328733
2025-10-09,P001,S001,122,118.0989689552149
2025-10-09,P001,S002,138,135.0872871352933
2025-10-09,P001,S003,97,101.2195978306824
2025-10-09,P002,S001,138,151.735323604049
2025-10-09,P002,S002,192,171.2747340954931
2025-10-09,P002,S003,153,163.27863660642768
2025-10-09,P003,S001,110,99.48789074814073
2025-10-09,P003,S002,122,112.31488079767244
2025-10-09,P003,S003,81,93.66783625718102
2025-10-09,P004,S001,167,173.88274541220287
2025-10-09,P004,S002,265,248.52200322896923
2025-10-09,P004,S003,164,165.0193915143809
2025-10-09,P005,S001,161,153.06158580186158
2025-10-09,P005,S002,194,174.43071464152467
2025-10-09,P005,S003,110,113.50443213167979
2025-10-10,P001,S001,114,119.15127316508739
2025-10-10,P001,S002,168,166.8049944377088
2025-10-10,P001,S003,123,126.16278423165673
2025-10-10,P002,S001,147,149.0154461430691
2025-10-10,P002,S002,161,175.01242953541987
2025-10-10,P002,S003,132,136.6692721987979
2025-10-10,P003,S001,98,102.5781907769518
2025-10-10,P003,S002,118,111.02387722706855
2025-10-10,P003,S003,124,107.1471937520254
2025-10-10,P004,S001,214,213.92216814970368
2025-10-10,P004,S002,258,242.8122689107204
2025-10-10,P004,S003,183,195.1128452980843
2025-10-10,P005,S001,127,126.53211167985786
2025-10-10,P005,S002,150,144.10305909694878
2025-10-10,P005,S003,100,113.90797990902288
2025-10-11,P001,S001,180,155.38989246840245
2025-10-11,P001,S002,163,151.3498763872007
2025-10-11,P001,S003,130,118.63375556499746
2025-10-11,P002,S001,163,166.95001966503997
2025-10-11,P002,S002,210,183.82717288185665
2025-10-11,P002,S003,175,180.22936435554467
2025-10-11,P003,S001,127,106.99812714450576
2025-10-11,P003,S002,149,150.53182418617305
2025-10-11,P003,S003,97,97.37541461885635
2025-10-11,P004,S001,185,191.20229501990963
2025-10-11,P004,S002,233,223.36361241615705
2025-10-11,P004,S003,224,214.44988848855388
2025-10-11,P005,S001,137,139.99626659305613
2025-10-11,P005,S002,167,165.8201497489439
2025-10-11,P005,S003,156,150.45917063661372
2025-10-12,P001,S001,173,160.51848598550575
2025-10-12,P001,S002,192,177.89528371220288
2025-10-12,P001,S003,113,120.21400080966936
2025-10-12,P002,S001,186,189.4994508571495
2025-10-12,P002,S002,199,191.95831899432272
2025-10-12,P002,S003,143,156.83909108171247
2025-10-12,P003,S001,140,140.340675993597
2025-10-12,P003,S002,175,158.51468132449818
2025-10-12,P003,S003,107,95.95933067257388
2025-10-12,P004,S001,188,190.3530541953961
2025-10-12,P004,S002,220,224.78295303428087
2025-10-12,P004,S003,188,185.67380794001747
2025-10-12,P005,S001,193,170.31239971915352
2025-10-12,P005,S002,166,165.90903014037482
2025-10-12,P005,S003,122,130.1887044871838
2025-10-13,P001,S001,105,151.29720383701263
2025-10-13,P001,S002,157,136.9884802770758
2025-10-13,P001,S003,106,101.20326017498154
2025-10-13,P002,S001,150,152.72637520567656
2025-10-13,P002,S002,179,175.65946066334763
2025-10-13,P002,S003,130,135.968576700776
2025-10-13,P003,S001,95,101.97343956619578
2025-10-13,P003,S002,104,112.67557028061812
2025-10-13,P003,S003,82,92.33192061264761
2025-10-13,P004,S001,197,218.63148923536681
2025-10-13,P004,S002,244,261.42315318090493
2025-10-13,P004,S003,160,163.83204328121568
2025-10-13,P005,S001,176,157.93176624332418
2025-10-13,P005,S002,172,183.76827089046586
2025-10-13,P005,S003,106,114.68303320252157
2025-10-14,P001,S001,130,122.57678455327354
2025-10-14,P001,S002,144,135.34394566666987
2025-10-14,P001,S003,102,104.12769602986882
2025-10-14,P002,S001,177,180.34758392048698
2025-10-14,P002,S002,150,173.7366769750718
2025-10-14,P002,S003,154,135.31240713167549
2025-10-14,P003,S001,121,103.72160124311962
2025-10-14,P003,S002,128,111.76858192933659
2025-10-14,P003,S003,88,89.75897693764351
2025-10-14,P004,S001,208,172.0783378973967
2025-10-14,P004,S002,206,204.3486151454755
2025-10-14,P004,S003,195,194.80194843106256
2025-10-14,P005,S001,137,165.4132545577058
2025-10-14,P005,S002,149,151.52129528761486
2025-10-14,P005,S003,117,113.6148355599294
2025-10-15,P001,S001,98,123.77226379951746
2025-10-15,P001,S002,165,167.1766052718996
2025-10-15,P001,S003,129,103.55554563002357
2025-10-15,P002,S001,166,150.78635179485542
2025-10-15,P002,S002,182,171.47230250599503
2025-10-15,P002,S003,133,135.60301653233682
2025-10-15,P003,S001,96,99.88130608907771
2025-10-15,P003,S002,141,138.23105377751338
2025-10-15,P003,S003,99,93.1171050615192
2025-10-15,P004,S001,228,218.71865773231104
2025-10-15,P004,S002,198,204.50847290985143
2025-10-15,P004,S003,173,166.64943618964884
2025-10-15,P005,S001,115,135.91096284054353
2025-10-15,P005,S002,162,150.6395858512402
2025-10-15,P005,S003,113,111.92851322724839
2025-10-16,P001,S001,107,122.62576994062862
2025-10-16,P001,S002,128,135.27415687335542
2025-10-16,P001,S003,137,129.91325577731095
2025-10-16,P002,S001,147,148.3016916298571
2025-10-16,P002,S002,183,172.79854794233975
2025-10-16,P002,S003,124,128.00424267736472
2025-10-16,P003,S001,101,99.39172770081227
2025-10-16,P003,S002,138,142.7716139754853
2025-10-16,P003,S003,86,92.10114516357396
2025-10-16,P004,S001,182,180.8691692784769
2025-10-16,P004,S002,200,201.09401829583814
2025-10-16,P004,S003,174,167.83424316238606
2025-10-16,P005,S001,130,133.4213682126697
2025-10-16,P005,S002,137,149.16514138399512
2025-10-16,P005,S003,131,111.14008636373512
2025-10-17,P001,S001,155,140.9730461465779
2025-10-17,P001,S002,139,138.56428508847108
2025-10-17,P001,S003,96,103.7797100758719
2025-10-17,P002,S001,168,181.9367956679329
2025-10-17,P002,S002,189,174.26726784573407
2025-10-17,P002,S003,131,131.863928867701
2025-10-17,P003,S001,112,127.09886132924525
2025-10-17,P003,S002,109,114.05348929914254
2025-10-17,P003,S003,85,93.42414838904216
2025-10-17,P004,S001,209,217.1414807753951
2025-10-17,P004,S002,266,240.47620211528675
2025-10-17,P004,S003,199,202.8683574893673
2025-10-17,P005,S001,141,130.07998865554384
2025-10-17,P005,S002,151,150.29806547582533
2025-10-17,P005,S003,109,111.44565206297825
2025-10-18,P001,S001,133,160.17462418493957
2025-10-18,P001,S002,157,151.83625761302255
2025-10-18,P001,S003,124,119.38117692337327
2025-10-18,P002,S001,160,167.42985197851687
2025-10-18,P002,S002,205,233.372895108976
2025-10-18,P002,S003,143,140.94329694366093
2025-10-18,P003,S001,117,112.31388073895054
2025-10-18,P003,S002,104,129.13035426501608
2025-10-18,P003,S003,111,94.58014669023352
2025-10-18,P004,S001,221,187.73248084758376
2025-10-18,P004,S002,207,219.67658870704815
2025-10-18,P004,S003,189,184.20720383061212
2025-10-18,P005,S001,172,176.61632585835218
2025-10-18,P005,S002,175,168.2834771059049
2025-10-18,P005,S003,108,127.23210322808428
2025-10-19,P001,S001,125,129.92585170129584
2025-10-19,P001,S002,144,153.05677062982602
2025-10-19,P001,S003,114,119.17934967075408
2025-10-19,P002,S001,164,168.5665564242259
2025-10-19,P002,S002,197,187.12948370744752
2025-10-19,P002,S003,174,172.67172484906735
2025-10-19,P003,S001,139,130.77962229299771
2025-10-19,P003,S002,171,152.26539623008142
2025-10-19,P003,S003,109,120.50895643045888
2025-10-19,P004,S001,204,197.36970784281075
2025-10-19,P004,S002,240,220.5285656403104
2025-10-19,P004,S003,175,186.03844867340277
2025-10-19,P005,S001,143,146.7810018482335
2025-10-19,P005,S002,162,165.7550592112996
2025-10-19,P005,S003,132,126.92608284886767
2025-10-20,P001,S001,120,119.30198885297281
2025-10-20,P001,S002,145,137.28322221202004
2025-10-20,P001,S003,104,101.90250550651191
2025-10-20,P002,S001,154,152.35906076911215
2025-10-20,P002,S002,162,172.5936216671401
2025-10-20,P002,S003,147,132.58071470849418
2025-10-20,P003,S001,113,106.5690823783844
2025-10-20,P003,S002,132,138.6043276741963
2025-10-20,P003,S003,134,114.34604692295571
2025-10-20,P004,S001,209,185.71266166077206
2025-10-20,P004,S002,213,205.990219085653
2025-10-20,P004,S003,155,167.49369916671728
2025-10-20,P005,S001,138,133.06559791043156
2025-10-20,P005,S002,164,145.58042339074325
2025-10-20,P005,S003,151,134.39076612970365
2025-10-21,P001,S001,130,116.84492411565903
2025-10-21,P001,S002,149,136.62287764886045
2025-10-21,P001,S003,126,125.97304245631818
2025-10-21,P002,S001,159,150.64068388697643
2025-10-21,P002,S002,188,172.62469550629106
2025-10-21,P002,S003,133,135.6756012121908
2025-10-21,P003,S001,97,101.00606344942896
2025-10-21,P003,S002,103,113.20869089774605
2025-10-21,P003,S003,85,93.88149886772575
2025-10-21,P004,S001,184,181.2981468421284
2025-10-21,P004,S002,223,207.75895120484086
2025-10-21,P004,S003,174,165.03596750553362
2025-10-21,P005,S001,120,132.53662592799358
2025-10-21,P005,S002,168,182.2817920704429
2025-10-21,P005,S003,136,116.656441509922
2025-10-22,P001,S001,140,136.5177262946032
2025-10-22,P001,S002,177,168.96445871816087
2025-10-22,P001,S003,138,131.2762207763642
2025-10-22,P002,S001,150,183.19191752363145
2025-10-22,P002,S002,154,174.1414677619637
2025-10-22,P002,S003,140,134.2295016179427
2025-10-22,P003,S001,103,102.12362777953473
2025-10-22,P003,S002,122,114.50813130670932
2025-10-22,P003,S003,84,92.25242964654882
2025-10-22,P004,S001,169,182.5278572866331
2025-10-22,P004,S002,199,204.3320698786507
2025-10-22,P004,S003,145,163.44238983810305
2025-10-22,P005,S001,154,153.51415879463676
2025-10-22,P005,S002,135,150.41184338702672
2025-10-22,P005,S003,110,114.48575209267858
2025-10-23,P001,S001,125,120.53146904404936
2025-10-23,P001,S002,167,164.3599308624812
2025-10-23,P001,S003,109,104.48732847258952
2025-10-23,P002,S001,145,149.48325791855206
2025-10-23,P002,S002,189,173.07990607283583
2025-10-23,P002,S003,158,156.78106001396696
2025-10-23,P003,S001,119,103.30276245177248
2025-10-23,P003,S002,106,113.99553138326245
2025-10-23,P003,S003,98,113.35121323958974
2025-10-23,P004,S001,213,221.22236638516287
2025-10-23,P004,S002,211,203.9274170523105
2025-10-23,P004,S003,148,165.2676613513122
2025-10-23,P005,S001,122,128.77710065091856
2025-10-23,P005,S002,154,145.56505859351685
2025-10-23,P005,S003,120,113.46966777039614
2025-10-24,P001,S001,143,142.918280699585
2025-10-24,P001,S002,168,169.20750046554315
2025-10-24,P001,S003,102,105.27955495648148
2025-10-24,P002,S001,163,179.3259404907957
2025-10-24,P002,S002,173,172.13291295952502
2025-10-24,P002,S003,156,159.66869666118197
2025-10-24,P003,S001,138,129.1034893157668
2025-10-24,P003,S002,115,116.29090439894202
2025-10-24,P003,S003,78,92.71479955942318
2025-10-24,P004,S001,189,182.91084578738256
2025-10-24,P004,S002,247,252.4962732222198
2025-10-24,P004,S003,159,161.57760100846872
2025-10-24,P005,S001,128,131.64343816149022
2025-10-24,P005,S002,153,149.0081553038465
2025-10-24,P005,S003,112,114.61504334120474
2025-10-25,P001,S001,140,133.7898467425892
2025-10-25,P001,S002,161,159.3859868110046
2025-10-25,P001,S003,122,119.62940265558744
2025-10-25,P002,S001,174,168.88223852259284
2025-10-25,P002,S002,217,187.15690235867945
2025-10-25,P002,S003,135,148.2557571967291
2025-10-25,P003,S001,117,116.39809100857488
2025-10-25,P003,S002,142,125.3527735919267
2025-10-25,P003,S003,94,97.31008119362151
2025-10-25,P004,S001,171,189.4091022815549
2025-10-25,P004,S002,240,224.66557241704805
2025-10-25,P004,S003,199,217.36641106646624
2025-10-25,P005,S001,147,141.4786623898977
2025-10-25,P005,S002,167,171.16704266405682
2025-10-25,P005,S003,173,145.61890386125313
2025-10-26,P001,S001,151,133.38102333437976
2025-10-26,P001,S002,174,161.37276346991078
2025-10-26,P001,S003,141,138.38855198750767
2025-10-26,P002,S001,157,170.8977001004886
2025-10-26,P002,S002,184,189.14193042412955
2025-10-26,P002,S003,175,174.10075376820456
2025-10-26,P003,S001,102,113.86352889787373
2025-10-26,P003,S002,154,158.6693709942663
2025-10-26,P003,S003,99,97.78062167854512
2025-10-26,P004,S001,234,239.82049699442706
2025-10-26,P004,S002,221,221.97082935897953
2025-10-26,P004,S003,167,174.98704937277643
2025-10-26,P005,S001,150,139.12184248435605
2025-10-26,P005,S002,164,171.74129145985168
2025-10-26,P005,S003,113,129.35101731923905
2025-10-27,P001,S001,141,124.10198395322425
2025-10-27,P001,S002,145,139.81687999461843
2025-10-27,P001,S003,114,108.43696827310552
2025-10-27,P002,S001,161,146.77659514255953
2025-10-27,P002,S002,180,177.42961414174536
2025-10-27,P002,S003,181,167.03838642738418
2025-10-27,P003,S001,101,100.35918525609239
2025-10-27,P003,S002,116,117.5147630674065
2025-10-27,P003,S003,82,90.63352072963582
2025-10-27,P004,S001,203,186.19250585811244
2025-10-27,P004,S002,234,257.0053011288892
2025-10-27,P004,S003,179,160.26462430094415
2025-10-27,P005,S001,136,129.12553891818962
2025-10-27,P005,S002,160,144.90953366364027
2025-10-27,P005,S003,122,113.25089564887726
2025-10-28,P001,S001,127,123.78141678705282
2025-10-28,P001,S002,152,140.4148187643755
2025-10-28,P001,S003,111,109.82381659965858
2025-10-28,P002,S001,215,182.22702815276833
2025-10-28,P002,S002,210,209.62749368328178
2025-10-28,P002,S003,158,138.53368509880644
2025-10-28,P003,S001,111,125.991389406603
2025-10-28,P003,S002,109,115.90944561379021
2025-10-28,P003,S003,85,89.36571010031416
2025-10-28,P004,S001,194,184.45025207218816
2025-10-28,P004,S002,212,207.2516722383009
2025-10-28,P004,S003,167,161.03764123662287
2025-10-28,P005,S001,141,128.6522662023434
2025-10-28,P005,S002,158,148.6518479809664
2025-10-28,P005,S003,125,113.77482754092313
2025-10-29,P001,S001,115,122.88750283454068
2025-10-29,P001,S002,179,173.45571239993663
2025-10-29,P001,S003,101,105.62371927414695
2025-10-29,P002,S001,142,158.5292039389704
2025-10-29,P002,S002,178,177.8278816350273
2025-10-29,P002,S003,124,137.62726242118734
2025-10-29,P003,S001,109,99.89471216721876
2025-10-29,P003,S002,144,140.41911494345013
2025-10-29,P003,S003,85,90.88854147364076
2025-10-29,P004,S001,183,185.8422606045056
2025-10-29,P004,S002,235,206.2800130367998
2025-10-29,P004,S003,162,159.8673354386626
2025-10-29,P005,S001,124,129.06623583721918
2025-10-29,P005,S002,168,183.19817761135096
2025-10-29,P005,S003,132,113.3762554806305
2025-10-30,P001,S001,121,122.56097534083563
2025-10-30,P001,S002,173,176.80119049496253
2025-10-30,P001,S003,130,130.2764392890177
2025-10-30,P002,S001,159,155.28467629473286
2025-10-30,P002,S002,171,177.8144747175519
2025-10-30,P002,S003,140,135.6266620766789
2025-10-30,P003,S001,113,97.75848792261658
2025-10-30,P003,S002,112,117.72746330834207
2025-10-30,P003,S003,91,90.15598227288709
2025-10-30,P004,S001,224,227.75341856805917
2025-10-30,P004,S002,226,212.02363384409705
2025-10-30,P004,S003,175,193.33176007809277
2025-10-30,P005,S001,143,126.18395408180149
2025-10-30,P005,S002,151,153.28581871428798
2025-10-30,P005,S003,129,115.67513007419569
2025-10-31,P001,S001,159,144.46690816016627
2025-10-31,P001,S002,155,144.50855202763353
2025-10-31,P001,S003,115,108.23807992375271
2025-10-31,P002,S001,171,152.3551570943462
2025-10-31,P002,S002,182,175.17789643161282
2025-10-31,P002,S003,150,134.07160180815055
2025-10-31,P003,S001,94,100.39765134074729
2025-10-31,P003,S002,109,116.84076975194137
2025-10-31,P003,S003,91,88.81406199302496
2025-10-31,P004,S001,204,223.18044359757187
2025-10-31,P004,S002,272,265.6987637180716
2025-10-31,P004,S003,200,194.81829576772125
2025-10-31,P005,S001,144,156.4075965333686
2025-10-31,P005,S002,158,152.46069386004007
2025-10-31,P005,S003,114,116.00501435986615
2025-11-01,P001,S001,142,138.24218163699058
2025-11-01,P001,S002,174,166.1628647414677
2025-11-01,P001,S003,153,141.13778909714725
2025-11-01,P002,S001,163,167.54886745542896
2025-11-01,P002,S002,237,224.82797819384766
2025-11-01,P002,S003,152,152.2138556725997
2025-11-01,P003,S001,119,115.72682186726674
2025-11-01,P003,S002,135,129.51219223627677
2025-11-01,P003,S003,105,92.25117554429146
2025-11-01,P004,S001,282,254.91741905901125
2025-11-01,P004,S002,229,242.77671897456705
2025-11-01,P004,S003,211,181.63234381487536
2025-11-01,P005,S001,160,180.98289544839838
2025-11-01,P005,S002,180,169.03517690520272
2025-11-01,P005,S003,173,149.79680766940794
2025-11-02,P001,S001,137,138.761551912355
2025-11-02,P001,S002,168,165.40922197025512
2025-11-02,P001,S003,113,124.17557009452965
2025-11-02,P002,S001,179,165.9222940545222
2025-11-02,P002,S002,201,187.42050643916627
2025-11-02,P002,S003,185,186.86717915866814
2025-11-02,P003,S001,114,112.56740475864004
2025-11-02,P003,S002,135,132.57182127880293
2025-11-02,P003,S003,111,95.13534899626947
2025-11-02,P004,S001,234,262.71902695953855
2025-11-02,P004,S002,289,283.71730109518967
2025-11-02,P004,S003,209,220.235744856107
2025-11-02,P005,S001,183,177.40221359235017
2025-11-02,P005,S002,193,205.306739272273
2025-11-02,P005,S003,137,133.50334060298147
2025-11-03,P001,S001,141,123.75985229469966
2025-11-03,P001,S002,151,142.84902056992283
2025-11-03,P001,S003,123,112.17993871204473
2025-11-03,P002,S001,144,157.06006887690987
2025-11-03,P002,S002,212,203.2859089692558
2025-11-03,P002,S003,146,146.9108202450929
2025-11-03,P003,S001,107,104.00586514085755
2025-11-03,P003,S002,143,148.38590233448613
2025-11-03,P003,S003,100,91.9024793233727
2025-11-03,P004,S001,275,224.23363709576878
2025-11-03,P004,S002,265,264.0026343779413
2025-11-03,P004,S003,197,199.8629333958654
2025-11-03,P005,S001,159,158.24034630623512
2025-11-03,P005,S002,155,153.65138413882298
2025-11-03,P005,S003,128,125.43829186381821
2025-11-04,P001,S001,125,123.18718937207444
2025-11-04,P001,S002,142,182.50209730873704
2025-11-04,P001,S003,108,110.47629198860567
2025-11-04,P002,S001,153,151.9927219215038
2025-11-04,P002,S002,162,179.54462840032073
2025-11-04,P002,S003,182,170.5110970226024
2025-11-04,P003,S001,124,102.45637326562331
2025-11-04,P003,S002,133,120.96485134476832
2025-11-04,P003,S003,130,106.9418961981216
2025-11-04,P004,S001,211,195.1860255135086
2025-11-04,P004,S002,246,264.51340729252684
2025-11-04,P004,S003,194,175.16435157307
2025-11-04,P005,S001,149,140.18443392684028
2025-11-04,P005,S002,157,150.52538252298527
2025-11-04,P005,S003,133,126.35613509367938
2025-11-05,P001,S001,156,153.10344904925225
2025-11-05,P001,S002,183,175.43748876736012
2025-11-05,P001,S003,124,110.5198996440222
2025-11-05,P002,S001,161,155.15630626264436
2025-11-05,P002,S002,191,178.39562338820025
2025-11-05,P002,S003,133,150.12530722004172
2025-11-05,P003,S001,113,105.29542924466749
2025-11-05,P003,S002,108,120.12899953372644
2025-11-05,P003,S003,103,93.68621562037887
2025-11-05,P004,S001,165,193.70621851503765
2025-11-05,P004,S002,238,223.05439498002
2025-11-05,P004,S003,179,172.63820236870967
2025-11-05,P005,S001,167,168.40848631637965
2025-11-05,P005,S002,243,185.24028043769968
2025-11-05,P005,S003,132,121.79538031430205
2025-11-06,P001,S001,144,125.84928904465409
2025-11-06,P001,S002,142,146.6296318438613
2025-11-06,P001,S003,120,114.88414048170182
2025-11-06,P002,S001,154,152.7738383887355
2025-11-06,P002,S002,187,181.6196454238272
2025-11-06,P002,S003,151,143.65005923591377
2025-11-06,P003,S001,112,105.2938651871005
2025-11-06,P003,S002,129,141.28669959001272
2025-11-06,P003,S003,93,92.3993803674825
2025-11-06,P004,S001,196,200.51946734693746
2025-11-06,P004,S002,219,223.91171071343513
2025-11-06,P004,S003,183,173.31449238588215
2025-11-06,P005,S001,126,144.41797005291173
2025-11-06,P005,S002,167,158.2486489953545
2025-11-06,P005,S003,142,149.13764835910132
2025-11-07,P001,S001,124,127.20873870120671
2025-11-07,P001,S002,191,178.4208025214165
2025-11-07,P001,S003,132,114.48689225179706
2025-11-07,P002,S001,163,155.12587881522077
2025-11-07,P002,S002,245,213.10832789959
2025-11-07,P002,S003,139,146.88819686054404
2025-11-07,P003,S001,118,106.44111062782676
2025-11-07,P003,S002,149,147.09837589569008
2025-11-07,P003,S003,89,91.77391296682765
2025-11-07,P004,S001,208,229.42133435336166
2025-11-07,P004,S002,260,224.79349646610254
2025-11-07,P004,S003,228,199.68446604457628
2025-11-07,P005,S001,133,145.11778838726627
2025-11-07,P005,S002,177,154.42963879812132
2025-11-07,P005,S003,113,123.88179715764973
2025-11-08,P001,S001,135,138.9515157897873
2025-11-08,P001,S002,153,164.0257059020271
2025-11-08,P001,S003,122,125.61154528853933
2025-11-08,P002,S001,197,166.53163730597745
2025-11-08,P002,S002,258,241.50284820784222
2025-11-08,P002,S003,158,153.71998242280594
2025-11-08,P003,S001,127,119.87261302487497
2025-11-08,P003,S002,111,133.14721432422496
2025-11-08,P003,S003,106,98.45551489064339
2025-11-08,P004,S001,236,207.53615681540686
2025-11-08,P004,S002,231,254.15889724695236
2025-11-08,P004,S003,202,191.18162225710734
2025-11-08,P005,S001,181,180.78970767195048
2025-11-08,P005,S002,220,205.97622548461186
2025-11-08,P005,S003,140,130.189120525308
2025-11-09,P001,S001,145,137.67896698743291
2025-11-09,P001,S002,148,167.96373339498052
2025-11-09,P001,S003,128,125.66809617783754
2025-11-09,P002,S001,210,204.09877695599468
2025-11-09,P002,S002,172,199.08745909364552
2025-11-09,P002,S003,151,159.09738960426827
2025-11-09,P003,S001,132,138.30624047441634
2025-11-09,P003,S002,171,160.0428604668858
2025-11-09,P003,S003,112,100.05118660179689
2025-11-09,P004,S001,198,216.4105653945727
2025-11-09,P004,S002,239,251.8411999001815
2025-11-09,P004,S003,167,192.14173171865986
2025-11-09,P005,S001,143,157.54275356791896
2025-11-09,P005,S002,177,177.85928431488534
2025-11-09,P005,S003,190,160.23674745532728
2025-11-10,P001,S001,140,128.94940327472239
2025-11-10,P001,S002,194,179.62827544084743
2025-11-10,P001,S003,107,114.61363844471659
2025-11-10,P002,S001,154,160.7774868536606
2025-11-10,P002,S002,177,182.4551253015775
2025-11-10,P002,S003,154,147.99832742762487
2025-11-10,P003,S001,104,107.75896217024716
2025-11-10,P003,S002,130,122.90355548654561
2025-11-10,P003,S003,116,112.9444894561063
2025-11-10,P004,S001,206,200.2931758754877
2025-11-10,P004,S002,245,218.79871132853222
2025-11-10,P004,S003,200,199.09570470089332
2025-11-10,P005,S001,145,143.84246285929413
2025-11-10,P005,S002,142,157.18696848739495
2025-11-10,P005,S003,121,126.56412461049011
2025-11-11,P001,S001,132,128.9228210028706
2025-11-11,P001,S002,170,157.85969338717265
2025-11-11,P001,S003,138,131.87530126042262
2025-11-11,P002,S001,180,155.7958137160611
2025-11-11,P002,S002,201,183.56806692737518
2025-11-11,P002,S003,137,146.3380022098645
2025-11-11,P003,S001,108,105.95142583500098
2025-11-11,P003,S002,111,123.01955558884701
2025-11-11,P003,S003,119,93.31055868600357
2025-11-11,P004,S001,189,196.06352742858272
2025-11-11,P004,S002,236,220.14557354678772
2025-11-11,P004,S003,184,173.91983566147906
2025-11-11,P005,S001,135,145.03986262604352
2025-11-11,P005,S002,150,154.11773054503973
2025-11-11,P005,S003,126,124.17631787021023
2025-11-12,P001,S001,141,124.02082938584891
2025-11-12,P001,S002,142,155.2959693182205
2025-11-12,P001,S003,129,114.66833876866595
2025-11-12,P002,S001,166,154.43804696733002
2025-11-12,P002,S002,170,182.5800469396015
2025-11-12,P002,S003,129,143.693200335698
2025-11-12,P003,S001,111,107.02412860383076
2025-11-12,P003,S002,118,117.33521937367759
2025-11-12,P003,S003,108,93.37817283804088
2025-11-12,P004,S001,203,194.73340730330895
2025-11-12,P004,S002,224,218.89336438636616
2025-11-12,P004,S003,164,170.9632589040861
2025-11-12,P005,S001,160,138.27566156719104
2025-11-12,P005,S002,146,152.3673190514121
2025-11-12,P005,S003,126,122.8725002375075
2025-11-13,P001,S001,153,155.89673970190464
2025-11-13,P001,S002,180,181.33597992979253
2025-11-13,P001,S003,102,113.15042725529976
2025-11-13,P002,S001,140,156.50850737414024
2025-11-13,P002,S002,174,180.90997040867626
2025-11-13,P002,S003,166,165.12692016933445
2025-11-13,P003,S001,104,107.14035679660468
2025-11-13,P003,S002,140,143.3202032837733
2025-11-13,P003,S003,99,93.6276654053291
2025-11-13,P004,S001,172,193.75861128600934
2025-11-13,P004,S002,270,272.55273913034415
2025-11-13,P004,S003,160,172.80276775574342
2025-11-13,P005,S001,151,158.94867823505626
2025-11-13,P005,S002,156,153.24694038868776
2025-11-13,P005,S003,149,145.72451487156636
2025-11-14,P001,S001,133,129.77078027979076
2025-11-14,P001,S002,130,156.60310574764506
2025-11-14,P001,S003,151,133.65985784270103
2025-11-14,P002,S001,154,152.15920779222924
2025-11-14,P002,S002,187,183.28938439583283
2025-11-14,P002,S003,158,145.07961724747554
2025-11-14,P003,S001,127,132.13909937254775
2025-11-14,P003,S002,148,144.79596940651797
2025-11-14,P003,S003,85,94.25353912876336
2025-11-14,P004,S001,193,194.1716915821964
2025-11-14,P004,S002,256,217.94727331236453
2025-11-14,P004,S003,190,200.6002137980483
2025-11-14,P005,S001,155,136.6498810070648
2025-11-14,P005,S002,165,154.12259347940508
2025-11-14,P005,S003,112,123.5365272456731
2025-11-15,P001,S001,122,140.64564970590126
2025-11-15,P001,S002,153,165.77481836423382
2025-11-15,P001,S003,157,152.3259616906571
2025-11-15,P002,S001,229,205.41169792013545
2025-11-15,P002,S002,261,239.82205470428264
2025-11-15,P002,S003,170,157.09333265609956
2025-11-15,P003,S001,109,120.1115594625963
2025-11-15,P003,S002,168,161.48854774196818
2025-11-15,P003,S003,100,103.78059579593095
2025-11-15,P004,S001,272,250.54527993280794
2025-11-15,P004,S002,290,241.84692038920844
2025-11-15,P004,S003,166,186.86167662948512
2025-11-15,P005,S001,171,178.1936814578396
2025-11-15,P005,S002,191,166.71611929537173
2025-11-15,P005,S003,172,163.7781398194599
2025-11-16,P001,S001,149,144.13711794844303
2025-11-16,P001,S002,142,166.42836937123337
2025-11-16,P001,S003,137,128.27323636257972
2025-11-16,P002,S001,182,172.33438839604662
2025-11-16,P002,S002,180,191.5495317819865
2025-11-16,P002,S003,163,160.6803425293532
2025-11-16,P003,S001,119,117.23020155446545
2025-11-16,P003,S002,149,163.59502725538127
2025-11-16,P003,S003,101,105.03848318060513
2025-11-16,P004,S001,270,265.67509174563725
2025-11-16,P004,S002,242,251.92389926445682
2025-11-16,P004,S003,209,185.69557835873286
2025-11-16,P005,S001,143,151.3598064392178
2025-11-16,P005,S002,213,211.13396032684625
2025-11-16,P005,S003,125,134.74167297966912
2025-11-17,P001,S001,121,128.48044998903748
2025-11-17,P001,S002,163,150.19020409793163
2025-11-17,P001,S003,119,114.64584712846926
2025-11-17,P002,S001,202,188.13507595109567
2025-11-17,P002,S002,181,180.4177657337502
2025-11-17,P002,S003,123,143.09898898154225
2025-11-17,P003,S001,116,107.36761462574239
2025-11-17,P003,S002,123,121.03273816298079
2025-11-17,P003,S003,93,96.14588229454438
2025-11-17,P004,S001,175,198.18016470685316
2025-11-17,P004,S002,199,231.14790200934675
2025-11-17,P004,S003,217,200.81918994853186
2025-11-17,P005,S001,165,170.55892092180693
2025-11-17,P005,S002,168,161.91101997780768
2025-11-17,P005,S003,138,124.54420013115967
2025-11-18,P001,S001,131,126.52798467678699
2025-11-18,P001,S002,173,187.10023976865938
2025-11-18,P001,S003,128,139.6183781177973
2025-11-18,P002,S001,138,161.1521176788898
2025-11-18,P002,S002,183,175.62134909902187
2025-11-18,P002,S003,147,143.97496071017042
2025-11-18,P003,S001,106,104.51047834447547
2025-11-18,P003,S002,169,148.95135830079795
2025-11-18,P003,S003,97,94.94549723936622
2025-11-18,P004,S001,187,199.07005504673347
2025-11-18,P004,S002,266,265.7136894304526
2025-11-18,P004,S003,165,168.83997662081632
2025-11-18,P005,S001,124,142.28758756499778
2025-11-18,P005,S002,167,161.00855407737257
2025-11-18,P005,S003,125,126.00150263129117
2025-11-19,P001,S001,113,128.11749674905855
2025-11-19,P001,S002,182,187.00865884786487
2025-11-19,P001,S003,140,140.09773307901256
2025-11-19,P002,S001,167,154.40038234041936
2025-11-19,P002,S002,200,214.68561755571145
2025-11-19,P002,S003,133,143.73040344871845
2025-11-19,P003,S001,106,105.22050557326664
2025-11-19,P003,S002,122,124.29888567495455
2025-11-19,P003,S003,95,94.99360583085218
2025-11-19,P004,S001,193,193.98487547746376
2025-11-19,P004,S002,253,268.2761362409734
2025-11-19,P004,S003,188,172.00475919052124
2025-11-19,P005,S001,144,142.44618391148327
2025-11-19,P005,S002,162,161.0930109249411
2025-11-19,P005,S003,121,126.78159825625444
2025-11-20,P001,S001,134,126.4509375338714
2025-11-20,P001,S002,157,151.65555026346203
2025-11-20,P001,S003,148,138.83453019080594
2025-11-20,P002,S001,146,156.31704194115997
2025-11-20,P002,S002,191,182.20006798475424
2025-11-20,P002,S003,127,145.31104714566484
2025-11-20,P003,S001,111,106.76693394380814
2025-11-20,P003,S002,127,120.46351537678001
2025-11-20,P003,S003,99,92.99899296001988
2025-11-20,P004,S001,194,196.78019851375404
2025-11-20,P004,S002,219,228.2669282261856
2025-11-20,P004,S003,172,174.4511457255335
2025-11-20,P005,S001,139,143.02140567525012
2025-11-20,P005,S002,195,189.42757911940996
2025-11-20,P005,S003,120,125.81225616948413
2025-11-21,P001,S001,128,125.59092203728507
2025-11-21,P001,S002,179,185.22257679150061
2025-11-21,P001,S003,128,118.06461995606729
2025-11-21,P002,S001,176,155.23099754279087
2025-11-21,P002,S002,174,182.80664673660524
2025-11-21,P002,S003,144,140.07116692410614
2025-11-21,P003,S001,112,103.93121281584347
2025-11-21,P003,S002,124,147.43316724366102
2025-11-21,P003,S003,101,92.88687924169479
2025-11-21,P004,S001,179,194.77291208952298
2025-11-21,P004,S002,236,219.31340112542685
2025-11-21,P004,S003,223,202.5955074557795
2025-11-21,P005,S001,134,146.7704438464442
2025-11-21,P005,S002,189,196.7234250528025
2025-11-21,P005,S003,137,123.45333402218698
2025-11-22,P001,S001,127,141.11231281498004
2025-11-22,P001,S002,218,201.97099466832188
2025-11-22,P001,S003,164,157.86223179449973
2025-11-22,P002,S001,181,175.7854643878653
2025-11-22,P002,S002,184,194.17116445523433
2025-11-22,P002,S003,146,154.7153697875696
2025-11-22,P003,S001,147,140.89872773397488
2025-11-22,P003,S002,135,134.45900082208388
2025-11-22,P003,S003,108,99.4393570407319
2025-11-22,P004,S001,212,212.5604110310699
2025-11-22,P004,S002,247,247.00882439148842
2025-11-22,P004,S003,221,189.27807730895697
2025-11-22,P005,S001,132,146.0315186297836
2025-11-22,P005,S002,178,180.0508326539517
2025-11-22,P005,S003,117,137.64875916893567
2025-11-23,P001,S001,144,139.2078067958873
2025-11-23,P001,S002,169,172.81377590572393
2025-11-23,P001,S003,130,128.94916250411958
2025-11-23,P002,S001,176,176.18226168364228
2025-11-23,P002,S002,166,190.72325202742732
2025-11-23,P002,S003,176,151.0607944466524
2025-11-23,P003,S001,116,143.76407224376072
2025-11-23,P003,S002,149,138.16714446900713
2025-11-23,P003,S003,111,101.03692458960454
2025-11-23,P004,S001,210,211.58382547446968
2025-11-23,P004,S002,252,245.64642313936085
2025-11-23,P004,S003,195,189.76975860087626
2025-11-23,P005,S001,135,148.1447705358367
2025-11-23,P005,S002,156,173.95527891091015
2025-11-23,P005,S003,158,132.3518729975305
2025-11-24,P001,S001,128,125.95129731409804
2025-11-24,P001,S002,123,152.0508384282556
2025-11-24,P001,S003,128,145.07675543327076
2025-11-24,P002,S001,173,156.15289004906353
2025-11-24,P002,S002,165,180.81437204640469
2025-11-24,P002,S003,150,140.6692419981979
2025-11-24,P003,S001,107,103.51681501268773
2025-11-24,P003,S002,149,155.89099877285588
2025-11-24,P003,S003,96,95.0283455217168
2025-11-24,P004,S001,195,192.7789046062297
2025-11-24,P004,S002,206,223.6653009600479
2025-11-24,P004,S003,189,181.0820757792044
2025-11-24,P005,S001,192,167.28608311010885
2025-11-24,P005,S002,134,159.6502858174033
2025-11-24,P005,S003,141,157.72409120824136
2025-11-25,P001,S001,148,151.65855429151165
2025-11-25,P001,S002,151,148.9080291322026
2025-11-25,P001,S003,122,122.7262885226229
2025-11-25,P002,S001,172,160.85174595296346
2025-11-25,P002,S002,202,181.05624103150024
2025-11-25,P002,S003,143,142.8389665628489
2025-11-25,P003,S001,110,105.40427676805908
2025-11-25,P003,S002,142,156.0948232241615
2025-11-25,P003,S003,130,116.94615364341963
2025-11-25,P004,S001,197,193.25482085999664
2025-11-25,P004,S002,211,217.75227319966757
2025-11-25,P004,S003,200,212.72552677538314
2025-11-25,P005,S001,179,165.7811648641821
2025-11-25,P005,S002,170,159.09973083276384
2025-11-25,P005,S003,151,154.26375492840057
2025-11-26,P001,S001,123,127.32619582165773
2025-11-26,P001,S002,141,149.53980381016035
2025-11-26,P001,S003,115,117.01544929090512
2025-11-26,P002,S001,186,188.48638305766727
2025-11-26,P002,S002,197,179.5166277529661
2025-11-26,P002,S003,137,140.22972350463
2025-11-26,P003,S001,109,106.18453863753206
2025-11-26,P003,S002,84,122.12412194055948
2025-11-26,P003,S003,76,97.89258659086872
2025-11-26,P004,S001,228,192.51794174360643
2025-11-26,P004,S002,247,272.1641455344192
2025-11-26,P004,S003,180,181.00971714819843
2025-11-26,P005,S001,167,170.177357068628
2025-11-26,P005,S002,153,157.85125236839625
2025-11-26,P005,S003,126,125.78137285607409
2025-11-27,P001,S001,128,126.74786722485895
2025-11-27,P001,S002,131,148.67953268611768
2025-11-27,P001,S003,121,118.1753593897502
2025-11-27,P002,S001,219,189.97798370081068
2025-11-27,P002,S002,191,179.364676731765
2025-11-27,P002,S003,156,142.68970797823175
2025-11-27,P003,S001,112,106.60283120311065
2025-11-27,P003,S002,154,150.3173599431829
2025-11-27,P003,S003,122,119.76471638079934
2025-11-27,P004,S001,221,187.98791465899944
2025-11-27,P004,S002,189,225.00435968181293
2025-11-27,P004,S003,197,213.34458711676612
2025-11-27,P005,S001,151,170.0384042614378
2025-11-27,P005,S002,155,157.7418084109303
2025-11-27,P005,S003,132,125.4897590401515
2025-11-28,P001,S001,127,124.3425711169636
2025-11-28,P001,S002,140,150.408196463259
2025-11-28,P001,S003,113,118.26324373083492
2025-11-28,P002,S001,209,203.32346464687282
2025-11-28,P002,S002,222,216.45732444026567
2025-11-28,P002,S003,128,144.7993106873347
2025-11-28,P003,S001,132,133.83688618253092
2025-11-28,P003,S002,132,123.92082924974056
2025-11-28,P003,S003,99,97.67841226826579
2025-11-28,P004,S001,243,232.29226417480587
2025-11-28,P004,S002,224,219.62811604642772
2025-11-28,P004,S003,192,216.22582305113198
2025-11-28,P005,S001,140,143.56115649035348
2025-11-28,P005,S002,146,161.08867716298576
2025-11-28,P005,S003,134,127.41280814730506
2025-11-29,P001,S001,145,138.32062351129258
2025-11-29,P001,S002,171,164.61057083881886
2025-11-29,P001,S003,148,127.62524566038527
2025-11-29,P002,S001,185,184.724382906288
2025-11-29,P002,S002,239,241.36515738922242
2025-11-29,P002,S003,169,147.79438397522242
2025-11-29,P003,S001,132,121.89708674168963
2025-11-29,P003,S002,127,134.37888247904056
2025-11-29,P003,S003,144,126.73145599704826
2025-11-29,P004,S001,243,253.91904828163314
2025-11-29,P004,S002,234,237.93652685760236
2025-11-29,P004,S003,215,187.59424953273844
2025-11-29,P005,S001,189,184.84035967216903
2025-11-29,P005,S002,194,173.81990008894616
2025-11-29,P005,S003,168,170.4384947100973
2025-11-30,P001,S001,139,140.3493501156996
2025-11-30,P001,S002,190,189.71426808689674
2025-11-30,P001,S003,125,130.36702100185238
2025-11-30,P002,S001,176,185.6173501602243
2025-11-30,P002,S002,229,193.6961116000013
2025-11-30,P002,S003,183,155.80787216664055
2025-11-30,P003,S001,114,120.20260631364252
2025-11-30,P003,S002,169,173.71604259165332
2025-11-30,P003,S003,105,109.65842059563678
2025-11-30,P004,S001,229,253.22723452031707
2025-11-30,P004,S002,263,241.35506093130732
2025-11-30,P004,S003,218,196.85249705890521
2025-11-30,P005,S001,150,160.3616242833964
2025-11-30,P005,S002,163,171.42838302566463
2025-11-30,P005,S003,142,143.08110078659726
2025-12-01,P001,S001,130,126.08375354989866
2025-12-01,P001,S002,146,152.35803846392255
2025-12-01,P001,S003,112,120.34389854319232
2025-12-01,P002,S001,192,170.23317705913806
2025-12-01,P002,S002,239,225.57041825617202
2025-12-01,P002,S003,162,148.2479624405952
2025-12-01,P003,S001,120,114.55141750320534
2025-12-01,P003,S002,133,126.12055236172488
2025-12-01,P003,S003,108,100.82724474772735
2025-12-01,P004,S001,209,196.12101684963645
2025-12-01,P004,S002,232,213.4272134201583
2025-12-01,P004,S003,167,190.2308016789926
2025-12-01,P005,S001,167,144.7743251188053
2025-12-01,P005,S002,160,163.47376218477513
2025-12-01,P005,S003,138,131.125434476772
2025-12-02,P001,S001,129,124.00800564322161
2025-12-02,P001,S002,154,152.5581893861214
2025-12-02,P001,S003,133,119.50081398381032
2025-12-02,P002,S001,154,171.092128318448
2025-12-02,P002,S002,155,189.06815498830804
2025-12-02,P002,S003,171,177.10916349394927
2025-12-02,P003,S001,120,114.43383571616285
2025-12-02,P003,S002,124,124.8160797847233
2025-12-02,P003,S003,97,104.97214983341813
2025-12-02,P004,S001,227,239.09665831816088
2025-12-02,P004,S002,223,216.8243896320182
2025-12-02,P004,S003,191,184.474052033364
2025-12-02,P005,S001,153,147.4832647403765
2025-12-02,P005,S002,208,186.60127226245976
2025-12-02,P005,S003,139,128.1855772098988
2025-12-03,P001,S001,151,124.98471483843818
2025-12-03,P001,S002,146,149.9528053315149
2025-12-03,P001,S003,131,121.86300855433456
2025-12-03,P002,S001,214,193.85600857422156
2025-12-03,P002,S002,176,190.90234767182847
2025-12-03,P002,S003,157,146.8748725996226
2025-12-03,P003,S001,98,113.30474144034063
2025-12-03,P003,S002,182,150.65238889389332
2025-12-03,P003,S003,104,98.55251891450051
2025-12-03,P004,S001,210,195.9119212746318
2025-12-03,P004,S002,209,217.3082301807668
2025-12-03,P004,S003,174,187.73646050152976
2025-12-03,P005,S001,175,175.93458419562464
2025-12-03,P005,S002,195,162.65697213590073
2025-12-03,P005,S003,153,158.08589658537628
2025-12-04,P001,S001,133,128.00030326611378
2025-12-04,P001,S002,150,151.2328960817949
2025-12-04,P001,S003,116,122.20990953871302
2025-12-04,P002,S001,203,197.49782838873801
2025-12-04,P002,S002,206,188.7355213080478
2025-12-04,P002,S003,156,145.29520129837482
2025-12-04,P003,S001,106,113.91204847680692
2025-12-04,P003,S002,183,157.8549139115314
2025-12-04,P003,S003,109,103.73084012216994
2025-12-04,P004,S001,234,196.44061923905554
2025-12-04,P004,S002,239,216.89206049525373
2025-12-04,P004,S003,184,186.20186885828738
2025-12-04,P005,S001,188,177.68864245354317
2025-12-04,P005,S002,195,164.26475206533667
2025-12-04,P005,S003,160,129.97987210012204
2025-12-05,P001,S001,162,152.74538016191326
2025-12-05,P001,S002,173,152.55224730251254
2025-12-05,P001,S003,134,121.71747271277944
2025-12-05,P002,S001,177,173.25590844157566
2025-12-05,P002,S002,251,186.12025014706225
2025-12-05,P002,S003,154,142.1076862220769
2025-12-05,P003,S001,113,112.81213379181871
2025-12-05,P003,S002,141,135.568489457438
2025-12-05,P003,S003,117,120.57045014340234
2025-12-05,P004,S001,223,193.588094030518
2025-12-05,P004,S002,231,218.30606797541114
2025-12-05,P004,S003,174,189.35831524562036
2025-12-05,P005,S001,166,150.1068501061846
2025-12-05,P005,S002,215,198.15198360748738
2025-12-05,P005,S003,134,134.12119763015622
2025-12-06,P001,S001,171,141.0590668039176
2025-12-06,P001,S002,173,166.16593562891362
2025-12-06,P001,S003,136,133.28211927982144
2025-12-06,P002,S001,216,187.01306515339235
2025-12-06,P002,S002,232,200.14345540821836
2025-12-06,P002,S003,177,161.64556963012487
2025-12-06,P003,S001,123,120.83256693540802
2025-12-06,P003,S002,130,148.11665465620982
2025-12-06,P003,S003,118,112.42875497174394
2025-12-06,P004,S001,206,217.43264016942808
2025-12-06,P004,S002,254,243.79871607425943
2025-12-06,P004,S003,190,188.76364429788907
2025-12-06,P005,S001,147,159.63897902791655
2025-12-06,P005,S002,173,186.2824973341502
2025-12-06,P005,S003,188,176.5839860056094
2025-12-07,P001,S001,151,145.68779551979665
2025-12-07,P001,S002,155,170.71975500683956
2025-12-07,P001,S003,132,133.46797723355073
2025-12-07,P002,S001,201,191.24626825232303
2025-12-07,P002,S002,173,196.8706995198431
2025-12-07,P002,S003,174,164.43831133737694
2025-12-07,P003,S001,125,142.76421506449776
2025-12-07,P003,S002,143,148.52395178711905
2025-12-07,P003,S003,117,110.9159477973007
2025-12-07,P004,S001,243,221.9907814705291
2025-12-07,P004,S002,281,248.0463465521408
2025-12-07,P004,S003,221,194.80007926932893
2025-12-07,P005,S001,206,193.18342290808167
2025-12-07,P005,S002,214,185.33579108840505
2025-12-07,P005,S003,155,150.7203562377166
2025-12-08,P001,S001,127,131.00056320517717
2025-12-08,P001,S002,181,178.8663418368483
2025-12-08,P001,S003,137,148.93372195415094
2025-12-08,P002,S001,172,177.692011551572
2025-12-08,P002,S002,194,189.17275475328768
2025-12-08,P002,S003,143,146.17386944550543
2025-12-08,P003,S001,113,113.67263509583375
2025-12-08,P003,S002,161,160.21408877583977
2025-12-08,P003,S003,123,120.66936626486256
2025-12-08,P004,S001,238,203.1162766218773
2025-12-08,P004,S002,203,220.5909576948464
2025-12-08,P004,S003,183,184.4074836405425
2025-12-08,P005,S001,159,147.59623082494556
2025-12-08,P005,S002,173,171.27863345722915
2025-12-08,P005,S003,160,170.30035348288195
2025-12-09,P001,S001,125,134.61521000971857
2025-12-09,P001,S002,174,157.69947647847943
2025-12-09,P001,S003,112,123.79150464673356
2025-12-09,P002,S001,215,199.37597493250217
2025-12-09,P002,S002,201,186.15086298894178
2025-12-09,P002,S003,173,142.55399137667894
2025-12-09,P003,S001,108,114.36234418284239
2025-12-09,P003,S002,162,169.45395908602055
2025-12-09,P003,S003,118,123.43012245475111
2025-12-09,P004,S001,214,200.2688449355082
2025-12-09,P004,S002,231,217.0932790283331
2025-12-09,P004,S003,193,190.0713922896849
2025-12-09,P005,S001,182,181.10208092289568
2025-12-09,P005,S002,161,165.90212829546624
2025-12-09,P005,S003,151,171.92231177727496
2025-12-10,P001,S001,137,126.40770417613436
2025-12-10,P001,S002,179,156.03678555032
2025-12-10,P001,S003,130,121.04140021644167
2025-12-10,P002,S001,167,178.28322113406466
2025-12-10,P002,S002,215,187.2011676628325
2025-12-10,P002,S003,161,144.10324277560676
2025-12-10,P003,S001,123,110.71861730793715
2025-12-10,P003,S002,130,139.32019839214365
2025-12-10,P003,S003,131,121.02838021848726
2025-12-10,P004,S001,262,241.15498988399784
2025-12-10,P004,S002,240,219.21470967817865
2025-12-10,P004,S003,177,189.0354550912408
2025-12-10,P005,S001,154,147.47458434805642
2025-12-10,P005,S002,215,199.59337119130865
2025-12-10,P005,S003,114,138.57323709174818
2025-12-11,P001,S001,143,128.20568952895235
2025-12-11,P001,S002,173,159.19682524828121
2025-12-11,P001,S003,133,122.47190011679511
2025-12-11,P002,S001,162,182.06473387581644
2025-12-11,P002,S002,237,226.16336392035046
2025-12-11,P002,S003,166,181.5374132035621
2025-12-11,P003,S001,144,132.93004313310104
2025-12-11,P003,S002,156,163.52952845153217
2025-12-11,P003,S003,116,108.03791013978562
2025-12-11,P004,S001,216,203.8228143574262
2025-12-11,P004,S002,224,224.4108562412174
2025-12-11,P004,S003,192,188.33110480427288
2025-12-11,P005,S001,138,149.03117238659675
2025-12-11,P005,S002,163,170.9960967807349
2025-12-11,P005,S003,142,136.43526644998875
2025-12-12,P001,S001,125,129.83652958142224
2025-12-12,P001,S002,171,154.28757201226708
2025-12-12,P001,S003,122,123.1615614615433
2025-12-12,P002,S001,168,175.6124562269301
2025-12-12,P002,S002,246,225.251387931921
2025-12-12,P002,S003,137,145.64259694390572
2025-12-12,P003,S001,111,112.65801853371087
2025-12-12,P003,S002,128,135.76018393197356
2025-12-12,P003,S003,120,125.87785645857842
2025-12-12,P004,S001,235,202.24798292557116
2025-12-12,P004,S002,262,215.9499137023321
2025-12-12,P004,S003,226,216.03983399767353
2025-12-12,P005,S001,167,151.382010717224
2025-12-12,P005,S002,159,166.78688709619837
2025-12-12,P005,S003,127,137.653215989291
2025-12-13,P001,S001,142,142.14813933310413
2025-12-13,P001,S002,194,173.1319812203191
2025-12-13,P001,S003,172,159.52944769272256
2025-12-13,P002,S001,230,222.9341277803078
2025-12-13,P002,S002,205,204.54124675996948
2025-12-13,P002,S003,203,197.5581672306451
2025-12-13,P003,S001,126,122.46196728230917
2025-12-13,P003,S002,173,175.8885205414856
2025-12-13,P003,S003,147,137.12312260131563
2025-12-13,P004,S001,251,231.4354341324526
2025-12-13,P004,S002,245,246.65418336728646
2025-12-13,P004,S003,212,192.29248072434098
2025-12-13,P005,S001,215,197.99344356941646
2025-12-13,P005,S002,170,188.28288620433145
2025-12-13,P005,S003,164,179.07463568633815
2025-12-14,P001,S001,142,144.4629547202668
2025-12-14,P001,S002,205,202.99946302472034
2025-12-14,P001,S003,137,134.63621519918857
2025-12-14,P002,S001,181,185.33697053338815
2025-12-14,P002,S002,216,208.82538736839365
2025-12-14,P002,S003,184,166.29530756253544
2025-12-14,P003,S001,138,124.41571581400629
2025-12-14,P003,S002,186,179.20695975992538
2025-12-14,P003,S003,108,119.27268670381909
2025-12-14,P004,S001,237,235.1350942146519
2025-12-14,P004,S002,257,252.4418709667525
2025-12-14,P004,S003,222,239.47235158269967
2025-12-14,P005,S001,157,170.53348766715314
2025-12-14,P005,S002,199,187.533650966616
2025-12-14,P005,S003,155,146.4851003228583
2025-12-15,P001,S001,142,153.1360867006016
2025-12-15,P001,S002,158,155.36533127386028
2025-12-15,P001,S003,126,124.66857856067219
2025-12-15,P002,S001,172,179.34549319248018
2025-12-15,P002,S002,231,193.12056385925737
2025-12-15,P002,S003,146,147.58538298981713
2025-12-15,P003,S001,117,115.11100877513009
2025-12-15,P003,S002,173,170.85820937653673
2025-12-15,P003,S003,95,112.5478801994789
2025-12-15,P004,S001,249,253.72726192276087
2025-12-15,P004,S002,257,218.26897914712146
2025-12-15,P004,S003,183,187.62198493929526
2025-12-15,P005,S001,153,152.3625142683898
2025-12-15,P005,S002,166,168.90018221770057
2025-12-15,P005,S003,138,136.88269561484273
2025-12-16,P001,S001,165,155.9121972990675
2025-12-16,P001,S002,151,154.7465300769277
2025-12-16,P001,S003,120,122.74884610358677
2025-12-16,P002,S001,201,204.50762997051967
2025-12-16,P002,S002,254,227.46990948662614
2025-12-16,P002,S003,159,147.5441389450547
2025-12-16,P003,S001,144,134.3005854986517
2025-12-16,P003,S002,129,142.22721258847363
2025-12-16,P003,S003,88,107.6653054384341
2025-12-16,P004,S001,212,208.86266062695475
2025-12-16,P004,S002,305,267.94539213351584
2025-12-16,P004,S003,231,227.29335749871044
2025-12-16,P005,S001,142,154.353157421311
2025-12-16,P005,S002,166,169.9263475705796
2025-12-16,P005,S003,110,133.65297165719127
2025-12-17,P001,S001,133,133.2125284915678
2025-12-17,P001,S002,159,151.4986288217502
2025-12-17,P001,S003,121,123.07692673872394
2025-12-17,P002,S001,197,207.8415471807604
2025-12-17,P002,S002,195,194.33595845964751
2025-12-17,P002,S003,185,180.76472080880484
2025-12-17,P003,S001,119,113.93397309716424
2025-12-17,P003,S002,134,139.70865828995997
2025-12-17,P003,S003,95,105.05833586103438
2025-12-17,P004,S001,244,258.30722768204015
2025-12-17,P004,S002,211,231.44633330115875
2025-12-17,P004,S003,231,225.31129381810996
2025-12-17,P005,S001,161,153.09220402065256
2025-12-17,P005,S002,209,199.03383112802226
2025-12-17,P005,S003,135,132.1008158217772
2025-12-18,P001,S001,155,131.00694689027011
2025-12-18,P001,S002,208,185.78924759921458
2025-12-18,P001,S003,130,122.82145892577074
2025-12-18,P002,S001,204,200.93518603700224
2025-12-18,P002,S002,178,199.06512944000443
2025-12-18,P002,S003,168,148.85309245941968
2025-12-18,P003,S001,121,113.88101432187085
2025-12-18,P003,S002,185,169.0987587673335
2025-12-18,P003,S003,110,102.6923958258589
2025-12-18,P004,S001,194,209.34623438489612
2025-12-18,P004,S002,240,227.39188718975808
2025-12-18,P004,S003,226,221.03622791037643
2025-12-18,P005,S001,142,153.0003562230254
2025-12-18,P005,S002,185,169.2486779172625
2025-12-18,P005,S003,141,133.33366588906452
2025-12-19,P001,S001,139,133.82681719057092
2025-12-19,P001,S002,164,156.88279867477297
2025-12-19,P001,S003,130,123.29988503651057
2025-12-19,P002,S001,256,209.0995901618806
2025-12-19,P002,S002,191,197.128893321698
2025-12-19,P002,S003,145,155.85030881373524
2025-12-19,P003,S001,122,134.4655198362663
2025-12-19,P003,S002,124,140.06654180840232
2025-12-19,P003,S003,91,103.92479705182598
2025-12-19,P004,S001,235,207.17193854077635
2025-12-19,P004,S002,300,270.68294562053444
2025-12-19,P004,S003,198,186.06658907758893
2025-12-19,P005,S001,166,155.09997554803724
2025-12-19,P005,S002,180,172.584216963592
2025-12-19,P005,S003,153,131.84769676747828
2025-12-20,P001,S001,169,145.12473336503973
2025-12-20,P001,S002,222,210.46498495729432
2025-12-20,P001,S003,158,133.40900685494415
2025-12-20,P002,S001,204,197.91934347596853
2025-12-20,P002,S002,222,217.0876465654874
2025-12-20,P002,S003,187,163.31653157545068
2025-12-20,P003,S001,154,149.80249873256253
2025-12-20,P003,S002,150,153.1271128231504
2025-12-20,P003,S003,114,113.28590737852612
2025-12-20,P004,S001,283,276.8117529179627
2025-12-20,P004,S002,278,256.53280155007974
2025-12-20,P004,S003,253,208.08701856925754
2025-12-20,P005,S001,178,201.8970595474788
2025-12-20,P005,S002,200,185.71039280473568
2025-12-20,P005,S003,158,142.11174997332387
2025-12-21,P001,S001,149,147.3046910051378
2025-12-21,P001,S002,175,176.87111553674654
2025-12-21,P001,S003,137,131.60124957301042
2025-12-21,P002,S001,205,192.72142164167533
2025-12-21,P002,S002,235,216.08517233220445
2025-12-21,P002,S003,177,173.6364497470408
2025-12-21,P003,S001,151,129.06392888688111
2025-12-21,P003,S002,160,176.9521603754863
2025-12-21,P003,S003,109,110.23354231348716
2025-12-21,P004,S001,239,239.6642007110967
2025-12-21,P004,S002,284,300.0742291972733
2025-12-21,P004,S003,230,208.887698588735
2025-12-21,P005,S001,163,167.9314089253325
2025-12-21,P005,S002,214,184.44499373403522
2025-12-21,P005,S003,158,144.85751280631564
2025-12-22,P001,S001,152,137.23863223481027
2025-12-22,P001,S002,160,156.8112705653265
2025-12-22,P001,S003,164,151.4299126474875
2025-12-22,P002,S001,233,213.38650306148105
2025-12-22,P002,S002,197,196.5493469858315
2025-12-22,P002,S003,161,154.71364218654583
2025-12-22,P003,S001,119,114.76723232250211
2025-12-22,P003,S002,128,145.2999989722825
2025-12-22,P003,S003,107,106.17119716055356
2025-12-22,P004,S001,254,268.338085391754
2025-12-22,P004,S002,310,276.1834170042848
2025-12-22,P004,S003,192,191.14451482603215
2025-12-22,P005,S001,197,185.05289742797197
2025-12-22,P005,S002,199,168.6802601116204
2025-12-22,P005,S003,160,160.00652362571208
2025-12-23,P001,S001,142,137.07927842562918
2025-12-23,P001,S002,155,152.8002335375324
2025-12-23,P001,S003,119,122.81557349206085
2025-12-23,P002,S001,173,185.34769730710036
2025-12-23,P002,S002,227,197.78426798395103
2025-12-23,P002,S003,166,151.90646176209412
2025-12-23,P003,S001,123,115.17757399106743
2025-12-23,P003,S002,140,140.76343776600928
2025-12-23,P003,S003,100,105.49517817233932
2025-12-23,P004,S001,198,216.25567332486912
2025-12-23,P004,S002,231,237.9197584421297
2025-12-23,P004,S003,158,193.51219667333865
2025-12-23,P005,S001,161,159.0114124308354
2025-12-23,P005,S002,191,172.90398825260988
2025-12-23,P005,S003,151,140.55136899164643
2025-12-24,P001,S001,164,159.5348404009132
2025-12-24,P001,S002,168,149.80534964772932
2025-12-24,P001,S003,157,149.1761728331653
2025-12-24,P002,S001,171,182.03805256265497
2025-12-24,P002,S002,239,241.5211823801198
2025-12-24,P002,S003,185,184.25178756928497
2025-12-24,P003,S001,127,114.37161594573726
2025-12-24,P003,S002,118,139.5877630245571
2025-12-24,P003,S003,103,126.3784237776112
2025-12-24,P004,S001,224,215.33610352596756
2025-12-24,P004,S002,300,272.4426683364795
2025-12-24,P004,S003,231,225.00031678669205
2025-12-24,P005,S001,178,157.19236744725512
2025-12-24,P005,S002,181,174.41752959946115
2025-12-24,P005,S003,137,138.18468365784543
2025-12-25,P001,S001,190,166.3176994051914
2025-12-25,P001,S002,191,203.381174501668
2025-12-25,P001,S003,162,154.44918464423864
2025-12-25,P002,S001,219,220.80423009098737
2025-12-25,P002,S002,324,262.80726147089916
2025-12-25,P002,S003,168,187.4226539732198
2025-12-25,P003,S001,158,145.69091391088696
2025-12-25,P003,S002,172,195.71129543373286
2025-12-25,P003,S003,146,117.03054245876679
2025-12-25,P004,S001,258,226.1525485588757
2025-12-25,P004,S002,294,255.75568505398095
2025-12-25,P004,S003,286,259.3854878826883
2025-12-25,P005,S001,189,196.52823535335497
2025-12-25,P005,S002,261,226.7890938424321
2025-12-25,P005,S003,233,200.64975733311664
2025-12-26,P001,S001,179,167.27946614754362
2025-12-26,P001,S002,146,157.12923586359454
2025-12-26,P001,S003,143,155.80066020473336
2025-12-26,P002,S001,173,187.02808576472543
2025-12-26,P002,S002,262,249.34648269796514
2025-12-26,P002,S003,148,157.71024627659924
2025-12-26,P003,S001,113,117.1310595487888
2025-12-26,P003,S002,135,136.18315366324413
2025-12-26,P003,S003,93,106.47382866958895
2025-12-26,P004,S001,188,221.88868927640996
2025-12-26,P004,S002,233,238.18665420608804
2025-12-26,P004,S003,209,193.2343150441749
2025-12-26,P005,S001,137,152.72304245820828
2025-12-26,P005,S002,186,205.22114556695894
2025-12-26,P005,S003,145,139.0552493984774
2025-12-27,P001,S001,167,156.12583564240626
2025-12-27,P001,S002,209,213.95704568021833
2025-12-27,P001,S003,170,170.3672202164666
2025-12-27,P002,S001,178,195.7400742730568
2025-12-27,P002,S002,230,231.62503166604634
2025-12-27,P002,S003,151,173.54884580722853
2025-12-27,P003,S001,130,128.10915616613784
2025-12-27,P003,S002,144,146.96433052360004
2025-12-27,P003,S003,148,135.5089044986876
2025-12-27,P004,S001,238,244.7110621298637
2025-12-27,P004,S002,284,252.2206524166625
2025-12-27,P004,S003,189,210.65410130474098
2025-12-27,P005,S001,193,209.9809330930507
2025-12-27,P005,S002,238,232.99994067879575
2025-12-27,P005,S003,147,156.37525723949253
2025-12-28,P001,S001,173,187.76901232285945
2025-12-28,P001,S002,194,177.9076869143284
2025-12-28,P001,S003,147,142.44035865899244
2025-12-28,P002,S001,234,237.92385755951548
2025-12-28,P002,S002,224,229.20726410027876
2025-12-28,P002,S003,219,208.0872973113487
2025-12-28,P003,S001,142,160.65857510392524
2025-12-28,P003,S002,176,146.0214126955131
2025-12-28,P003,S003,111,118.8979610132515
2025-12-28,P004,S001,247,231.44636379511022
2025-12-28,P004,S002,282,257.3723563128479
2025-12-28,P004,S003,187,214.19220234830533
2025-12-28,P005,S001,158,174.60177907058107
2025-12-28,P005,S002,192,197.34404249921045
2025-12-28,P005,S003,174,190.62232473535653
2025-12-29,P001,S001,150,139.80884884585663
2025-12-29,P001,S002,194,197.45672571831773
2025-12-29,P001,S003,122,130.6169150469199
2025-12-29,P002,S001,207,219.14808983336923
2025-12-29,P002,S002,208,207.36108569412613
2025-12-29,P002,S003,168,157.7172100277482
2025-12-29,P003,S001,120,116.90634016963429
2025-12-29,P003,S002,143,140.55212673981063
2025-12-29,P003,S003,107,104.83036694220378
2025-12-29,P004,S001,215,217.65927996594905
2025-12-29,P004,S002,227,246.52781402257864
2025-12-29,P004,S003,201,194.73064866761632
2025-12-29,P005,S001,130,153.03352998336806
2025-12-29,P005,S002,170,181.2699129412254
2025-12-29,P005,S003,125,141.97807429376178
2025-12-30,P001,S001,146,137.95340727149963
2025-12-30,P001,S002,164,165.38952359647993
2025-12-30,P001,S003,126,126.0787515980752
2025-12-30,P002,S001,196,186.915253199823
2025-12-30,P002,S002,198,206.09405396448233
2025-12-30,P002,S003,185,189.22531123052215
2025-12-30,P003,S001,132,140.23120283668095
2025-12-30,P003,S002,173,166.83300378113455
2025-12-30,P003,S003,109,105.20539641434414
2025-12-30,P004,S001,223,217.9226869715251
2025-12-30,P004,S002,260,230.9656411743356
2025-12-30,P004,S003,205,187.42410566780995
2025-12-30,P005,S001,176,154.40586831699002
2025-12-30,P005,S002,199,181.69826209044223
2025-12-30,P005,S003,144,137.62247886386493
2025-12-31,P001,S001,132,140.50269861837515
2025-12-31,P001,S002,168,160.3163923339732
2025-12-31,P001,S003,128,126.33057442924733
2025-12-31,P002,S001,176,224.93539120968896
2025-12-31,P002,S002,215,207.48254301963087
2025-12-31,P002,S003,191,194.45752433185575
2025-12-31,P003,S001,118,114.67603469941223
2025-12-31,P003,S002,126,146.58629511546673
2025-12-31,P003,S003,113,107.07676339703461
2025-12-31,P004,S001,233,268.2858736015876
2025-12-31,P004,S002,239,237.1657941988137
2025-12-31,P004,S003,259,226.57145771385487
2025-12-31,P005,S001,173,188.35287162796357
2025-12-31,P005,S002,166,183.14483241309344
2025-12-31,P005,S003,146,144.25799488950585
