Date,Product_ID,Store_ID,Units_Sold,Revenue,Promotion,Holiday
2023-01-01,P001,S001,162,32400,0,1
2023-01-01,P001,S002,209,41800,0,1
2023-01-01,P001,S003,163,32600,0,1
2023-01-01,P002,S001,240,60000,0,1
2023-01-01,P002,S002,243,60750,0,1
2023-01-01,P002,S003,191,47750,0,1
2023-01-01,P003,S001,117,17550,0,1
2023-01-01,P003,S002,183,27450,0,1
2023-01-01,P003,S003,128,19200,0,1
2023-01-01,P004,S001,250,75000,0,1
2023-01-01,P004,S002,291,87300,0,1
2023-01-01,P004,S003,251,75300,0,1
2023-01-01,P005,S001,194,34920,0,1
2023-01-01,P005,S002,212,38160,0,1
2023-01-01,P005,S003,165,29700,0,1
2023-01-02,P001,S001,139,27800,0,0
2023-01-02,P001,S002,136,27200,0,0
2023-01-02,P001,S003,115,23000,0,0
2023-01-02,P002,S001,158,39500,0,0
2023-01-02,P002,S002,191,47750,0,0
2023-01-02,P002,S003,177,44250,0,0
2023-01-02,P003,S001,118,17700,0,0
2023-01-02,P003,S002,151,22650,1,0
2023-01-02,P003,S003,124,18600,1,0
2023-01-02,P004,S001,178,53400,0,0
2023-01-02,P004,S002,194,58200,0,0
2023-01-02,P004,S003,186,55800,1,0
2023-01-02,P005,S001,130,23400,0,0
2023-01-02,P005,S002,168,30240,0,0
2023-01-02,P005,S003,135,24300,0,0
2023-01-03,P001,S001,152,30400,1,0
2023-01-03,P001,S002,141,28200,0,0
2023-01-03,P001,S003,123,24600,1,0
2023-01-03,P002,S001,175,43750,0,0
2023-01-03,P002,S002,203,50750,0,0
2023-01-03,P002,S003,135,33750,0,0
2023-01-03,P003,S001,118,17700,1,0
2023-01-03,P003,S002,123,18450,0,0
2023-01-03,P003,S003,130,19500,1,0
2023-01-03,P004,S001,199,59700,0,0
2023-01-03,P004,S002,215,64500,0,0
2023-01-03,P004,S003,173,51900,0,0
2023-01-03,P005,S001,124,22320,0,0
2023-01-03,P005,S002,174,31320,0,0
2023-01-03,P005,S003,145,26100,1,0
2023-01-04,P001,S001,136,27200,1,0
2023-01-04,P001,S002,146,29200,0,0
2023-01-04,P001,S003,112,22400,0,0
2023-01-04,P002,S001,201,50250,1,0
2023-01-04,P002,S002,243,60750,1,0
2023-01-04,P002,S003,193,48250,1,0
2023-01-04,P003,S001,131,19650,1,0
2023-01-04,P003,S002,121,18150,0,0
2023-01-04,P003,S003,94,14100,0,0
2023-01-04,P004,S001,183,54900,1,0
2023-01-04,P004,S002,229,68700,0,0
2023-01-04,P004,S003,181,54300,0,0
2023-01-04,P005,S001,138,24840,0,0
2023-01-04,P005,S002,149,26820,0,0
2023-01-04,P005,S003,168,30240,1,0
2023-01-05,P001,S001,155,31000,1,0
2023-01-05,P001,S002,129,25800,0,0
2023-01-05,P001,S003,117,23400,0,0
2023-01-05,P002,S001,156,39000,0,0
2023-01-05,P002,S002,193,48250,0,0
2023-01-05,P002,S003,142,35500,0,0
2023-01-05,P003,S001,110,16500,0,0
2023-01-05,P003,S002,124,18600,0,0
2023-01-05,P003,S003,91,13650,0,0
2023-01-05,P004,S001,206,61800,0,0
2023-01-05,P004,S002,248,74400,0,0
2023-01-05,P004,S003,194,58200,0,0
2023-01-05,P005,S001,134,24120,0,0
2023-01-05,P005,S002,173,31140,0,0
2023-01-05,P005,S003,143,25740,0,0
2023-01-06,P001,S001,138,27600,0,0
2023-01-06,P001,S002,156,31200,0,0
2023-01-06,P001,S003,105,21000,0,0
2023-01-06,P002,S001,169,42250,0,0
2023-01-06,P002,S002,183,45750,0,0
2023-01-06,P002,S003,141,35250,0,0
2023-01-06,P003,S001,112,16800,0,0
2023-01-06,P003,S002,165,24750,1,0
2023-01-06,P003,S003,116,17400,0,0
2023-01-06,P004,S001,171,51300,0,0
2023-01-06,P004,S002,244,73200,0,0
2023-01-06,P004,S003,183,54900,0,0
2023-01-06,P005,S001,153,27540,0,0
2023-01-06,P005,S002,164,29520,0,0
2023-01-06,P005,S003,134,24120,0,0
2023-01-07,P001,S001,144,28800,0,0
2023-01-07,P001,S002,147,29400,0,0
2023-01-07,P001,S003,135,27000,0,0
2023-01-07,P002,S001,164,41000,0,0
2023-01-07,P002,S002,217,54250,0,0
2023-01-07,P002,S003,211,52750,1,0
2023-01-07,P003,S001,110,16500,0,0
2023-01-07,P003,S002,138,20700,0,0
2023-01-07,P003,S003,114,17100,0,0
2023-01-07,P004,S001,209,62700,0,0
2023-01-07,P004,S002,358,107400,1,0
2023-01-07,P004,S003,193,57900,0,0
2023-01-07,P005,S001,142,25560,0,0
2023-01-07,P005,S002,191,34380,0,0
2023-01-07,P005,S003,137,24660,0,0
2023-01-08,P001,S001,181,36200,1,0
2023-01-08,P001,S002,189,37800,1,0
2023-01-08,P001,S003,136,27200,0,0
2023-01-08,P002,S001,197,49250,1,0
2023-01-08,P002,S002,196,49000,0,0
2023-01-08,P002,S003,201,50250,1,0
2023-01-08,P003,S001,135,20250,0,0
2023-01-08,P003,S002,148,22200,0,0
2023-01-08,P003,S003,107,16050,0,0
2023-01-08,P004,S001,197,59100,0,0
2023-01-08,P004,S002,272,81600,0,0
2023-01-08,P004,S003,236,70800,1,0
2023-01-08,P005,S001,188,33840,1,0
2023-01-08,P005,S002,197,35460,0,0
2023-01-08,P005,S003,139,25020,0,0
2023-01-09,P001,S001,132,26400,0,0
2023-01-09,P001,S002,151,30200,0,0
2023-01-09,P001,S003,118,23600,0,0
2023-01-09,P002,S001,150,37500,0,0
2023-01-09,P002,S002,159,39750,0,0
2023-01-09,P002,S003,149,37250,0,0
2023-01-09,P003,S001,100,15000,0,0
2023-01-09,P003,S002,120,18000,0,0
2023-01-09,P003,S003,121,18150,1,0
2023-01-09,P004,S001,174,52200,0,0
2023-01-09,P004,S002,265,79500,0,0
2023-01-09,P004,S003,200,60000,0,0
2023-01-09,P005,S001,140,25200,0,0
2023-01-09,P005,S002,167,30060,0,0
2023-01-09,P005,S003,146,26280,1,0
2023-01-10,P001,S001,112,22400,0,0
2023-01-10,P001,S002,139,27800,0,0
2023-01-10,P001,S003,132,26400,0,0
2023-01-10,P002,S001,166,41500,0,0
2023-01-10,P002,S002,162,40500,0,0
2023-01-10,P002,S003,150,37500,0,0
2023-01-10,P003,S001,122,18300,0,0
2023-01-10,P003,S002,117,17550,0,0
2023-01-10,P003,S003,104,15600,1,0
2023-01-10,P004,S001,190,57000,0,0
2023-01-10,P004,S002,256,76800,0,0
2023-01-10,P004,S003,156,46800,0,0
2023-01-10,P005,S001,139,25020,0,0
2023-01-10,P005,S002,181,32580,0,0
2023-01-10,P005,S003,139,25020,0,0
2023-01-11,P001,S001,130,26000,0,0
2023-01-11,P001,S002,212,42400,1,0
2023-01-11,P001,S003,114,22800,0,0
2023-01-11,P002,S001,162,40500,0,0
2023-01-11,P002,S002,189,47250,1,0
2023-01-11,P002,S003,160,40000,0,0
2023-01-11,P003,S001,114,17100,0,0
2023-01-11,P003,S002,125,18750,0,0
2023-01-11,P003,S003,112,16800,1,0
2023-01-11,P004,S001,197,59100,0,0
2023-01-11,P004,S002,254,76200,1,0
2023-01-11,P004,S003,169,50700,0,0
2023-01-11,P005,S001,144,25920,0,0
2023-01-11,P005,S002,202,36360,1,0
2023-01-11,P005,S003,132,23760,0,0
2023-01-12,P001,S001,146,29200,1,0
2023-01-12,P001,S002,153,30600,1,0
2023-01-12,P001,S003,126,25200,1,0
2023-01-12,P002,S001,182,45500,0,0
2023-01-12,P002,S002,215,53750,1,0
2023-01-12,P002,S003,146,36500,0,0
2023-01-12,P003,S001,139,20850,1,0
2023-01-12,P003,S002,121,18150,0,0
2023-01-12,P003,S003,104,15600,0,0
2023-01-12,P004,S001,228,68400,1,0
2023-01-12,P004,S002,254,76200,1,0
2023-01-12,P004,S003,241,72300,1,0
2023-01-12,P005,S001,152,27360,0,0
2023-01-12,P005,S002,176,31680,0,0
2023-01-12,P005,S003,137,24660,1,0
2023-01-13,P001,S001,146,29200,1,0
2023-01-13,P001,S002,149,29800,0,0
2023-01-13,P001,S003,113,22600,0,0
2023-01-13,P002,S001,172,43000,0,0
2023-01-13,P002,S002,195,48750,0,0
2023-01-13,P002,S003,161,40250,0,0
2023-01-13,P003,S001,104,15600,0,0
2023-01-13,P003,S002,151,22650,1,0
2023-01-13,P003,S003,106,15900,0,0
2023-01-13,P004,S001,224,67200,1,0
2023-01-13,P004,S002,253,75900,1,0
2023-01-13,P004,S003,193,57900,0,0
2023-01-13,P005,S001,141,25380,1,0
2023-01-13,P005,S002,217,39060,1,0
2023-01-13,P005,S003,123,22140,0,0
2023-01-14,P001,S001,142,28400,0,0
2023-01-14,P001,S002,180,36000,0,0
2023-01-14,P001,S003,136,27200,0,0
2023-01-14,P002,S001,189,47250,1,0
2023-01-14,P002,S002,229,57250,1,0
2023-01-14,P002,S003,161,40250,0,0
2023-01-14,P003,S001,153,22950,1,0
2023-01-14,P003,S002,141,21150,0,0
2023-01-14,P003,S003,107,16050,0,0
2023-01-14,P004,S001,206,61800,0,0
2023-01-14,P004,S002,282,84600,0,0
2023-01-14,P004,S003,190,57000,0,0
2023-01-14,P005,S001,166,29880,0,0
2023-01-14,P005,S002,175,31500,0,0
2023-01-14,P005,S003,124,22320,0,0
2023-01-15,P001,S001,120,24000,0,0
2023-01-15,P001,S002,202,40400,1,0
2023-01-15,P001,S003,136,27200,0,0
2023-01-15,P002,S001,199,49750,0,0
2023-01-15,P002,S002,244,61000,1,0
2023-01-15,P002,S003,188,47000,1,0
2023-01-15,P003,S001,146,21900,1,0
2023-01-15,P003,S002,124,18600,0,0
2023-01-15,P003,S003,131,19650,1,0
2023-01-15,P004,S001,218,65400,0,0
2023-01-15,P004,S002,243,72900,0,0
2023-01-15,P004,S003,229,68700,1,0
2023-01-15,P005,S001,207,37260,1,0
2023-01-15,P005,S002,218,39240,1,0
2023-01-15,P005,S003,162,29160,1,0
2023-01-16,P001,S001,113,22600,0,0
2023-01-16,P001,S002,159,31800,1,0
2023-01-16,P001,S003,121,24200,0,0
2023-01-16,P002,S001,151,37750,0,0
2023-01-16,P002,S002,181,45250,0,0
2023-01-16,P002,S003,147,36750,0,0
2023-01-16,P003,S001,145,21750,1,0
2023-01-16,P003,S002,134,20100,0,0
2023-01-16,P003,S003,98,14700,0,0
2023-01-16,P004,S001,217,65100,0,0
2023-01-16,P004,S002,239,71700,0,0
2023-01-16,P004,S003,150,45000,0,0
2023-01-16,P005,S001,156,28080,0,0
2023-01-16,P005,S002,196,35280,1,0
2023-01-16,P005,S003,125,22500,1,0
2023-01-17,P001,S001,139,27800,0,0
2023-01-17,P001,S002,183,36600,1,0
2023-01-17,P001,S003,116,23200,0,0
2023-01-17,P002,S001,172,43000,0,0
2023-01-17,P002,S002,186,46500,0,0
2023-01-17,P002,S003,150,37500,0,0
2023-01-17,P003,S001,107,16050,0,0
2023-01-17,P003,S002,123,18450,0,0
2023-01-17,P003,S003,88,13200,0,0
2023-01-17,P004,S001,202,60600,0,0
2023-01-17,P004,S002,312,93600,1,0
2023-01-17,P004,S003,170,51000,0,0
2023-01-17,P005,S001,131,23580,0,0
2023-01-17,P005,S002,154,27720,0,0
2023-01-17,P005,S003,112,20160,0,0
2023-01-18,P001,S001,127,25400,0,0
2023-01-18,P001,S002,148,29600,0,0
2023-01-18,P001,S003,140,28000,1,0
2023-01-18,P002,S001,173,43250,0,0
2023-01-18,P002,S002,177,44250,0,0
2023-01-18,P002,S003,139,34750,0,0
2023-01-18,P003,S001,97,14550,0,0
2023-01-18,P003,S002,118,17700,0,0
2023-01-18,P003,S003,80,12000,0,0
2023-01-18,P004,S001,207,62100,0,0
2023-01-18,P004,S002,247,74100,1,0
2023-01-18,P004,S003,161,48300,0,0
2023-01-18,P005,S001,141,25380,0,0
2023-01-18,P005,S002,151,27180,0,0
2023-01-18,P005,S003,117,21060,0,0
2023-01-19,P001,S001,118,23600,0,0
2023-01-19,P001,S002,141,28200,0,0
2023-01-19,P001,S003,118,23600,0,0
2023-01-19,P002,S001,173,43250,0,0
2023-01-19,P002,S002,208,52000,1,0
2023-01-19,P002,S003,145,36250,0,0
2023-01-19,P003,S001,104,15600,0,0
2023-01-19,P003,S002,140,21000,0,0
2023-01-19,P003,S003,108,16200,0,0
2023-01-19,P004,S001,174,52200,0,0
2023-01-19,P004,S002,224,67200,0,0
2023-01-19,P004,S003,176,52800,0,0
2023-01-19,P005,S001,135,24300,0,0
2023-01-19,P005,S002,153,27540,0,0
2023-01-19,P005,S003,118,21240,0,0
2023-01-20,P001,S001,148,29600,1,0
2023-01-20,P001,S002,119,23800,0,0
2023-01-20,P001,S003,147,29400,1,0
2023-01-20,P002,S001,167,41750,0,0
2023-01-20,P002,S002,222,55500,1,0
2023-01-20,P002,S003,165,41250,1,0
2023-01-20,P003,S001,103,15450,0,0
2023-01-20,P003,S002,173,25950,1,0
2023-01-20,P003,S003,110,16500,0,0
2023-01-20,P004,S001,222,66600,1,0
2023-01-20,P004,S002,205,61500,0,0
2023-01-20,P004,S003,168,50400,0,0
2023-01-20,P005,S001,137,24660,0,0
2023-01-20,P005,S002,146,26280,0,0
2023-01-20,P005,S003,129,23220,0,0
2023-01-21,P001,S001,141,28200,0,0
2023-01-21,P001,S002,158,31600,0,0
2023-01-21,P001,S003,122,24400,0,0
2023-01-21,P002,S001,189,47250,0,0
2023-01-21,P002,S002,231,57750,1,0
2023-01-21,P002,S003,191,47750,0,0
2023-01-21,P003,S001,120,18000,0,0
2023-01-21,P003,S002,137,20550,0,0
2023-01-21,P003,S003,111,16650,0,0
2023-01-21,P004,S001,289,86700,1,0
2023-01-21,P004,S002,234,70200,0,0
2023-01-21,P004,S003,201,60300,0,0
2023-01-21,P005,S001,161,28980,0,0
2023-01-21,P005,S002,192,34560,0,0
2023-01-21,P005,S003,136,24480,0,0
2023-01-22,P001,S001,184,36800,1,0
2023-01-22,P001,S002,155,31000,0,0
2023-01-22,P001,S003,105,21000,0,0
2023-01-22,P002,S001,155,38750,0,0
2023-01-22,P002,S002,246,61500,1,0
2023-01-22,P002,S003,172,43000,0,0
2023-01-22,P003,S001,120,18000,0,0
2023-01-22,P003,S002,138,20700,0,0
2023-01-22,P003,S003,112,16800,0,0
2023-01-22,P004,S001,222,66600,0,0
2023-01-22,P004,S002,270,81000,0,0
2023-01-22,P004,S003,222,66600,1,0
2023-01-22,P005,S001,159,28620,0,0
2023-01-22,P005,S002,199,35820,0,0
2023-01-22,P005,S003,172,30960,1,0
2023-01-23,P001,S001,143,28600,0,0
2023-01-23,P001,S002,144,28800,0,0
2023-01-23,P001,S003,125,25000,0,0
2023-01-23,P002,S001,174,43500,0,0
2023-01-23,P002,S002,162,40500,0,0
2023-01-23,P002,S003,149,37250,0,0
2023-01-23,P003,S001,109,16350,0,0
2023-01-23,P003,S002,132,19800,0,0
2023-01-23,P003,S003,98,14700,0,0
2023-01-23,P004,S001,235,70500,0,0
2023-01-23,P004,S002,255,76500,0,0
2023-01-23,P004,S003,220,66000,1,0
2023-01-23,P005,S001,143,25740,0,0
2023-01-23,P005,S002,147,26460,0,0
2023-01-23,P005,S003,128,23040,0,0
2023-01-24,P001,S001,157,31400,1,0
2023-01-24,P001,S002,179,35800,0,0
2023-01-24,P001,S003,121,24200,0,0
2023-01-24,P002,S001,176,44000,0,0
2023-01-24,P002,S002,177,44250,0,0
2023-01-24,P002,S003,156,39000,0,0
2023-01-24,P003,S001,105,15750,1,0
2023-01-24,P003,S002,137,20550,0,0
2023-01-24,P003,S003,91,13650,0,0
2023-01-24,P004,S001,177,53100,0,0
2023-01-24,P004,S002,221,66300,0,0
2023-01-24,P004,S003,186,55800,0,0
2023-01-24,P005,S001,138,24840,0,0
2023-01-24,P005,S002,148,26640,0,0
2023-01-24,P005,S003,158,28440,1,0
2023-01-25,P001,S001,121,24200,0,0
2023-01-25,P001,S002,176,35200,1,0
2023-01-25,P001,S003,110,22000,0,0
2023-01-25,P002,S001,164,41000,0,0
2023-01-25,P002,S002,184,46000,0,0
2023-01-25,P002,S003,147,36750,0,0
2023-01-25,P003,S001,130,19500,0,0
2023-01-25,P003,S002,113,16950,0,0
2023-01-25,P003,S003,129,19350,1,0
2023-01-25,P004,S001,153,45900,0,0
2023-01-25,P004,S002,202,60600,0,0
2023-01-25,P004,S003,178,53400,0,0
2023-01-25,P005,S001,166,29880,1,0
2023-01-25,P005,S002,168,30240,0,0
2023-01-25,P005,S003,123,22140,0,0
2023-01-26,P001,S001,161,32200,0,1
2023-01-26,P001,S002,185,37000,0,1
2023-01-26,P001,S003,146,29200,0,1
2023-01-26,P002,S001,204,51000,0,1
2023-01-26,P002,S002,230,57500,0,1
2023-01-26,P002,S003,177,44250,0,1
2023-01-26,P003,S001,132,19800,0,1
2023-01-26,P003,S002,158,23700,0,1
2023-01-26,P003,S003,124,18600,0,1
2023-01-26,P004,S001,230,69000,0,1
2023-01-26,P004,S002,310,93000,1,1
2023-01-26,P004,S003,189,56700,0,1
2023-01-26,P005,S001,240,43200,1,1
2023-01-26,P005,S002,218,39240,1,1
2023-01-26,P005,S003,148,26640,0,1
2023-01-27,P001,S001,137,27400,0,0
2023-01-27,P001,S002,132,26400,0,0
2023-01-27,P001,S003,100,20000,0,0
2023-01-27,P002,S001,186,46500,1,0
2023-01-27,P002,S002,241,60250,1,0
2023-01-27,P002,S003,174,43500,1,0
2023-01-27,P003,S001,127,19050,0,0
2023-01-27,P003,S002,131,19650,0,0
2023-01-27,P003,S003,87,13050,0,0
2023-01-27,P004,S001,196,58800,0,0
2023-01-27,P004,S002,194,58200,0,0
2023-01-27,P004,S003,183,54900,0,0
2023-01-27,P005,S001,135,24300,0,0
2023-01-27,P005,S002,168,30240,0,0
2023-01-27,P005,S003,143,25740,0,0
2023-01-28,P001,S001,160,32000,0,0
2023-01-28,P001,S002,162,32400,0,0
2023-01-28,P001,S003,137,27400,0,0
2023-01-28,P002,S001,173,43250,0,0
2023-01-28,P002,S002,208,52000,0,0
2023-01-28,P002,S003,141,35250,0,0
2023-01-28,P003,S001,111,16650,0,0
2023-01-28,P003,S002,143,21450,0,0
2023-01-28,P003,S003,92,13800,0,0
2023-01-28,P004,S001,215,64500,0,0
2023-01-28,P004,S002,249,74700,0,0
2023-01-28,P004,S003,202,60600,0,0
2023-01-28,P005,S001,136,24480,0,0
2023-01-28,P005,S002,154,27720,0,0
2023-01-28,P005,S003,180,32400,1,0
2023-01-29,P001,S001,145,29000,0,0
2023-01-29,P001,S002,159,31800,0,0
2023-01-29,P001,S003,112,22400,0,0
2023-01-29,P002,S001,207,51750,1,0
2023-01-29,P002,S002,224,56000,1,0
2023-01-29,P002,S003,172,43000,0,0
2023-01-29,P003,S001,106,15900,0,0
2023-01-29,P003,S002,134,20100,0,0
2023-01-29,P003,S003,137,20550,1,0
2023-01-29,P004,S001,224,67200,0,0
2023-01-29,P004,S002,237,71100,0,0
2023-01-29,P004,S003,202,60600,0,0
2023-01-29,P005,S001,164,29520,0,0
2023-01-29,P005,S002,179,32220,0,0
2023-01-29,P005,S003,144,25920,0,0
2023-01-30,P001,S001,153,30600,1,0
2023-01-30,P001,S002,195,39000,1,0
2023-01-30,P001,S003,139,27800,1,0
2023-01-30,P002,S001,144,36000,0,0
2023-01-30,P002,S002,194,48500,0,0
2023-01-30,P002,S003,134,33500,0,0
2023-01-30,P003,S001,119,17850,0,0
2023-01-30,P003,S002,128,19200,0,0
2023-01-30,P003,S003,99,14850,1,0
2023-01-30,P004,S001,208,62400,0,0
2023-01-30,P004,S002,229,68700,0,0
2023-01-30,P004,S003,185,55500,0,0
2023-01-30,P005,S001,169,30420,1,0
2023-01-30,P005,S002,213,38340,1,0
2023-01-30,P005,S003,119,21420,0,0
2023-01-31,P001,S001,139,27800,0,0
2023-01-31,P001,S002,183,36600,1,0
2023-01-31,P001,S003,121,24200,1,0
2023-01-31,P002,S001,139,34750,0,0
2023-01-31,P002,S002,182,45500,0,0
2023-01-31,P002,S003,136,34000,0,0
2023-01-31,P003,S001,91,13650,0,0
2023-01-31,P003,S002,112,16800,0,0
2023-01-31,P003,S003,96,14400,0,0
2023-01-31,P004,S001,218,65400,1,0
2023-01-31,P004,S002,318,95400,1,0
2023-01-31,P004,S003,166,49800,0,0
2023-01-31,P005,S001,184,33120,1,0
2023-01-31,P005,S002,182,32760,0,0
2023-01-31,P005,S003,121,21780,0,0
2023-02-01,P001,S001,130,26000,0,0
2023-02-01,P001,S002,181,36200,1,0
2023-02-01,P001,S003,145,29000,1,0
2023-02-01,P002,S001,198,49500,1,0
2023-02-01,P002,S002,213,53250,1,0
2023-02-01,P002,S003,157,39250,0,0
2023-02-01,P003,S001,110,16500,0,0
2023-02-01,P003,S002,155,23250,0,0
2023-02-01,P003,S003,110,16500,0,0
2023-02-01,P004,S001,198,59400,0,0
2023-02-01,P004,S002,246,73800,0,0
2023-02-01,P004,S003,230,69000,1,0
2023-02-01,P005,S001,160,28800,0,0
2023-02-01,P005,S002,146,26280,0,0
2023-02-01,P005,S003,119,21420,0,0
2023-02-02,P001,S001,127,25400,0,0
2023-02-02,P001,S002,157,31400,0,0
2023-02-02,P001,S003,88,17600,0,0
2023-02-02,P002,S001,158,39500,0,0
2023-02-02,P002,S002,260,65000,1,0
2023-02-02,P002,S003,139,34750,0,0
2023-02-02,P003,S001,116,17400,0,0
2023-02-02,P003,S002,134,20100,0,0
2023-02-02,P003,S003,127,19050,1,0
2023-02-02,P004,S001,259,77700,1,0
2023-02-02,P004,S002,254,76200,0,0
2023-02-02,P004,S003,248,74400,1,0
2023-02-02,P005,S001,143,25740,0,0
2023-02-02,P005,S002,158,28440,0,0
2023-02-02,P005,S003,137,24660,0,0
2023-02-03,P001,S001,141,28200,0,0
2023-02-03,P001,S002,167,33400,0,0
2023-02-03,P001,S003,130,26000,1,0
2023-02-03,P002,S001,181,45250,0,0
2023-02-03,P002,S002,175,43750,0,0
2023-02-03,P002,S003,188,47000,1,0
2023-02-03,P003,S001,110,16500,0,0
2023-02-03,P003,S002,172,25800,1,0
2023-02-03,P003,S003,108,16200,1,0
2023-02-03,P004,S001,207,62100,0,0
2023-02-03,P004,S002,243,72900,0,0
2023-02-03,P004,S003,179,53700,0,0
2023-02-03,P005,S001,150,27000,0,0
2023-02-03,P005,S002,163,29340,0,0
2023-02-03,P005,S003,161,28980,1,0
2023-02-04,P001,S001,185,37000,1,0
2023-02-04,P001,S002,165,33000,0,0
2023-02-04,P001,S003,134,26800,0,0
2023-02-04,P002,S001,188,47000,1,0
2023-02-04,P002,S002,186,46500,0,0
2023-02-04,P002,S003,196,49000,1,0
2023-02-04,P003,S001,113,16950,0,0
2023-02-04,P003,S002,170,25500,1,0
2023-02-04,P003,S003,123,18450,0,0
2023-02-04,P004,S001,248,74400,0,0
2023-02-04,P004,S002,305,91500,1,0
2023-02-04,P004,S003,221,66300,1,0
2023-02-04,P005,S001,146,26280,0,0
2023-02-04,P005,S002,212,38160,0,0
2023-02-04,P005,S003,188,33840,1,0
2023-02-05,P001,S001,147,29400,0,0
2023-02-05,P001,S002,173,34600,0,0
2023-02-05,P001,S003,132,26400,0,0
2023-02-05,P002,S001,234,58500,1,0
2023-02-05,P002,S002,215,53750,0,0
2023-02-05,P002,S003,214,53500,1,0
2023-02-05,P003,S001,159,23850,1,0
2023-02-05,P003,S002,159,23850,1,0
2023-02-05,P003,S003,115,17250,0,0
2023-02-05,P004,S001,297,89100,1,0
2023-02-05,P004,S002,269,80700,0,0
2023-02-05,P004,S003,208,62400,0,0
2023-02-05,P005,S001,153,27540,0,0
2023-02-05,P005,S002,176,31680,0,0
2023-02-05,P005,S003,146,26280,0,0
2023-02-06,P001,S001,129,25800,0,0
2023-02-06,P001,S002,169,33800,0,0
2023-02-06,P001,S003,121,24200,0,0
2023-02-06,P002,S001,161,40250,0,0
2023-02-06,P002,S002,212,53000,0,0
2023-02-06,P002,S003,168,42000,1,0
2023-02-06,P003,S001,136,20400,1,0
2023-02-06,P003,S002,125,18750,0,0
2023-02-06,P003,S003,122,18300,0,0
2023-02-06,P004,S001,204,61200,0,0
2023-02-06,P004,S002,219,65700,0,0
2023-02-06,P004,S003,185,55500,0,0
2023-02-06,P005,S001,146,26280,0,0
2023-02-06,P005,S002,160,28800,0,0
2023-02-06,P005,S003,143,25740,0,0
2023-02-07,P001,S001,143,28600,0,0
2023-02-07,P001,S002,160,32000,0,0
2023-02-07,P001,S003,115,23000,0,0
2023-02-07,P002,S001,195,48750,0,0
2023-02-07,P002,S002,242,60500,1,0
2023-02-07,P002,S003,146,36500,0,0
2023-02-07,P003,S001,148,22200,1,0
2023-02-07,P003,S002,132,19800,0,0
2023-02-07,P003,S003,132,19800,1,0
2023-02-07,P004,S001,211,63300,0,0
2023-02-07,P004,S002,276,82800,0,0
2023-02-07,P004,S003,169,50700,0,0
2023-02-07,P005,S001,170,30600,1,0
2023-02-07,P005,S002,210,37800,0,0
2023-02-07,P005,S003,132,23760,0,0
2023-02-08,P001,S001,124,24800,0,0
2023-02-08,P001,S002,164,32800,0,0
2023-02-08,P001,S003,133,26600,0,0
2023-02-08,P002,S001,169,42250,0,0
2023-02-08,P002,S002,167,41750,0,0
2023-02-08,P002,S003,142,35500,0,0
2023-02-08,P003,S001,119,17850,1,0
2023-02-08,P003,S002,152,22800,0,0
2023-02-08,P003,S003,89,13350,0,0
2023-02-08,P004,S001,195,58500,0,0
2023-02-08,P004,S002,294,88200,1,0
2023-02-08,P004,S003,166,49800,0,0
2023-02-08,P005,S001,152,27360,0,0
2023-02-08,P005,S002,193,34740,1,0
2023-02-08,P005,S003,136,24480,0,0
2023-02-09,P001,S001,133,26600,0,0
2023-02-09,P001,S002,155,31000,0,0
2023-02-09,P001,S003,133,26600,0,0
2023-02-09,P002,S001,155,38750,0,0
2023-02-09,P002,S002,201,50250,0,0
2023-02-09,P002,S003,196,49000,1,0
2023-02-09,P003,S001,102,15300,0,0
2023-02-09,P003,S002,137,20550,1,0
2023-02-09,P003,S003,100,15000,0,0
2023-02-09,P004,S001,170,51000,0,0
2023-02-09,P004,S002,288,86400,1,0
2023-02-09,P004,S003,194,58200,0,0
2023-02-09,P005,S001,131,23580,0,0
2023-02-09,P005,S002,181,32580,0,0
2023-02-09,P005,S003,146,26280,0,0
2023-02-10,P001,S001,168,33600,1,0
2023-02-10,P001,S002,208,41600,1,0
2023-02-10,P001,S003,120,24000,0,0
2023-02-10,P002,S001,163,40750,0,0
2023-02-10,P002,S002,194,48500,0,0
2023-02-10,P002,S003,169,42250,1,0
2023-02-10,P003,S001,108,16200,0,0
2023-02-10,P003,S002,131,19650,0,0
2023-02-10,P003,S003,124,18600,1,0
2023-02-10,P004,S001,254,76200,1,0
2023-02-10,P004,S002,196,58800,0,0
2023-02-10,P004,S003,227,68100,0,0
2023-02-10,P005,S001,137,24660,0,0
2023-02-10,P005,S002,179,32220,0,0
2023-02-10,P005,S003,163,29340,1,0
2023-02-11,P001,S001,142,28400,0,0
2023-02-11,P001,S002,216,43200,1,0
2023-02-11,P001,S003,150,30000,1,0
2023-02-11,P002,S001,225,56250,1,0
2023-02-11,P002,S002,250,62500,0,0
2023-02-11,P002,S003,195,48750,1,0
2023-02-11,P003,S001,151,22650,1,0
2023-02-11,P003,S002,131,19650,0,0
2023-02-11,P003,S003,119,17850,0,0
2023-02-11,P004,S001,211,63300,0,0
2023-02-11,P004,S002,265,79500,0,0
2023-02-11,P004,S003,263,78900,1,0
2023-02-11,P005,S001,191,34380,1,0
2023-02-11,P005,S002,195,35100,0,0
2023-02-11,P005,S003,150,27000,0,0
2023-02-12,P001,S001,163,32600,0,0
2023-02-12,P001,S002,217,43400,1,0
2023-02-12,P001,S003,179,35800,1,0
2023-02-12,P002,S001,184,46000,0,0
2023-02-12,P002,S002,194,48500,0,0
2023-02-12,P002,S003,147,36750,0,0
2023-02-12,P003,S001,110,16500,0,0
2023-02-12,P003,S002,140,21000,0,0
2023-02-12,P003,S003,114,17100,0,0
2023-02-12,P004,S001,213,63900,0,0
2023-02-12,P004,S002,212,63600,0,0
2023-02-12,P004,S003,230,69000,1,0
2023-02-12,P005,S001,157,28260,0,0
2023-02-12,P005,S002,187,33660,0,0
2023-02-12,P005,S003,163,29340,0,0
2023-02-13,P001,S001,117,23400,0,0
2023-02-13,P001,S002,165,33000,0,0
2023-02-13,P001,S003,128,25600,0,0
2023-02-13,P002,S001,201,50250,1,0
2023-02-13,P002,S002,243,60750,1,0
2023-02-13,P002,S003,151,37750,0,0
2023-02-13,P003,S001,119,17850,0,0
2023-02-13,P003,S002,122,18300,0,0
2023-02-13,P003,S003,94,14100,0,0
2023-02-13,P004,S001,208,62400,1,0
2023-02-13,P004,S002,243,72900,0,0
2023-02-13,P004,S003,175,52500,0,0
2023-02-13,P005,S001,129,23220,0,0
2023-02-13,P005,S002,157,28260,0,0
2023-02-13,P005,S003,139,25020,0,0
2023-02-14,P001,S001,138,27600,0,0
2023-02-14,P001,S002,145,29000,0,0
2023-02-14,P001,S003,164,32800,1,0
2023-02-14,P002,S001,170,42500,0,0
2023-02-14,P002,S002,204,51000,0,0
2023-02-14,P002,S003,155,38750,0,0
2023-02-14,P003,S001,133,19950,1,0
2023-02-14,P003,S002,135,20250,0,0
2023-02-14,P003,S003,112,16800,0,0
2023-02-14,P004,S001,240,72000,1,0
2023-02-14,P004,S002,250,75000,0,0
2023-02-14,P004,S003,174,52200,0,0
2023-02-14,P005,S001,203,36540,1,0
2023-02-14,P005,S002,159,28620,0,0
2023-02-14,P005,S003,157,28260,0,0
2023-02-15,P001,S001,123,24600,0,0
2023-02-15,P001,S002,153,30600,0,0
2023-02-15,P001,S003,127,25400,0,0
2023-02-15,P002,S001,187,46750,0,0
2023-02-15,P002,S002,222,55500,0,0
2023-02-15,P002,S003,171,42750,0,0
2023-02-15,P003,S001,98,14700,0,0
2023-02-15,P003,S002,162,24300,1,0
2023-02-15,P003,S003,96,14400,0,0
2023-02-15,P004,S001,221,66300,0,0
2023-02-15,P004,S002,308,92400,1,0
2023-02-15,P004,S003,189,56700,0,0
2023-02-15,P005,S001,142,25560,0,0
2023-02-15,P005,S002,155,27900,0,0
2023-02-15,P005,S003,126,22680,0,0
2023-02-16,P001,S001,128,25600,0,0
2023-02-16,P001,S002,189,37800,1,0
2023-02-16,P001,S003,133,26600,0,0
2023-02-16,P002,S001,172,43000,0,0
2023-02-16,P002,S002,178,44500,0,0
2023-02-16,P002,S003,138,34500,0,0
2023-02-16,P003,S001,144,21600,1,0
2023-02-16,P003,S002,151,22650,0,0
2023-02-16,P003,S003,103,15450,0,0
2023-02-16,P004,S001,232,69600,1,0
2023-02-16,P004,S002,217,65100,0,0
2023-02-16,P004,S003,194,58200,0,0
2023-02-16,P005,S001,167,30060,0,0
2023-02-16,P005,S002,166,29880,0,0
2023-02-16,P005,S003,127,22860,0,0
2023-02-17,P001,S001,121,24200,0,0
2023-02-17,P001,S002,190,38000,1,0
2023-02-17,P001,S003,157,31400,1,0
2023-02-17,P002,S001,160,40000,0,0
2023-02-17,P002,S002,240,60000,1,0
2023-02-17,P002,S003,160,40000,0,0
2023-02-17,P003,S001,119,17850,0,0
2023-02-17,P003,S002,120,18000,0,0
2023-02-17,P003,S003,95,14250,0,0
2023-02-17,P004,S001,206,61800,0,0
2023-02-17,P004,S002,249,74700,0,0
2023-02-17,P004,S003,216,64800,0,0
2023-02-17,P005,S001,135,24300,0,0
2023-02-17,P005,S002,208,37440,1,0
2023-02-17,P005,S003,160,28800,1,0
2023-02-18,P001,S001,145,29000,0,0
2023-02-18,P001,S002,227,45400,1,0
2023-02-18,P001,S003,170,34000,1,0
2023-02-18,P002,S001,197,49250,0,0
2023-02-18,P002,S002,195,48750,0,0
2023-02-18,P002,S003,164,41000,0,0
2023-02-18,P003,S001,126,18900,0,0
2023-02-18,P003,S002,175,26250,1,0
2023-02-18,P003,S003,135,20250,0,0
2023-02-18,P004,S001,264,79200,1,0
2023-02-18,P004,S002,207,62100,0,0
2023-02-18,P004,S003,204,61200,0,0
2023-02-18,P005,S001,169,30420,0,0
2023-02-18,P005,S002,188,33840,0,0
2023-02-18,P005,S003,113,20340,0,0
2023-02-19,P001,S001,154,30800,0,0
2023-02-19,P001,S002,180,36000,0,0
2023-02-19,P001,S003,121,24200,0,0
2023-02-19,P002,S001,177,44250,0,0
2023-02-19,P002,S002,258,64500,1,0
2023-02-19,P002,S003,161,40250,0,0
2023-02-19,P003,S001,121,18150,0,0
2023-02-19,P003,S002,147,22050,0,0
2023-02-19,P003,S003,107,16050,0,0
2023-02-19,P004,S001,198,59400,0,0
2023-02-19,P004,S002,278,83400,0,0
2023-02-19,P004,S003,186,55800,0,0
2023-02-19,P005,S001,192,34560,1,0
2023-02-19,P005,S002,180,32400,0,0
2023-02-19,P005,S003,133,23940,0,0
2023-02-20,P001,S001,175,35000,1,0
2023-02-20,P001,S002,167,33400,0,0
2023-02-20,P001,S003,119,23800,0,0
2023-02-20,P002,S001,171,42750,0,0
2023-02-20,P002,S002,238,59500,1,0
2023-02-20,P002,S003,140,35000,0,0
2023-02-20,P003,S001,105,15750,0,0
2023-02-20,P003,S002,131,19650,0,0
2023-02-20,P003,S003,93,13950,0,0
2023-02-20,P004,S001,204,61200,0,0
2023-02-20,P004,S002,192,57600,0,0
2023-02-20,P004,S003,178,53400,0,0
2023-02-20,P005,S001,151,27180,0,0
2023-02-20,P005,S002,208,37440,1,0
2023-02-20,P005,S003,174,31320,1,0
2023-02-21,P001,S001,124,24800,0,0
2023-02-21,P001,S002,156,31200,0,0
2023-02-21,P001,S003,132,26400,0,0
2023-02-21,P002,S001,175,43750,0,0
2023-02-21,P002,S002,209,52250,0,0
2023-02-21,P002,S003,139,34750,0,0
2023-02-21,P003,S001,114,17100,0,0
2023-02-21,P003,S002,129,19350,0,0
2023-02-21,P003,S003,103,15450,0,0
2023-02-21,P004,S001,192,57600,0,0
2023-02-21,P004,S002,260,78000,0,0
2023-02-21,P004,S003,194,58200,0,0
2023-02-21,P005,S001,162,29160,0,0
2023-02-21,P005,S002,174,31320,0,0
2023-02-21,P005,S003,151,27180,1,0
2023-02-22,P001,S001,143,28600,0,0
2023-02-22,P001,S002,174,34800,0,0
2023-02-22,P001,S003,126,25200,0,0
2023-02-22,P002,S001,190,47500,1,0
2023-02-22,P002,S002,187,46750,0,0
2023-02-22,P002,S003,185,46250,1,0
2023-02-22,P003,S001,153,22950,1,0
2023-02-22,P003,S002,150,22500,0,0
2023-02-22,P003,S003,115,17250,1,0
2023-02-22,P004,S001,211,63300,0,0
2023-02-22,P004,S002,269,80700,1,0
2023-02-22,P004,S003,166,49800,0,0
2023-02-22,P005,S001,155,27900,0,0
2023-02-22,P005,S002,172,30960,0,0
2023-02-22,P005,S003,135,24300,0,0
2023-02-23,P001,S001,135,27000,0,0
2023-02-23,P001,S002,161,32200,0,0
2023-02-23,P001,S003,151,30200,1,0
2023-02-23,P002,S001,219,54750,1,0
2023-02-23,P002,S002,184,46000,0,0
2023-02-23,P002,S003,198,49500,1,0
2023-02-23,P003,S001,121,18150,0,0
2023-02-23,P003,S002,134,20100,0,0
2023-02-23,P003,S003,123,18450,1,0
2023-02-23,P004,S001,203,60900,0,0
2023-02-23,P004,S002,234,70200,0,0
2023-02-23,P004,S003,222,66600,1,0
2023-02-23,P005,S001,156,28080,1,0
2023-02-23,P005,S002,202,36360,0,0
2023-02-23,P005,S003,145,26100,0,0
2023-02-24,P001,S001,156,31200,0,0
2023-02-24,P001,S002,198,39600,1,0
2023-02-24,P001,S003,117,23400,0,0
2023-02-24,P002,S001,177,44250,0,0
2023-02-24,P002,S002,210,52500,0,0
2023-02-24,P002,S003,171,42750,1,0
2023-02-24,P003,S001,126,18900,0,0
2023-02-24,P003,S002,127,19050,0,0
2023-02-24,P003,S003,108,16200,0,0
2023-02-24,P004,S001,229,68700,0,0
2023-02-24,P004,S002,241,72300,0,0
2023-02-24,P004,S003,206,61800,0,0
2023-02-24,P005,S001,157,28260,1,0
2023-02-24,P005,S002,155,27900,0,0
2023-02-24,P005,S003,125,22500,0,0
2023-02-25,P001,S001,125,25000,0,0
2023-02-25,P001,S002,179,35800,1,0
2023-02-25,P001,S003,151,30200,0,0
2023-02-25,P002,S001,206,51500,0,0
2023-02-25,P002,S002,206,51500,0,0
2023-02-25,P002,S003,199,49750,0,0
2023-02-25,P003,S001,122,18300,0,0
2023-02-25,P003,S002,166,24900,0,0
2023-02-25,P003,S003,130,19500,0,0
2023-02-25,P004,S001,214,64200,0,0
2023-02-25,P004,S002,332,99600,1,0
2023-02-25,P004,S003,221,66300,0,0
2023-02-25,P005,S001,154,27720,0,0
2023-02-25,P005,S002,175,31500,1,0
2023-02-25,P005,S003,156,28080,0,0
2023-02-26,P001,S001,140,28000,0,0
2023-02-26,P001,S002,171,34200,0,0
2023-02-26,P001,S003,137,27400,0,0
2023-02-26,P002,S001,197,49250,0,0
2023-02-26,P002,S002,210,52500,0,0
2023-02-26,P002,S003,173,43250,0,0
2023-02-26,P003,S001,165,24750,1,0
2023-02-26,P003,S002,122,18300,0,0
2023-02-26,P003,S003,100,15000,0,0
2023-02-26,P004,S001,204,61200,0,0
2023-02-26,P004,S002,248,74400,0,0
2023-02-26,P004,S003,216,64800,0,0
2023-02-26,P005,S001,176,31680,0,0
2023-02-26,P005,S002,221,39780,1,0
2023-02-26,P005,S003,144,25920,0,0
2023-02-27,P001,S001,152,30400,0,0
2023-02-27,P001,S002,160,32000,0,0
2023-02-27,P001,S003,119,23800,0,0
2023-02-27,P002,S001,183,45750,0,0
2023-02-27,P002,S002,209,52250,0,0
2023-02-27,P002,S003,159,39750,0,0
2023-02-27,P003,S001,109,16350,0,0
2023-02-27,P003,S002,145,21750,1,0
2023-02-27,P003,S003,95,14250,0,0
2023-02-27,P004,S001,230,69000,1,0
2023-02-27,P004,S002,262,78600,1,0
2023-02-27,P004,S003,177,53100,0,0
2023-02-27,P005,S001,148,26640,0,0
2023-02-27,P005,S002,206,37080,1,0
2023-02-27,P005,S003,121,21780,0,0
2023-02-28,P001,S001,139,27800,0,0
2023-02-28,P001,S002,158,31600,0,0
2023-02-28,P001,S003,146,29200,1,0
2023-02-28,P002,S001,163,40750,0,0
2023-02-28,P002,S002,179,44750,0,0
2023-02-28,P002,S003,161,40250,0,0
2023-02-28,P003,S001,115,17250,0,0
2023-02-28,P003,S002,135,20250,0,0
2023-02-28,P003,S003,99,14850,0,0
2023-02-28,P004,S001,196,58800,0,0
2023-02-28,P004,S002,306,91800,1,0
2023-02-28,P004,S003,224,67200,0,0
2023-02-28,P005,S001,174,31320,1,0
2023-02-28,P005,S002,172,30960,0,0
2023-02-28,P005,S003,132,23760,0,0
2023-03-01,P001,S001,130,26000,0,0
2023-03-01,P001,S002,154,30800,0,0
2023-03-01,P001,S003,145,29000,0,0
2023-03-01,P002,S001,164,41000,0,0
2023-03-01,P002,S002,201,50250,0,0
2023-03-01,P002,S003,178,44500,1,0
2023-03-01,P003,S001,139,20850,1,0
2023-03-01,P003,S002,126,18900,0,0
2023-03-01,P003,S003,100,15000,0,0
2023-03-01,P004,S001,222,66600,1,0
2023-03-01,P004,S002,290,87000,1,0
2023-03-01,P004,S003,219,65700,1,0
2023-03-01,P005,S001,157,28260,0,0
2023-03-01,P005,S002,207,37260,1,0
2023-03-01,P005,S003,153,27540,1,0
2023-03-02,P001,S001,128,25600,0,0
2023-03-02,P001,S002,160,32000,0,0
2023-03-02,P001,S003,166,33200,1,0
2023-03-02,P002,S001,199,49750,1,0
2023-03-02,P002,S002,171,42750,0,0
2023-03-02,P002,S003,191,47750,1,0
2023-03-02,P003,S001,127,19050,0,0
2023-03-02,P003,S002,139,20850,0,0
2023-03-02,P003,S003,113,16950,1,0
2023-03-02,P004,S001,211,63300,0,0
2023-03-02,P004,S002,307,92100,1,0
2023-03-02,P004,S003,218,65400,1,0
2023-03-02,P005,S001,144,25920,0,0
2023-03-02,P005,S002,200,36000,1,0
2023-03-02,P005,S003,134,24120,0,0
2023-03-03,P001,S001,126,25200,0,0
2023-03-03,P001,S002,163,32600,0,0
2023-03-03,P001,S003,128,25600,0,0
2023-03-03,P002,S001,213,53250,1,0
2023-03-03,P002,S002,199,49750,0,0
2023-03-03,P002,S003,142,35500,0,0
2023-03-03,P003,S001,114,17100,0,0
2023-03-03,P003,S002,153,22950,0,0
2023-03-03,P003,S003,128,19200,1,0
2023-03-03,P004,S001,195,58500,0,0
2023-03-03,P004,S002,302,90600,1,0
2023-03-03,P004,S003,258,77400,1,0
2023-03-03,P005,S001,155,27900,0,0
2023-03-03,P005,S002,171,30780,0,0
2023-03-03,P005,S003,150,27000,0,0
2023-03-04,P001,S001,147,29400,0,0
2023-03-04,P001,S002,190,38000,0,0
2023-03-04,P001,S003,132,26400,0,0
2023-03-04,P002,S001,185,46250,0,0
2023-03-04,P002,S002,234,58500,0,0
2023-03-04,P002,S003,190,47500,0,0
2023-03-04,P003,S001,127,19050,0,0
2023-03-04,P003,S002,193,28950,1,0
2023-03-04,P003,S003,118,17700,0,0
2023-03-04,P004,S001,215,64500,0,0
2023-03-04,P004,S002,256,76800,0,0
2023-03-04,P004,S003,259,77700,1,0
2023-03-04,P005,S001,184,33120,0,0
2023-03-04,P005,S002,206,37080,0,0
2023-03-04,P005,S003,162,29160,0,0
2023-03-05,P001,S001,165,33000,1,0
2023-03-05,P001,S002,224,44800,1,0
2023-03-05,P001,S003,145,29000,0,0
2023-03-05,P002,S001,196,49000,0,0
2023-03-05,P002,S002,232,58000,0,0
2023-03-05,P002,S003,149,37250,0,0
2023-03-05,P003,S001,125,18750,1,0
2023-03-05,P003,S002,150,22500,0,0
2023-03-05,P003,S003,114,17100,0,0
2023-03-05,P004,S001,226,67800,0,0
2023-03-05,P004,S002,328,98400,1,0
2023-03-05,P004,S003,210,63000,0,0
2023-03-05,P005,S001,204,36720,1,0
2023-03-05,P005,S002,204,36720,0,0
2023-03-05,P005,S003,143,25740,0,0
2023-03-06,P001,S001,172,34400,1,0
2023-03-06,P001,S002,152,30400,0,0
2023-03-06,P001,S003,106,21200,0,0
2023-03-06,P002,S001,170,42500,0,0
2023-03-06,P002,S002,217,54250,0,0
2023-03-06,P002,S003,146,36500,0,0
2023-03-06,P003,S001,144,21600,1,0
2023-03-06,P003,S002,143,21450,0,0
2023-03-06,P003,S003,133,19950,1,0
2023-03-06,P004,S001,198,59400,0,0
2023-03-06,P004,S002,226,67800,0,0
2023-03-06,P004,S003,226,67800,1,0
2023-03-06,P005,S001,154,27720,0,0
2023-03-06,P005,S002,219,39420,1,0
2023-03-06,P005,S003,172,30960,1,0
2023-03-07,P001,S001,169,33800,0,0
2023-03-07,P001,S002,179,35800,0,0
2023-03-07,P001,S003,122,24400,0,0
2023-03-07,P002,S001,244,61000,1,0
2023-03-07,P002,S002,182,45500,0,0
2023-03-07,P002,S003,144,36000,0,0
2023-03-07,P003,S001,123,18450,0,0
2023-03-07,P003,S002,131,19650,0,0
2023-03-07,P003,S003,84,12600,0,0
2023-03-07,P004,S001,281,84300,1,0
2023-03-07,P004,S002,252,75600,0,0
2023-03-07,P004,S003,187,56100,0,0
2023-03-07,P005,S001,149,26820,0,0
2023-03-07,P005,S002,171,30780,0,0
2023-03-07,P005,S003,113,20340,0,0
2023-03-08,P001,S001,129,25800,0,0
2023-03-08,P001,S002,152,30400,0,0
2023-03-08,P001,S003,136,27200,0,0
2023-03-08,P002,S001,166,41500,0,0
2023-03-08,P002,S002,206,51500,0,0
2023-03-08,P002,S003,155,38750,0,0
2023-03-08,P003,S001,108,16200,0,0
2023-03-08,P003,S002,136,20400,0,0
2023-03-08,P003,S003,104,15600,0,0
2023-03-08,P004,S001,227,68100,0,0
2023-03-08,P004,S002,279,83700,1,0
2023-03-08,P004,S003,178,53400,0,0
2023-03-08,P005,S001,161,28980,0,0
2023-03-08,P005,S002,171,30780,0,0
2023-03-08,P005,S003,146,26280,0,0
2023-03-09,P001,S001,160,32000,1,0
2023-03-09,P001,S002,195,39000,1,0
2023-03-09,P001,S003,119,23800,0,0
2023-03-09,P002,S001,163,40750,0,0
2023-03-09,P002,S002,165,41250,0,0
2023-03-09,P002,S003,176,44000,0,0
2023-03-09,P003,S001,112,16800,0,0
2023-03-09,P003,S002,139,20850,0,0
2023-03-09,P003,S003,103,15450,0,0
2023-03-09,P004,S001,229,68700,0,0
2023-03-09,P004,S002,207,62100,0,0
2023-03-09,P004,S003,191,57300,0,0
2023-03-09,P005,S001,192,34560,1,0
2023-03-09,P005,S002,174,31320,0,0
2023-03-09,P005,S003,128,23040,0,0
2023-03-10,P001,S001,120,24000,0,0
2023-03-10,P001,S002,152,30400,0,0
2023-03-10,P001,S003,106,21200,0,0
2023-03-10,P002,S001,184,46000,0,0
2023-03-10,P002,S002,208,52000,0,0
2023-03-10,P002,S003,167,41750,0,0
2023-03-10,P003,S001,107,16050,0,0
2023-03-10,P003,S002,146,21900,1,0
2023-03-10,P003,S003,109,16350,0,0
2023-03-10,P004,S001,261,78300,1,0
2023-03-10,P004,S002,247,74100,1,0
2023-03-10,P004,S003,178,53400,0,0
2023-03-10,P005,S001,170,30600,0,0
2023-03-10,P005,S002,185,33300,0,0
2023-03-10,P005,S003,133,23940,0,0
2023-03-11,P001,S001,138,27600,0,0
2023-03-11,P001,S002,195,39000,1,0
2023-03-11,P001,S003,133,26600,0,0
2023-03-11,P002,S001,170,42500,0,0
2023-03-11,P002,S002,242,60500,0,0
2023-03-11,P002,S003,188,47000,0,0
2023-03-11,P003,S001,116,17400,0,0
2023-03-11,P003,S002,169,25350,0,0
2023-03-11,P003,S003,111,16650,0,0
2023-03-11,P004,S001,230,69000,0,0
2023-03-11,P004,S002,305,91500,1,0
2023-03-11,P004,S003,189,56700,0,0
2023-03-11,P005,S001,161,28980,0,0
2023-03-11,P005,S002,196,35280,1,0
2023-03-11,P005,S003,174,31320,1,0
2023-03-12,P001,S001,152,30400,0,0
2023-03-12,P001,S002,216,43200,1,0
2023-03-12,P001,S003,121,24200,0,0
2023-03-12,P002,S001,169,42250,0,0
2023-03-12,P002,S002,224,56000,0,0
2023-03-12,P002,S003,156,39000,0,0
2023-03-12,P003,S001,151,22650,1,0
2023-03-12,P003,S002,161,24150,0,0
2023-03-12,P003,S003,103,15450,0,0
2023-03-12,P004,S001,257,77100,1,0
2023-03-12,P004,S002,285,85500,0,0
2023-03-12,P004,S003,177,53100,0,0
2023-03-12,P005,S001,163,29340,0,0
2023-03-12,P005,S002,227,40860,0,0
2023-03-12,P005,S003,184,33120,1,0
2023-03-13,P001,S001,150,30000,0,0
2023-03-13,P001,S002,155,31000,0,0
2023-03-13,P001,S003,113,22600,0,0
2023-03-13,P002,S001,153,38250,0,0
2023-03-13,P002,S002,245,61250,1,0
2023-03-13,P002,S003,192,48000,1,0
2023-03-13,P003,S001,159,23850,1,0
2023-03-13,P003,S002,130,19500,0,0
2023-03-13,P003,S003,128,19200,1,0
2023-03-13,P004,S001,207,62100,0,0
2023-03-13,P004,S002,262,78600,1,0
2023-03-13,P004,S003,192,57600,0,0
2023-03-13,P005,S001,164,29520,0,0
2023-03-13,P005,S002,183,32940,0,0
2023-03-13,P005,S003,128,23040,0,0
2023-03-14,P001,S001,170,34000,0,0
2023-03-14,P001,S002,188,37600,1,0
2023-03-14,P001,S003,165,33000,1,0
2023-03-14,P002,S001,204,51000,1,0
2023-03-14,P002,S002,219,54750,0,0
2023-03-14,P002,S003,185,46250,1,0
2023-03-14,P003,S001,115,17250,0,0
2023-03-14,P003,S002,144,21600,0,0
2023-03-14,P003,S003,121,18150,0,0
2023-03-14,P004,S001,205,61500,0,0
2023-03-14,P004,S002,233,69900,0,0
2023-03-14,P004,S003,177,53100,0,0
2023-03-14,P005,S001,168,30240,1,0
2023-03-14,P005,S002,197,35460,1,0
2023-03-14,P005,S003,130,23400,0,0
2023-03-15,P001,S001,149,29800,0,0
2023-03-15,P001,S002,167,33400,0,0
2023-03-15,P001,S003,133,26600,0,0
2023-03-15,P002,S001,221,55250,1,0
2023-03-15,P002,S002,263,65750,1,0
2023-03-15,P002,S003,177,44250,1,0
2023-03-15,P003,S001,118,17700,0,0
2023-03-15,P003,S002,116,17400,0,0
2023-03-15,P003,S003,91,13650,0,0
2023-03-15,P004,S001,211,63300,0,0
2023-03-15,P004,S002,286,85800,1,0
2023-03-15,P004,S003,189,56700,0,0
2023-03-15,P005,S001,158,28440,0,0
2023-03-15,P005,S002,194,34920,0,0
2023-03-15,P005,S003,136,24480,0,0
2023-03-16,P001,S001,138,27600,0,0
2023-03-16,P001,S002,151,30200,0,0
2023-03-16,P001,S003,134,26800,0,0
2023-03-16,P002,S001,199,49750,1,0
2023-03-16,P002,S002,196,49000,0,0
2023-03-16,P002,S003,165,41250,0,0
2023-03-16,P003,S001,117,17550,0,0
2023-03-16,P003,S002,134,20100,0,0
2023-03-16,P003,S003,97,14550,0,0
2023-03-16,P004,S001,258,77400,1,0
2023-03-16,P004,S002,283,84900,0,0
2023-03-16,P004,S003,169,50700,0,0
2023-03-16,P005,S001,138,24840,0,0
2023-03-16,P005,S002,185,33300,0,0
2023-03-16,P005,S003,166,29880,1,0
2023-03-17,P001,S001,155,31000,0,0
2023-03-17,P001,S002,151,30200,0,0
2023-03-17,P001,S003,135,27000,0,0
2023-03-17,P002,S001,179,44750,0,0
2023-03-17,P002,S002,185,46250,0,0
2023-03-17,P002,S003,149,37250,0,0
2023-03-17,P003,S001,116,17400,0,0
2023-03-17,P003,S002,125,18750,0,0
2023-03-17,P003,S003,114,17100,0,0
2023-03-17,P004,S001,222,66600,0,0
2023-03-17,P004,S002,231,69300,0,0
2023-03-17,P004,S003,223,66900,1,0
2023-03-17,P005,S001,195,35100,1,0
2023-03-17,P005,S002,173,31140,0,0
2023-03-17,P005,S003,158,28440,0,0
2023-03-18,P001,S001,160,32000,0,0
2023-03-18,P001,S002,165,33000,0,0
2023-03-18,P001,S003,152,30400,1,0
2023-03-18,P002,S001,208,52000,0,0
2023-03-18,P002,S002,256,64000,1,0
2023-03-18,P002,S003,175,43750,0,0
2023-03-18,P003,S001,119,17850,1,0
2023-03-18,P003,S002,147,22050,0,0
2023-03-18,P003,S003,102,15300,0,0
2023-03-18,P004,S001,204,61200,0,0
2023-03-18,P004,S002,349,104700,1,0
2023-03-18,P004,S003,242,72600,1,0
2023-03-18,P005,S001,161,28980,0,0
2023-03-18,P005,S002,268,48240,1,0
2023-03-18,P005,S003,161,28980,0,0
2023-03-19,P001,S001,173,34600,0,0
2023-03-19,P001,S002,195,39000,0,0
2023-03-19,P001,S003,147,29400,0,0
2023-03-19,P002,S001,216,54000,0,0
2023-03-19,P002,S002,207,51750,0,0
2023-03-19,P002,S003,193,48250,1,0
2023-03-19,P003,S001,114,17100,0,0
2023-03-19,P003,S002,127,19050,0,0
2023-03-19,P003,S003,140,21000,1,0
2023-03-19,P004,S001,202,60600,0,0
2023-03-19,P004,S002,241,72300,0,0
2023-03-19,P004,S003,204,61200,0,0
2023-03-19,P005,S001,131,23580,0,0
2023-03-19,P005,S002,190,34200,0,0
2023-03-19,P005,S003,150,27000,0,0
2023-03-20,P001,S001,195,39000,1,0
2023-03-20,P001,S002,163,32600,0,0
2023-03-20,P001,S003,152,30400,1,0
2023-03-20,P002,S001,235,58750,1,0
2023-03-20,P002,S002,197,49250,0,0
2023-03-20,P002,S003,159,39750,0,0
2023-03-20,P003,S001,125,18750,0,0
2023-03-20,P003,S002,126,18900,0,0
2023-03-20,P003,S003,113,16950,0,0
2023-03-20,P004,S001,224,67200,1,0
2023-03-20,P004,S002,304,91200,1,0
2023-03-20,P004,S003,199,59700,0,0
2023-03-20,P005,S001,146,26280,0,0
2023-03-20,P005,S002,171,30780,0,0
2023-03-20,P005,S003,154,27720,0,0
2023-03-21,P001,S001,138,27600,0,0
2023-03-21,P001,S002,167,33400,0,0
2023-03-21,P001,S003,126,25200,0,0
2023-03-21,P002,S001,165,41250,0,0
2023-03-21,P002,S002,191,47750,0,0
2023-03-21,P002,S003,162,40500,0,0
2023-03-21,P003,S001,130,19500,0,0
2023-03-21,P003,S002,144,21600,1,0
2023-03-21,P003,S003,118,17700,0,0
2023-03-21,P004,S001,220,66000,0,0
2023-03-21,P004,S002,236,70800,0,0
2023-03-21,P004,S003,193,57900,0,0
2023-03-21,P005,S001,159,28620,0,0
2023-03-21,P005,S002,159,28620,0,0
2023-03-21,P005,S003,161,28980,1,0
2023-03-22,P001,S001,140,28000,0,0
2023-03-22,P001,S002,140,28000,0,0
2023-03-22,P001,S003,134,26800,0,0
2023-03-22,P002,S001,166,41500,0,0
2023-03-22,P002,S002,192,48000,0,0
2023-03-22,P002,S003,156,39000,0,0
2023-03-22,P003,S001,121,18150,0,0
2023-03-22,P003,S002,138,20700,0,0
2023-03-22,P003,S003,126,18900,1,0
2023-03-22,P004,S001,215,64500,0,0
2023-03-22,P004,S002,227,68100,0,0
2023-03-22,P004,S003,191,57300,0,0
2023-03-22,P005,S001,190,34200,1,0
2023-03-22,P005,S002,199,35820,1,0
2023-03-22,P005,S003,164,29520,1,0
2023-03-23,P001,S001,175,35000,1,0
2023-03-23,P001,S002,191,38200,1,0
2023-03-23,P001,S003,113,22600,0,0
2023-03-23,P002,S001,194,48500,0,0
2023-03-23,P002,S002,220,55000,0,0
2023-03-23,P002,S003,157,39250,0,0
2023-03-23,P003,S001,131,19650,0,0
2023-03-23,P003,S002,140,21000,0,0
2023-03-23,P003,S003,103,15450,0,0
2023-03-23,P004,S001,198,59400,0,0
2023-03-23,P004,S002,264,79200,1,0
2023-03-23,P004,S003,186,55800,0,0
2023-03-23,P005,S001,141,25380,0,0
2023-03-23,P005,S002,163,29340,0,0
2023-03-23,P005,S003,140,25200,0,0
2023-03-24,P001,S001,125,25000,0,0
2023-03-24,P001,S002,168,33600,1,0
2023-03-24,P001,S003,152,30400,1,0
2023-03-24,P002,S001,183,45750,0,0
2023-03-24,P002,S002,249,62250,1,0
2023-03-24,P002,S003,137,34250,0,0
2023-03-24,P003,S001,110,16500,0,0
2023-03-24,P003,S002,153,22950,1,0
2023-03-24,P003,S003,92,13800,0,0
2023-03-24,P004,S001,210,63000,0,0
2023-03-24,P004,S002,245,73500,0,0
2023-03-24,P004,S003,186,55800,0,0
2023-03-24,P005,S001,159,28620,1,0
2023-03-24,P005,S002,202,36360,0,0
2023-03-24,P005,S003,127,22860,0,0
2023-03-25,P001,S001,165,33000,0,0
2023-03-25,P001,S002,236,47200,1,0
2023-03-25,P001,S003,134,26800,0,0
2023-03-25,P002,S001,198,49500,0,0
2023-03-25,P002,S002,198,49500,0,0
2023-03-25,P002,S003,168,42000,0,0
2023-03-25,P003,S001,133,19950,0,0
2023-03-25,P003,S002,147,22050,0,0
2023-03-25,P003,S003,122,18300,0,0
2023-03-25,P004,S001,266,79800,1,0
2023-03-25,P004,S002,285,85500,0,0
2023-03-25,P004,S003,230,69000,1,0
2023-03-25,P005,S001,207,37260,1,0
2023-03-25,P005,S002,183,32940,0,0
2023-03-25,P005,S003,130,23400,0,0
2023-03-26,P001,S001,162,32400,0,0
2023-03-26,P001,S002,141,28200,0,0
2023-03-26,P001,S003,156,31200,1,0
2023-03-26,P002,S001,176,44000,0,0
2023-03-26,P002,S002,242,60500,0,0
2023-03-26,P002,S003,221,55250,1,0
2023-03-26,P003,S001,117,17550,0,0
2023-03-26,P003,S002,133,19950,0,0
2023-03-26,P003,S003,133,19950,1,0
2023-03-26,P004,S001,252,75600,1,0
2023-03-26,P004,S002,355,106500,1,0
2023-03-26,P004,S003,179,53700,0,0
2023-03-26,P005,S001,191,34380,0,0
2023-03-26,P005,S002,197,35460,0,0
2023-03-26,P005,S003,188,33840,1,0
2023-03-27,P001,S001,141,28200,0,0
2023-03-27,P001,S002,140,28000,0,0
2023-03-27,P001,S003,134,26800,0,0
2023-03-27,P002,S001,210,52500,1,0
2023-03-27,P002,S002,186,46500,0,0
2023-03-27,P002,S003,171,42750,0,0
2023-03-27,P003,S001,126,18900,0,0
2023-03-27,P003,S002,175,26250,1,0
2023-03-27,P003,S003,135,20250,1,0
2023-03-27,P004,S001,201,60300,0,0
2023-03-27,P004,S002,252,75600,0,0
2023-03-27,P004,S003,205,61500,0,0
2023-03-27,P005,S001,163,29340,0,0
2023-03-27,P005,S002,169,30420,1,0
2023-03-27,P005,S003,135,24300,0,0
2023-03-28,P001,S001,158,31600,1,0
2023-03-28,P001,S002,179,35800,0,0
2023-03-28,P001,S003,150,30000,1,0
2023-03-28,P002,S001,181,45250,0,0
2023-03-28,P002,S002,204,51000,0,0
2023-03-28,P002,S003,209,52250,1,0
2023-03-28,P003,S001,133,19950,0,0
2023-03-28,P003,S002,161,24150,1,0
2023-03-28,P003,S003,107,16050,0,0
2023-03-28,P004,S001,233,69900,0,0
2023-03-28,P004,S002,220,66000,0,0
2023-03-28,P004,S003,208,62400,1,0
2023-03-28,P005,S001,144,25920,0,0
2023-03-28,P005,S002,185,33300,0,0
2023-03-28,P005,S003,137,24660,0,0
2023-03-29,P001,S001,133,26600,0,0
2023-03-29,P001,S002,177,35400,0,0
2023-03-29,P001,S003,111,22200,0,0
2023-03-29,P002,S001,165,41250,0,0
2023-03-29,P002,S002,238,59500,1,0
2023-03-29,P002,S003,180,45000,0,0
2023-03-29,P003,S001,110,16500,0,0
2023-03-29,P003,S002,140,21000,0,0
2023-03-29,P003,S003,104,15600,0,0
2023-03-29,P004,S001,190,57000,0,0
2023-03-29,P004,S002,251,75300,0,0
2023-03-29,P004,S003,221,66300,1,0
2023-03-29,P005,S001,145,26100,0,0
2023-03-29,P005,S002,156,28080,0,0
2023-03-29,P005,S003,165,29700,1,0
2023-03-30,P001,S001,157,31400,0,0
2023-03-30,P001,S002,153,30600,0,0
2023-03-30,P001,S003,115,23000,0,0
2023-03-30,P002,S001,152,38000,0,0
2023-03-30,P002,S002,173,43250,0,0
2023-03-30,P002,S003,156,39000,0,0
2023-03-30,P003,S001,117,17550,0,0
2023-03-30,P003,S002,138,20700,0,0
2023-03-30,P003,S003,104,15600,0,0
2023-03-30,P004,S001,213,63900,0,0
2023-03-30,P004,S002,270,81000,0,0
2023-03-30,P004,S003,208,62400,0,0
2023-03-30,P005,S001,166,29880,0,0
2023-03-30,P005,S002,188,33840,0,0
2023-03-30,P005,S003,143,25740,0,0
2023-03-31,P001,S001,147,29400,1,0
2023-03-31,P001,S002,190,38000,1,0
2023-03-31,P001,S003,129,25800,0,0
2023-03-31,P002,S001,163,40750,0,0
2023-03-31,P002,S002,228,57000,0,0
2023-03-31,P002,S003,153,38250,0,0
2023-03-31,P003,S001,122,18300,1,0
2023-03-31,P003,S002,130,19500,0,0
2023-03-31,P003,S003,108,16200,0,0
2023-03-31,P004,S001,234,70200,1,0
2023-03-31,P004,S002,239,71700,0,0
2023-03-31,P004,S003,197,59100,1,0
2023-03-31,P005,S001,146,26280,0,0
2023-03-31,P005,S002,174,31320,0,0
2023-03-31,P005,S003,135,24300,0,0
2023-04-01,P001,S001,161,32200,0,0
2023-04-01,P001,S002,160,32000,0,0
2023-04-01,P001,S003,140,28000,0,0
2023-04-01,P002,S001,198,49500,0,0
2023-04-01,P002,S002,205,51250,0,0
2023-04-01,P002,S003,158,39500,0,0
2023-04-01,P003,S001,143,21450,0,0
2023-04-01,P003,S002,141,21150,0,0
2023-04-01,P003,S003,117,17550,0,0
2023-04-01,P004,S001,282,84600,1,0
2023-04-01,P004,S002,278,83400,1,0
2023-04-01,P004,S003,207,62100,0,0
2023-04-01,P005,S001,166,29880,0,0
2023-04-01,P005,S002,214,38520,0,0
2023-04-01,P005,S003,149,26820,0,0
2023-04-02,P001,S001,160,32000,0,0
2023-04-02,P001,S002,185,37000,0,0
2023-04-02,P001,S003,133,26600,0,0
2023-04-02,P002,S001,266,66500,1,0
2023-04-02,P002,S002,204,51000,0,0
2023-04-02,P002,S003,148,37000,0,0
2023-04-02,P003,S001,105,15750,0,0
2023-04-02,P003,S002,167,25050,1,0
2023-04-02,P003,S003,97,14550,0,0
2023-04-02,P004,S001,214,64200,0,0
2023-04-02,P004,S002,261,78300,0,0
2023-04-02,P004,S003,250,75000,1,0
2023-04-02,P005,S001,159,28620,0,0
2023-04-02,P005,S002,178,32040,0,0
2023-04-02,P005,S003,142,25560,0,0
2023-04-03,P001,S001,143,28600,0,0
2023-04-03,P001,S002,174,34800,1,0
2023-04-03,P001,S003,140,28000,1,0
2023-04-03,P002,S001,176,44000,0,0
2023-04-03,P002,S002,199,49750,0,0
2023-04-03,P002,S003,134,33500,0,0
2023-04-03,P003,S001,124,18600,0,0
2023-04-03,P003,S002,152,22800,1,0
2023-04-03,P003,S003,94,14100,0,0
2023-04-03,P004,S001,184,55200,0,0
2023-04-03,P004,S002,309,92700,1,0
2023-04-03,P004,S003,154,46200,0,0
2023-04-03,P005,S001,154,27720,0,0
2023-04-03,P005,S002,219,39420,1,0
2023-04-03,P005,S003,156,28080,1,0
2023-04-04,P001,S001,155,31000,0,0
2023-04-04,P001,S002,146,29200,0,0
2023-04-04,P001,S003,129,25800,0,0
2023-04-04,P002,S001,173,43250,0,0
2023-04-04,P002,S002,225,56250,0,0
2023-04-04,P002,S003,151,37750,0,0
2023-04-04,P003,S001,118,17700,0,0
2023-04-04,P003,S002,133,19950,0,0
2023-04-04,P003,S003,91,13650,0,0
2023-04-04,P004,S001,204,61200,0,0
2023-04-04,P004,S002,226,67800,0,0
2023-04-04,P004,S003,187,56100,0,0
2023-04-04,P005,S001,154,27720,0,0
2023-04-04,P005,S002,190,34200,0,0
2023-04-04,P005,S003,109,19620,0,0
2023-04-05,P001,S001,138,27600,0,0
2023-04-05,P001,S002,142,28400,0,0
2023-04-05,P001,S003,155,31000,1,0
2023-04-05,P002,S001,202,50500,0,0
2023-04-05,P002,S002,192,48000,0,0
2023-04-05,P002,S003,145,36250,0,0
2023-04-05,P003,S001,110,16500,0,0
2023-04-05,P003,S002,142,21300,1,0
2023-04-05,P003,S003,81,12150,0,0
2023-04-05,P004,S001,211,63300,0,0
2023-04-05,P004,S002,284,85200,1,0
2023-04-05,P004,S003,174,52200,0,0
2023-04-05,P005,S001,136,24480,0,0
2023-04-05,P005,S002,183,32940,0,0
2023-04-05,P005,S003,147,26460,0,0
2023-04-06,P001,S001,167,33400,1,0
2023-04-06,P001,S002,158,31600,1,0
2023-04-06,P001,S003,146,29200,1,0
2023-04-06,P002,S001,176,44000,0,0
2023-04-06,P002,S002,232,58000,1,0
2023-04-06,P002,S003,152,38000,0,0
2023-04-06,P003,S001,130,19500,1,0
2023-04-06,P003,S002,155,23250,1,0
2023-04-06,P003,S003,111,16650,0,0
2023-04-06,P004,S001,251,75300,1,0
2023-04-06,P004,S002,227,68100,0,0
2023-04-06,P004,S003,181,54300,0,0
2023-04-06,P005,S001,198,35640,1,0
2023-04-06,P005,S002,157,28260,0,0
2023-04-06,P005,S003,127,22860,0,0
2023-04-07,P001,S001,135,27000,0,0
2023-04-07,P001,S002,150,30000,0,0
2023-04-07,P001,S003,137,27400,0,0
2023-04-07,P002,S001,185,46250,0,0
2023-04-07,P002,S002,194,48500,0,0
2023-04-07,P002,S003,181,45250,0,0
2023-04-07,P003,S001,140,21000,1,0
2023-04-07,P003,S002,148,22200,0,0
2023-04-07,P003,S003,138,20700,1,0
2023-04-07,P004,S001,256,76800,1,0
2023-04-07,P004,S002,259,77700,1,0
2023-04-07,P004,S003,187,56100,0,0
2023-04-07,P005,S001,140,25200,0,0
2023-04-07,P005,S002,179,32220,0,0
2023-04-07,P005,S003,166,29880,1,0
2023-04-08,P001,S001,185,37000,1,0
2023-04-08,P001,S002,185,37000,0,0
2023-04-08,P001,S003,140,28000,0,0
2023-04-08,P002,S001,188,47000,0,0
2023-04-08,P002,S002,196,49000,0,0
2023-04-08,P002,S003,162,40500,0,0
2023-04-08,P003,S001,116,17400,0,0
2023-04-08,P003,S002,155,23250,0,0
2023-04-08,P003,S003,112,16800,0,0
2023-04-08,P004,S001,231,69300,0,0
2023-04-08,P004,S002,251,75300,0,0
2023-04-08,P004,S003,267,80100,1,0
2023-04-08,P005,S001,172,30960,0,0
2023-04-08,P005,S002,190,34200,0,0
2023-04-08,P005,S003,147,26460,0,0
2023-04-09,P001,S001,141,28200,0,0
2023-04-09,P001,S002,166,33200,0,0
2023-04-09,P001,S003,120,24000,0,0
2023-04-09,P002,S001,199,49750,0,0
2023-04-09,P002,S002,276,69000,1,0
2023-04-09,P002,S003,181,45250,0,0
2023-04-09,P003,S001,117,17550,0,0
2023-04-09,P003,S002,162,24300,0,0
2023-04-09,P003,S003,110,16500,0,0
2023-04-09,P004,S001,236,70800,0,0
2023-04-09,P004,S002,235,70500,0,0
2023-04-09,P004,S003,268,80400,1,0
2023-04-09,P005,S001,207,37260,1,0
2023-04-09,P005,S002,221,39780,1,0
2023-04-09,P005,S003,170,30600,1,0
2023-04-10,P001,S001,145,29000,0,0
2023-04-10,P001,S002,173,34600,0,0
2023-04-10,P001,S003,139,27800,1,0
2023-04-10,P002,S001,205,51250,1,0
2023-04-10,P002,S002,190,47500,0,0
2023-04-10,P002,S003,170,42500,0,0
2023-04-10,P003,S001,109,16350,0,0
2023-04-10,P003,S002,119,17850,0,0
2023-04-10,P003,S003,109,16350,0,0
2023-04-10,P004,S001,274,82200,1,0
2023-04-10,P004,S002,249,74700,0,0
2023-04-10,P004,S003,242,72600,1,0
2023-04-10,P005,S001,173,31140,0,0
2023-04-10,P005,S002,233,41940,1,0
2023-04-10,P005,S003,184,33120,1,0
2023-04-11,P001,S001,189,37800,1,0
2023-04-11,P001,S002,152,30400,0,0
2023-04-11,P001,S003,131,26200,0,0
2023-04-11,P002,S001,209,52250,1,0
2023-04-11,P002,S002,175,43750,0,0
2023-04-11,P002,S003,188,47000,1,0
2023-04-11,P003,S001,150,22500,1,0
2023-04-11,P003,S002,138,20700,0,0
2023-04-11,P003,S003,103,15450,0,0
2023-04-11,P004,S001,196,58800,0,0
2023-04-11,P004,S002,248,74400,0,0
2023-04-11,P004,S003,183,54900,0,0
2023-04-11,P005,S001,162,29160,0,0
2023-04-11,P005,S002,186,33480,0,0
2023-04-11,P005,S003,139,25020,0,0
2023-04-12,P001,S001,126,25200,0,0
2023-04-12,P001,S002,153,30600,0,0
2023-04-12,P001,S003,142,28400,0,0
2023-04-12,P002,S001,215,53750,1,0
2023-04-12,P002,S002,219,54750,0,0
2023-04-12,P002,S003,171,42750,1,0
2023-04-12,P003,S001,143,21450,0,0
2023-04-12,P003,S002,114,17100,0,0
2023-04-12,P003,S003,129,19350,1,0
2023-04-12,P004,S001,178,53400,0,0
2023-04-12,P004,S002,259,77700,0,0
2023-04-12,P004,S003,174,52200,0,0
2023-04-12,P005,S001,147,26460,0,0
2023-04-12,P005,S002,211,37980,1,0
2023-04-12,P005,S003,143,25740,0,0
2023-04-13,P001,S001,163,32600,1,0
2023-04-13,P001,S002,161,32200,0,0
2023-04-13,P001,S003,127,25400,0,0
2023-04-13,P002,S001,173,43250,0,0
2023-04-13,P002,S002,234,58500,1,0
2023-04-13,P002,S003,149,37250,0,0
2023-04-13,P003,S001,141,21150,1,0
2023-04-13,P003,S002,162,24300,1,0
2023-04-13,P003,S003,98,14700,0,0
2023-04-13,P004,S001,204,61200,0,0
2023-04-13,P004,S002,205,61500,0,0
2023-04-13,P004,S003,182,54600,0,0
2023-04-13,P005,S001,129,23220,0,0
2023-04-13,P005,S002,198,35640,1,0
2023-04-13,P005,S003,123,22140,0,0
2023-04-14,P001,S001,129,25800,0,0
2023-04-14,P001,S002,176,35200,0,0
2023-04-14,P001,S003,113,22600,0,0
2023-04-14,P002,S001,167,41750,0,0
2023-04-14,P002,S002,203,50750,0,0
2023-04-14,P002,S003,157,39250,1,0
2023-04-14,P003,S001,113,16950,0,0
2023-04-14,P003,S002,161,24150,1,0
2023-04-14,P003,S003,94,14100,0,0
2023-04-14,P004,S001,183,54900,0,0
2023-04-14,P004,S002,252,75600,0,0
2023-04-14,P004,S003,158,47400,0,0
2023-04-14,P005,S001,173,31140,1,0
2023-04-14,P005,S002,155,27900,0,0
2023-04-14,P005,S003,109,19620,0,0
2023-04-15,P001,S001,165,33000,0,0
2023-04-15,P001,S002,220,44000,1,0
2023-04-15,P001,S003,150,30000,0,0
2023-04-15,P002,S001,230,57500,1,0
2023-04-15,P002,S002,237,59250,1,0
2023-04-15,P002,S003,164,41000,0,0
2023-04-15,P003,S001,93,13950,0,0
2023-04-15,P003,S002,154,23100,1,0
2023-04-15,P003,S003,111,16650,0,0
2023-04-15,P004,S001,246,73800,0,0
2023-04-15,P004,S002,251,75300,0,0
2023-04-15,P004,S003,210,63000,0,0
2023-04-15,P005,S001,201,36180,1,0
2023-04-15,P005,S002,170,30600,0,0
2023-04-15,P005,S003,133,23940,0,0
2023-04-16,P001,S001,160,32000,0,0
2023-04-16,P001,S002,162,32400,0,0
2023-04-16,P001,S003,141,28200,0,0
2023-04-16,P002,S001,176,44000,0,0
2023-04-16,P002,S002,205,51250,0,0
2023-04-16,P002,S003,211,52750,1,0
2023-04-16,P003,S001,149,22350,1,0
2023-04-16,P003,S002,141,21150,0,0
2023-04-16,P003,S003,125,18750,1,0
2023-04-16,P004,S001,229,68700,0,0
2023-04-16,P004,S002,292,87600,1,0
2023-04-16,P004,S003,256,76800,1,0
2023-04-16,P005,S001,151,27180,0,0
2023-04-16,P005,S002,183,32940,0,0
2023-04-16,P005,S003,154,27720,0,0
2023-04-17,P001,S001,141,28200,0,0
2023-04-17,P001,S002,163,32600,0,0
2023-04-17,P001,S003,147,29400,1,0
2023-04-17,P002,S001,156,39000,0,0
2023-04-17,P002,S002,211,52750,0,0
2023-04-17,P002,S003,155,38750,0,0
2023-04-17,P003,S001,109,16350,0,0
2023-04-17,P003,S002,149,22350,1,0
2023-04-17,P003,S003,116,17400,0,0
2023-04-17,P004,S001,203,60900,0,0
2023-04-17,P004,S002,274,82200,0,0
2023-04-17,P004,S003,198,59400,1,0
2023-04-17,P005,S001,196,35280,1,0
2023-04-17,P005,S002,167,30060,0,0
2023-04-17,P005,S003,128,23040,0,0
2023-04-18,P001,S001,126,25200,0,0
2023-04-18,P001,S002,159,31800,0,0
2023-04-18,P001,S003,133,26600,0,0
2023-04-18,P002,S001,173,43250,0,0
2023-04-18,P002,S002,190,47500,0,0
2023-04-18,P002,S003,163,40750,1,0
2023-04-18,P003,S001,112,16800,0,0
2023-04-18,P003,S002,135,20250,0,0
2023-04-18,P003,S003,96,14400,0,0
2023-04-18,P004,S001,227,68100,0,0
2023-04-18,P004,S002,228,68400,0,0
2023-04-18,P004,S003,229,68700,1,0
2023-04-18,P005,S001,144,25920,0,0
2023-04-18,P005,S002,182,32760,0,0
2023-04-18,P005,S003,136,24480,0,0
2023-04-19,P001,S001,155,31000,0,0
2023-04-19,P001,S002,160,32000,0,0
2023-04-19,P001,S003,129,25800,0,0
2023-04-19,P002,S001,175,43750,0,0
2023-04-19,P002,S002,179,44750,0,0
2023-04-19,P002,S003,203,50750,1,0
2023-04-19,P003,S001,141,21150,1,0
2023-04-19,P003,S002,138,20700,0,0
2023-04-19,P003,S003,112,16800,0,0
2023-04-19,P004,S001,224,67200,0,0
2023-04-19,P004,S002,260,78000,1,0
2023-04-19,P004,S003,167,50100,0,0
2023-04-19,P005,S001,139,25020,0,0
2023-04-19,P005,S002,185,33300,1,0
2023-04-19,P005,S003,155,27900,1,0
2023-04-20,P001,S001,150,30000,1,0
2023-04-20,P001,S002,145,29000,0,0
2023-04-20,P001,S003,152,30400,1,0
2023-04-20,P002,S001,150,37500,0,0
2023-04-20,P002,S002,198,49500,0,0
2023-04-20,P002,S003,165,41250,0,0
2023-04-20,P003,S001,122,18300,0,0
2023-04-20,P003,S002,166,24900,1,0
2023-04-20,P003,S003,109,16350,0,0
2023-04-20,P004,S001,217,65100,0,0
2023-04-20,P004,S002,216,64800,0,0
2023-04-20,P004,S003,182,54600,0,0
2023-04-20,P005,S001,156,28080,0,0
2023-04-20,P005,S002,165,29700,0,0
2023-04-20,P005,S003,129,23220,0,0
2023-04-21,P001,S001,140,28000,0,0
2023-04-21,P001,S002,180,36000,0,0
2023-04-21,P001,S003,132,26400,0,0
2023-04-21,P002,S001,150,37500,0,0
2023-04-21,P002,S002,200,50000,0,0
2023-04-21,P002,S003,171,42750,1,0
2023-04-21,P003,S001,123,18450,0,0
2023-04-21,P003,S002,174,26100,1,0
2023-04-21,P003,S003,143,21450,1,0
2023-04-21,P004,S001,264,79200,1,0
2023-04-21,P004,S002,247,74100,0,0
2023-04-21,P004,S003,194,58200,0,0
2023-04-21,P005,S001,137,24660,0,0
2023-04-21,P005,S002,204,36720,1,0
2023-04-21,P005,S003,136,24480,0,0
2023-04-22,P001,S001,143,28600,0,0
2023-04-22,P001,S002,180,36000,0,0
2023-04-22,P001,S003,159,31800,0,0
2023-04-22,P002,S001,163,40750,0,0
2023-04-22,P002,S002,274,68500,1,0
2023-04-22,P002,S003,204,51000,1,0
2023-04-22,P003,S001,131,19650,0,0
2023-04-22,P003,S002,147,22050,0,0
2023-04-22,P003,S003,111,16650,0,0
2023-04-22,P004,S001,202,60600,0,0
2023-04-22,P004,S002,275,82500,0,0
2023-04-22,P004,S003,212,63600,0,0
2023-04-22,P005,S001,170,30600,0,0
2023-04-22,P005,S002,206,37080,0,0
2023-04-22,P005,S003,142,25560,0,0
2023-04-23,P001,S001,151,30200,0,0
2023-04-23,P001,S002,163,32600,0,0
2023-04-23,P001,S003,157,31400,1,0
2023-04-23,P002,S001,204,51000,1,0
2023-04-23,P002,S002,245,61250,1,0
2023-04-23,P002,S003,140,35000,0,0
2023-04-23,P003,S001,156,23400,1,0
2023-04-23,P003,S002,168,25200,0,0
2023-04-23,P003,S003,103,15450,0,0
2023-04-23,P004,S001,222,66600,0,0
2023-04-23,P004,S002,357,107100,1,0
2023-04-23,P004,S003,213,63900,0,0
2023-04-23,P005,S001,168,30240,0,0
2023-04-23,P005,S002,210,37800,1,0
2023-04-23,P005,S003,145,26100,0,0
2023-04-24,P001,S001,131,26200,0,0
2023-04-24,P001,S002,164,32800,0,0
2023-04-24,P001,S003,128,25600,0,0
2023-04-24,P002,S001,166,41500,0,0
2023-04-24,P002,S002,194,48500,0,0
2023-04-24,P002,S003,169,42250,0,0
2023-04-24,P003,S001,127,19050,0,0
2023-04-24,P003,S002,128,19200,0,0
2023-04-24,P003,S003,121,18150,1,0
2023-04-24,P004,S001,187,56100,0,0
2023-04-24,P004,S002,279,83700,1,0
2023-04-24,P004,S003,186,55800,0,0
2023-04-24,P005,S001,131,23580,0,0
2023-04-24,P005,S002,212,38160,1,0
2023-04-24,P005,S003,158,28440,1,0
2023-04-25,P001,S001,184,36800,1,0
2023-04-25,P001,S002,177,35400,0,0
2023-04-25,P001,S003,173,34600,1,0
2023-04-25,P002,S001,177,44250,0,0
2023-04-25,P002,S002,194,48500,0,0
2023-04-25,P002,S003,190,47500,1,0
2023-04-25,P003,S001,113,16950,0,0
2023-04-25,P003,S002,144,21600,0,0
2023-04-25,P003,S003,131,19650,1,0
2023-04-25,P004,S001,199,59700,0,0
2023-04-25,P004,S002,251,75300,0,0
2023-04-25,P004,S003,160,48000,0,0
2023-04-25,P005,S001,167,30060,0,0
2023-04-25,P005,S002,162,29160,0,0
2023-04-25,P005,S003,149,26820,0,0
2023-04-26,P001,S001,133,26600,0,0
2023-04-26,P001,S002,191,38200,1,0
2023-04-26,P001,S003,121,24200,0,0
2023-04-26,P002,S001,179,44750,0,0
2023-04-26,P002,S002,180,45000,0,0
2023-04-26,P002,S003,127,31750,0,0
2023-04-26,P003,S001,127,19050,0,0
2023-04-26,P003,S002,148,22200,0,0
2023-04-26,P003,S003,119,17850,1,0
2023-04-26,P004,S001,193,57900,0,0
2023-04-26,P004,S002,234,70200,0,0
2023-04-26,P004,S003,169,50700,0,0
2023-04-26,P005,S001,154,27720,0,0
2023-04-26,P005,S002,167,30060,0,0
2023-04-26,P005,S003,155,27900,1,0
2023-04-27,P001,S001,158,31600,1,0
2023-04-27,P001,S002,157,31400,0,0
2023-04-27,P001,S003,121,24200,0,0
2023-04-27,P002,S001,171,42750,0,0
2023-04-27,P002,S002,188,47000,0,0
2023-04-27,P002,S003,168,42000,0,0
2023-04-27,P003,S001,118,17700,0,0
2023-04-27,P003,S002,131,19650,0,0
2023-04-27,P003,S003,95,14250,0,0
2023-04-27,P004,S001,267,80100,1,0
2023-04-27,P004,S002,226,67800,0,0
2023-04-27,P004,S003,187,56100,0,0
2023-04-27,P005,S001,171,30780,1,0
2023-04-27,P005,S002,181,32580,0,0
2023-04-27,P005,S003,136,24480,1,0
2023-04-28,P001,S001,157,31400,1,0
2023-04-28,P001,S002,167,33400,0,0
2023-04-28,P001,S003,116,23200,0,0
2023-04-28,P002,S001,146,36500,0,0
2023-04-28,P002,S002,188,47000,0,0
2023-04-28,P002,S003,158,39500,0,0
2023-04-28,P003,S001,125,18750,1,0
2023-04-28,P003,S002,156,23400,1,0
2023-04-28,P003,S003,102,15300,0,0
2023-04-28,P004,S001,235,70500,0,0
2023-04-28,P004,S002,222,66600,0,0
2023-04-28,P004,S003,210,63000,0,0
2023-04-28,P005,S001,139,25020,0,0
2023-04-28,P005,S002,179,32220,0,0
2023-04-28,P005,S003,157,28260,1,0
2023-04-29,P001,S001,146,29200,0,0
2023-04-29,P001,S002,155,31000,0,0
2023-04-29,P001,S003,142,28400,0,0
2023-04-29,P002,S001,245,61250,1,0
2023-04-29,P002,S002,227,56750,0,0
2023-04-29,P002,S003,161,40250,0,0
2023-04-29,P003,S001,123,18450,0,0
2023-04-29,P003,S002,172,25800,1,0
2023-04-29,P003,S003,119,17850,0,0
2023-04-29,P004,S001,248,74400,0,0
2023-04-29,P004,S002,307,92100,1,0
2023-04-29,P004,S003,175,52500,0,0
2023-04-29,P005,S001,140,25200,0,0
2023-04-29,P005,S002,177,31860,0,0
2023-04-29,P005,S003,191,34380,1,0
2023-04-30,P001,S001,158,31600,0,0
2023-04-30,P001,S002,221,44200,1,0
2023-04-30,P001,S003,129,25800,0,0
2023-04-30,P002,S001,219,54750,1,0
2023-04-30,P002,S002,234,58500,0,0
2023-04-30,P002,S003,193,48250,0,0
2023-04-30,P003,S001,136,20400,0,0
2023-04-30,P003,S002,156,23400,0,0
2023-04-30,P003,S003,107,16050,0,0
2023-04-30,P004,S001,239,71700,0,0
2023-04-30,P004,S002,234,70200,0,0
2023-04-30,P004,S003,223,66900,0,0
2023-04-30,P005,S001,169,30420,0,0
2023-04-30,P005,S002,185,33300,0,0
2023-04-30,P005,S003,148,26640,1,0
2023-05-01,P001,S001,128,25600,0,0
2023-05-01,P001,S002,151,30200,0,0
2023-05-01,P001,S003,119,23800,0,0
2023-05-01,P002,S001,161,40250,0,0
2023-05-01,P002,S002,181,45250,0,0
2023-05-01,P002,S003,137,34250,0,0
2023-05-01,P003,S001,148,22200,1,0
2023-05-01,P003,S002,145,21750,0,0
2023-05-01,P003,S003,100,15000,0,0
2023-05-01,P004,S001,184,55200,0,0
2023-05-01,P004,S002,249,74700,1,0
2023-05-01,P004,S003,173,51900,0,0
2023-05-01,P005,S001,164,29520,0,0
2023-05-01,P005,S002,200,36000,1,0
2023-05-01,P005,S003,168,30240,1,0
2023-05-02,P001,S001,172,34400,1,0
2023-05-02,P001,S002,159,31800,0,0
2023-05-02,P001,S003,107,21400,0,0
2023-05-02,P002,S001,179,44750,0,0
2023-05-02,P002,S002,170,42500,0,0
2023-05-02,P002,S003,139,34750,0,0
2023-05-02,P003,S001,112,16800,0,0
2023-05-02,P003,S002,122,18300,0,0
2023-05-02,P003,S003,101,15150,0,0
2023-05-02,P004,S001,177,53100,0,0
2023-05-02,P004,S002,213,63900,0,0
2023-05-02,P004,S003,186,55800,0,0
2023-05-02,P005,S001,174,31320,0,0
2023-05-02,P005,S002,182,32760,0,0
2023-05-02,P005,S003,112,20160,0,0
2023-05-03,P001,S001,128,25600,0,0
2023-05-03,P001,S002,144,28800,0,0
2023-05-03,P001,S003,118,23600,0,0
2023-05-03,P002,S001,168,42000,0,0
2023-05-03,P002,S002,216,54000,1,0
2023-05-03,P002,S003,160,40000,0,0
2023-05-03,P003,S001,120,18000,0,0
2023-05-03,P003,S002,137,20550,0,0
2023-05-03,P003,S003,91,13650,0,0
2023-05-03,P004,S001,202,60600,0,0
2023-05-03,P004,S002,245,73500,0,0
2023-05-03,P004,S003,227,68100,1,0
2023-05-03,P005,S001,151,27180,0,0
2023-05-03,P005,S002,182,32760,0,0
2023-05-03,P005,S003,123,22140,0,0
2023-05-04,P001,S001,113,22600,0,0
2023-05-04,P001,S002,177,35400,1,0
2023-05-04,P001,S003,139,27800,1,0
2023-05-04,P002,S001,198,49500,0,0
2023-05-04,P002,S002,179,44750,0,0
2023-05-04,P002,S003,162,40500,0,0
2023-05-04,P003,S001,129,19350,0,0
2023-05-04,P003,S002,146,21900,0,0
2023-05-04,P003,S003,98,14700,0,0
2023-05-04,P004,S001,210,63000,0,0
2023-05-04,P004,S002,277,83100,1,0
2023-05-04,P004,S003,166,49800,0,0
2023-05-04,P005,S001,158,28440,0,0
2023-05-04,P005,S002,172,30960,0,0
2023-05-04,P005,S003,119,21420,0,0
2023-05-05,P001,S001,127,25400,0,0
2023-05-05,P001,S002,179,35800,1,0
2023-05-05,P001,S003,130,26000,0,0
2023-05-05,P002,S001,149,37250,0,0
2023-05-05,P002,S002,186,46500,1,0
2023-05-05,P002,S003,161,40250,1,0
2023-05-05,P003,S001,111,16650,0,0
2023-05-05,P003,S002,139,20850,1,0
2023-05-05,P003,S003,97,14550,0,0
2023-05-05,P004,S001,189,56700,0,0
2023-05-05,P004,S002,189,56700,0,0
2023-05-05,P004,S003,168,50400,0,0
2023-05-05,P005,S001,140,25200,0,0
2023-05-05,P005,S002,176,31680,0,0
2023-05-05,P005,S003,149,26820,0,0
2023-05-06,P001,S001,136,27200,0,0
2023-05-06,P001,S002,202,40400,1,0
2023-05-06,P001,S003,163,32600,1,0
2023-05-06,P002,S001,216,54000,0,0
2023-05-06,P002,S002,199,49750,0,0
2023-05-06,P002,S003,152,38000,0,0
2023-05-06,P003,S001,117,17550,0,0
2023-05-06,P003,S002,129,19350,0,0
2023-05-06,P003,S003,114,17100,0,0
2023-05-06,P004,S001,234,70200,0,0
2023-05-06,P004,S002,254,76200,0,0
2023-05-06,P004,S003,198,59400,0,0
2023-05-06,P005,S001,174,31320,0,0
2023-05-06,P005,S002,177,31860,0,0
2023-05-06,P005,S003,150,27000,0,0
2023-05-07,P001,S001,142,28400,0,0
2023-05-07,P001,S002,151,30200,0,0
2023-05-07,P001,S003,143,28600,0,0
2023-05-07,P002,S001,185,46250,0,0
2023-05-07,P002,S002,226,56500,0,0
2023-05-07,P002,S003,202,50500,1,0
2023-05-07,P003,S001,126,18900,0,0
2023-05-07,P003,S002,130,19500,0,0
2023-05-07,P003,S003,131,19650,0,0
2023-05-07,P004,S001,271,81300,1,0
2023-05-07,P004,S002,277,83100,0,0
2023-05-07,P004,S003,233,69900,1,0
2023-05-07,P005,S001,149,26820,0,0
2023-05-07,P005,S002,192,34560,0,0
2023-05-07,P005,S003,127,22860,0,0
2023-05-08,P001,S001,148,29600,0,0
2023-05-08,P001,S002,148,29600,0,0
2023-05-08,P001,S003,126,25200,0,0
2023-05-08,P002,S001,169,42250,0,0
2023-05-08,P002,S002,207,51750,0,0
2023-05-08,P002,S003,195,48750,1,0
2023-05-08,P003,S001,111,16650,0,0
2023-05-08,P003,S002,133,19950,1,0
2023-05-08,P003,S003,135,20250,1,0
2023-05-08,P004,S001,176,52800,0,0
2023-05-08,P004,S002,236,70800,0,0
2023-05-08,P004,S003,197,59100,0,0
2023-05-08,P005,S001,149,26820,0,0
2023-05-08,P005,S002,156,28080,0,0
2023-05-08,P005,S003,131,23580,0,0
2023-05-09,P001,S001,126,25200,0,0
2023-05-09,P001,S002,145,29000,0,0
2023-05-09,P001,S003,121,24200,0,0
2023-05-09,P002,S001,131,32750,0,0
2023-05-09,P002,S002,186,46500,0,0
2023-05-09,P002,S003,150,37500,0,0
2023-05-09,P003,S001,111,16650,0,0
2023-05-09,P003,S002,119,17850,0,0
2023-05-09,P003,S003,124,18600,1,0
2023-05-09,P004,S001,198,59400,0,0
2023-05-09,P004,S002,265,79500,0,0
2023-05-09,P004,S003,186,55800,0,0
2023-05-09,P005,S001,164,29520,1,0
2023-05-09,P005,S002,175,31500,0,0
2023-05-09,P005,S003,111,19980,0,0
2023-05-10,P001,S001,133,26600,0,0
2023-05-10,P001,S002,186,37200,1,0
2023-05-10,P001,S003,120,24000,0,0
2023-05-10,P002,S001,154,38500,0,0
2023-05-10,P002,S002,191,47750,0,0
2023-05-10,P002,S003,135,33750,0,0
2023-05-10,P003,S001,125,18750,0,0
2023-05-10,P003,S002,127,19050,0,0
2023-05-10,P003,S003,103,15450,0,0
2023-05-10,P004,S001,175,52500,0,0
2023-05-10,P004,S002,217,65100,0,0
2023-05-10,P004,S003,186,55800,0,0
2023-05-10,P005,S001,154,27720,0,0
2023-05-10,P005,S002,152,27360,0,0
2023-05-10,P005,S003,138,24840,1,0
2023-05-11,P001,S001,164,32800,1,0
2023-05-11,P001,S002,176,35200,1,0
2023-05-11,P001,S003,104,20800,0,0
2023-05-11,P002,S001,170,42500,1,0
2023-05-11,P002,S002,180,45000,0,0
2023-05-11,P002,S003,161,40250,0,0
2023-05-11,P003,S001,120,18000,0,0
2023-05-11,P003,S002,155,23250,1,0
2023-05-11,P003,S003,120,18000,1,0
2023-05-11,P004,S001,191,57300,0,0
2023-05-11,P004,S002,187,56100,0,0
2023-05-11,P004,S003,193,57900,0,0
2023-05-11,P005,S001,176,31680,1,0
2023-05-11,P005,S002,153,27540,0,0
2023-05-11,P005,S003,142,25560,0,0
2023-05-12,P001,S001,119,23800,0,0
2023-05-12,P001,S002,165,33000,0,0
2023-05-12,P001,S003,102,20400,0,0
2023-05-12,P002,S001,198,49500,0,0
2023-05-12,P002,S002,169,42250,0,0
2023-05-12,P002,S003,162,40500,0,0
2023-05-12,P003,S001,104,15600,0,0
2023-05-12,P003,S002,132,19800,0,0
2023-05-12,P003,S003,135,20250,1,0
2023-05-12,P004,S001,193,57900,0,0
2023-05-12,P004,S002,271,81300,0,0
2023-05-12,P004,S003,203,60900,0,0
2023-05-12,P005,S001,126,22680,0,0
2023-05-12,P005,S002,164,29520,0,0
2023-05-12,P005,S003,126,22680,0,0
2023-05-13,P001,S001,145,29000,0,0
2023-05-13,P001,S002,194,38800,1,0
2023-05-13,P001,S003,121,24200,0,0
2023-05-13,P002,S001,180,45000,0,0
2023-05-13,P002,S002,218,54500,0,0
2023-05-13,P002,S003,156,39000,1,0
2023-05-13,P003,S001,130,19500,0,0
2023-05-13,P003,S002,141,21150,0,0
2023-05-13,P003,S003,146,21900,1,0
2023-05-13,P004,S001,251,75300,1,0
2023-05-13,P004,S002,238,71400,0,0
2023-05-13,P004,S003,183,54900,0,0
2023-05-13,P005,S001,163,29340,0,0
2023-05-13,P005,S002,154,27720,0,0
2023-05-13,P005,S003,133,23940,0,0
2023-05-14,P001,S001,147,29400,0,0
2023-05-14,P001,S002,147,29400,0,0
2023-05-14,P001,S003,131,26200,0,0
2023-05-14,P002,S001,200,50000,0,0
2023-05-14,P002,S002,273,68250,1,0
2023-05-14,P002,S003,194,48500,1,0
2023-05-14,P003,S001,130,19500,0,0
2023-05-14,P003,S002,144,21600,0,0
2023-05-14,P003,S003,132,19800,1,0
2023-05-14,P004,S001,228,68400,0,0
2023-05-14,P004,S002,242,72600,0,0
2023-05-14,P004,S003,191,57300,0,0
2023-05-14,P005,S001,162,29160,0,0
2023-05-14,P005,S002,180,32400,0,0
2023-05-14,P005,S003,154,27720,0,0
2023-05-15,P001,S001,140,28000,0,0
2023-05-15,P001,S002,161,32200,0,0
2023-05-15,P001,S003,124,24800,0,0
2023-05-15,P002,S001,167,41750,0,0
2023-05-15,P002,S002,241,60250,1,0
2023-05-15,P002,S003,193,48250,1,0
2023-05-15,P003,S001,113,16950,0,0
2023-05-15,P003,S002,118,17700,0,0
2023-05-15,P003,S003,99,14850,0,0
2023-05-15,P004,S001,174,52200,0,0
2023-05-15,P004,S002,250,75000,0,0
2023-05-15,P004,S003,189,56700,0,0
2023-05-15,P005,S001,133,23940,0,0
2023-05-15,P005,S002,187,33660,1,0
2023-05-15,P005,S003,170,30600,1,0
2023-05-16,P001,S001,149,29800,1,0
2023-05-16,P001,S002,160,32000,1,0
2023-05-16,P001,S003,107,21400,0,0
2023-05-16,P002,S001,161,40250,0,0
2023-05-16,P002,S002,182,45500,0,0
2023-05-16,P002,S003,172,43000,1,0
2023-05-16,P003,S001,139,20850,1,0
2023-05-16,P003,S002,145,21750,1,0
2023-05-16,P003,S003,102,15300,0,0
2023-05-16,P004,S001,215,64500,1,0
2023-05-16,P004,S002,249,74700,0,0
2023-05-16,P004,S003,163,48900,0,0
2023-05-16,P005,S001,143,25740,0,0
2023-05-16,P005,S002,195,35100,1,0
2023-05-16,P005,S003,132,23760,0,0
2023-05-17,P001,S001,168,33600,1,0
2023-05-17,P001,S002,146,29200,0,0
2023-05-17,P001,S003,126,25200,0,0
2023-05-17,P002,S001,180,45000,0,0
2023-05-17,P002,S002,223,55750,1,0
2023-05-17,P002,S003,203,50750,1,0
2023-05-17,P003,S001,113,16950,0,0
2023-05-17,P003,S002,123,18450,0,0
2023-05-17,P003,S003,99,14850,0,0
2023-05-17,P004,S001,226,67800,0,0
2023-05-17,P004,S002,234,70200,0,0
2023-05-17,P004,S003,183,54900,0,0
2023-05-17,P005,S001,148,26640,0,0
2023-05-17,P005,S002,176,31680,0,0
2023-05-17,P005,S003,132,23760,0,0
2023-05-18,P001,S001,138,27600,0,0
2023-05-18,P001,S002,152,30400,0,0
2023-05-18,P001,S003,120,24000,0,0
2023-05-18,P002,S001,178,44500,0,0
2023-05-18,P002,S002,178,44500,0,0
2023-05-18,P002,S003,148,37000,0,0
2023-05-18,P003,S001,129,19350,1,0
2023-05-18,P003,S002,112,16800,0,0
2023-05-18,P003,S003,89,13350,0,0
2023-05-18,P004,S001,198,59400,0,0
2023-05-18,P004,S002,246,73800,0,0
2023-05-18,P004,S003,181,54300,0,0
2023-05-18,P005,S001,136,24480,0,0
2023-05-18,P005,S002,182,32760,0,0
2023-05-18,P005,S003,124,22320,0,0
2023-05-19,P001,S001,145,29000,1,0
2023-05-19,P001,S002,174,34800,0,0
2023-05-19,P001,S003,119,23800,0,0
2023-05-19,P002,S001,186,46500,0,0
2023-05-19,P002,S002,189,47250,0,0
2023-05-19,P002,S003,178,44500,1,0
2023-05-19,P003,S001,97,14550,0,0
2023-05-19,P003,S002,122,18300,0,0
2023-05-19,P003,S003,123,18450,1,0
2023-05-19,P004,S001,208,62400,0,0
2023-05-19,P004,S002,230,69000,0,0
2023-05-19,P004,S003,208,62400,1,0
2023-05-19,P005,S001,143,25740,0,0
2023-05-19,P005,S002,150,27000,0,0
2023-05-19,P005,S003,143,25740,0,0
2023-05-20,P001,S001,154,30800,0,0
2023-05-20,P001,S002,165,33000,0,0
2023-05-20,P001,S003,151,30200,1,0
2023-05-20,P002,S001,209,52250,0,0
2023-05-20,P002,S002,198,49500,0,0
2023-05-20,P002,S003,192,48000,1,0
2023-05-20,P003,S001,162,24300,1,0
2023-05-20,P003,S002,142,21300,0,0
2023-05-20,P003,S003,113,16950,1,0
2023-05-20,P004,S001,267,80100,1,0
2023-05-20,P004,S002,239,71700,0,0
2023-05-20,P004,S003,173,51900,0,0
2023-05-20,P005,S001,181,32580,1,0
2023-05-20,P005,S002,165,29700,0,0
2023-05-20,P005,S003,132,23760,0,0
2023-05-21,P001,S001,148,29600,0,0
2023-05-21,P001,S002,149,29800,0,0
2023-05-21,P001,S003,140,28000,0,0
2023-05-21,P002,S001,212,53000,1,0
2023-05-21,P002,S002,196,49000,0,0
2023-05-21,P002,S003,191,47750,1,0
2023-05-21,P003,S001,111,16650,0,0
2023-05-21,P003,S002,127,19050,0,0
2023-05-21,P003,S003,105,15750,0,0
2023-05-21,P004,S001,222,66600,0,0
2023-05-21,P004,S002,260,78000,0,0
2023-05-21,P004,S003,188,56400,0,0
2023-05-21,P005,S001,154,27720,0,0
2023-05-21,P005,S002,220,39600,1,0
2023-05-21,P005,S003,159,28620,0,0
2023-05-22,P001,S001,159,31800,1,0
2023-05-22,P001,S002,172,34400,1,0
2023-05-22,P001,S003,110,22000,0,0
2023-05-22,P002,S001,177,44250,0,0
2023-05-22,P002,S002,156,39000,0,0
2023-05-22,P002,S003,142,35500,0,0
2023-05-22,P003,S001,102,15300,0,0
2023-05-22,P003,S002,161,24150,1,0
2023-05-22,P003,S003,109,16350,0,0
2023-05-22,P004,S001,194,58200,0,0
2023-05-22,P004,S002,214,64200,0,0
2023-05-22,P004,S003,176,52800,0,0
2023-05-22,P005,S001,147,26460,0,0
2023-05-22,P005,S002,171,30780,0,0
2023-05-22,P005,S003,127,22860,0,0
2023-05-23,P001,S001,175,35000,1,0
2023-05-23,P001,S002,145,29000,0,0
2023-05-23,P001,S003,115,23000,0,0
2023-05-23,P002,S001,192,48000,1,0
2023-05-23,P002,S002,232,58000,1,0
2023-05-23,P002,S003,190,47500,1,0
2023-05-23,P003,S001,99,14850,0,0
2023-05-23,P003,S002,115,17250,0,0
2023-05-23,P003,S003,101,15150,0,0
2023-05-23,P004,S001,217,65100,1,0
2023-05-23,P004,S002,222,66600,0,0
2023-05-23,P004,S003,173,51900,0,0
2023-05-23,P005,S001,156,28080,0,0
2023-05-23,P005,S002,186,33480,0,0
2023-05-23,P005,S003,123,22140,0,0
2023-05-24,P001,S001,137,27400,0,0
2023-05-24,P001,S002,177,35400,1,0
2023-05-24,P001,S003,126,25200,0,0
2023-05-24,P002,S001,150,37500,0,0
2023-05-24,P002,S002,207,51750,0,0
2023-05-24,P002,S003,141,35250,0,0
2023-05-24,P003,S001,98,14700,0,0
2023-05-24,P003,S002,121,18150,0,0
2023-05-24,P003,S003,116,17400,1,0
2023-05-24,P004,S001,181,54300,0,0
2023-05-24,P004,S002,226,67800,0,0
2023-05-24,P004,S003,225,67500,1,0
2023-05-24,P005,S001,134,24120,0,0
2023-05-24,P005,S002,221,39780,1,0
2023-05-24,P005,S003,153,27540,0,0
2023-05-25,P001,S001,129,25800,0,0
2023-05-25,P001,S002,159,31800,0,0
2023-05-25,P001,S003,147,29400,1,0
2023-05-25,P002,S001,163,40750,0,0
2023-05-25,P002,S002,186,46500,0,0
2023-05-25,P002,S003,128,32000,0,0
2023-05-25,P003,S001,109,16350,0,0
2023-05-25,P003,S002,134,20100,0,0
2023-05-25,P003,S003,113,16950,1,0
2023-05-25,P004,S001,152,45600,0,0
2023-05-25,P004,S002,306,91800,1,0
2023-05-25,P004,S003,220,66000,1,0
2023-05-25,P005,S001,156,28080,0,0
2023-05-25,P005,S002,161,28980,0,0
2023-05-25,P005,S003,156,28080,1,0
2023-05-26,P001,S001,138,27600,0,0
2023-05-26,P001,S002,177,35400,1,0
2023-05-26,P001,S003,129,25800,0,0
2023-05-26,P002,S001,157,39250,0,0
2023-05-26,P002,S002,219,54750,0,0
2023-05-26,P002,S003,135,33750,0,0
2023-05-26,P003,S001,114,17100,0,0
2023-05-26,P003,S002,120,18000,0,0
2023-05-26,P003,S003,91,13650,0,0
2023-05-26,P004,S001,184,55200,0,0
2023-05-26,P004,S002,216,64800,1,0
2023-05-26,P004,S003,164,49200,0,0
2023-05-26,P005,S001,152,27360,0,0
2023-05-26,P005,S002,174,31320,0,0
2023-05-26,P005,S003,140,25200,1,0
2023-05-27,P001,S001,151,30200,0,0
2023-05-27,P001,S002,157,31400,0,0
2023-05-27,P001,S003,111,22200,0,0
2023-05-27,P002,S001,194,48500,0,0
2023-05-27,P002,S002,225,56250,0,0
2023-05-27,P002,S003,156,39000,0,0
2023-05-27,P003,S001,132,19800,0,0
2023-05-27,P003,S002,138,20700,0,0
2023-05-27,P003,S003,132,19800,1,0
2023-05-27,P004,S001,258,77400,1,0
2023-05-27,P004,S002,226,67800,0,0
2023-05-27,P004,S003,192,57600,0,0
2023-05-27,P005,S001,142,25560,0,0
2023-05-27,P005,S002,188,33840,0,0
2023-05-27,P005,S003,149,26820,0,0
2023-05-28,P001,S001,148,29600,1,0
2023-05-28,P001,S002,175,35000,0,0
2023-05-28,P001,S003,130,26000,0,0
2023-05-28,P002,S001,188,47000,1,0
2023-05-28,P002,S002,212,53000,0,0
2023-05-28,P002,S003,158,39500,0,0
2023-05-28,P003,S001,114,17100,0,0
2023-05-28,P003,S002,126,18900,0,0
2023-05-28,P003,S003,112,16800,0,0
2023-05-28,P004,S001,219,65700,0,0
2023-05-28,P004,S002,253,75900,0,0
2023-05-28,P004,S003,213,63900,0,0
2023-05-28,P005,S001,176,31680,0,0
2023-05-28,P005,S002,151,27180,0,0
2023-05-28,P005,S003,145,26100,0,0
2023-05-29,P001,S001,126,25200,0,0
2023-05-29,P001,S002,158,31600,0,0
2023-05-29,P001,S003,111,22200,0,0
2023-05-29,P002,S001,190,47500,0,0
2023-05-29,P002,S002,198,49500,0,0
2023-05-29,P002,S003,175,43750,1,0
2023-05-29,P003,S001,120,18000,0,0
2023-05-29,P003,S002,118,17700,0,0
2023-05-29,P003,S003,104,15600,0,0
2023-05-29,P004,S001,194,58200,0,0
2023-05-29,P004,S002,226,67800,0,0
2023-05-29,P004,S003,202,60600,0,0
2023-05-29,P005,S001,204,36720,1,0
2023-05-29,P005,S002,169,30420,0,0
2023-05-29,P005,S003,121,21780,0,0
2023-05-30,P001,S001,131,26200,0,0
2023-05-30,P001,S002,172,34400,1,0
2023-05-30,P001,S003,113,22600,0,0
2023-05-30,P002,S001,200,50000,1,0
2023-05-30,P002,S002,179,44750,0,0
2023-05-30,P002,S003,162,40500,0,0
2023-05-30,P003,S001,108,16200,0,0
2023-05-30,P003,S002,126,18900,0,0
2023-05-30,P003,S003,95,14250,0,0
2023-05-30,P004,S001,178,53400,0,0
2023-05-30,P004,S002,207,62100,0,0
2023-05-30,P004,S003,181,54300,0,0
2023-05-30,P005,S001,167,30060,1,0
2023-05-30,P005,S002,202,36360,1,0
2023-05-30,P005,S003,139,25020,0,0
2023-05-31,P001,S001,124,24800,0,0
2023-05-31,P001,S002,178,35600,0,0
2023-05-31,P001,S003,131,26200,1,0
2023-05-31,P002,S001,180,45000,1,0
2023-05-31,P002,S002,203,50750,0,0
2023-05-31,P002,S003,148,37000,0,0
2023-05-31,P003,S001,103,15450,0,0
2023-05-31,P003,S002,137,20550,1,0
2023-05-31,P003,S003,91,13650,0,0
2023-05-31,P004,S001,198,59400,0,0
2023-05-31,P004,S002,303,90900,1,0
2023-05-31,P004,S003,155,46500,0,0
2023-05-31,P005,S001,144,25920,0,0
2023-05-31,P005,S002,174,31320,0,0
2023-05-31,P005,S003,123,22140,0,0
2023-06-01,P001,S001,164,32800,1,0
2023-06-01,P001,S002,144,28800,0,0
2023-06-01,P001,S003,118,23600,0,0
2023-06-01,P002,S001,163,40750,0,0
2023-06-01,P002,S002,192,48000,0,0
2023-06-01,P002,S003,136,34000,0,0
2023-06-01,P003,S001,116,17400,0,0
2023-06-01,P003,S002,117,17550,0,0
2023-06-01,P003,S003,90,13500,0,0
2023-06-01,P004,S001,180,54000,0,0
2023-06-01,P004,S002,247,74100,1,0
2023-06-01,P004,S003,161,48300,0,0
2023-06-01,P005,S001,133,23940,0,0
2023-06-01,P005,S002,154,27720,0,0
2023-06-01,P005,S003,120,21600,0,0
2023-06-02,P001,S001,121,24200,0,0
2023-06-02,P001,S002,180,36000,1,0
2023-06-02,P001,S003,112,22400,0,0
2023-06-02,P002,S001,159,39750,0,0
2023-06-02,P002,S002,196,49000,1,0
2023-06-02,P002,S003,125,31250,0,0
2023-06-02,P003,S001,129,19350,1,0
2023-06-02,P003,S002,125,18750,0,0
2023-06-02,P003,S003,85,12750,0,0
2023-06-02,P004,S001,202,60600,1,0
2023-06-02,P004,S002,232,69600,0,0
2023-06-02,P004,S003,159,47700,0,0
2023-06-02,P005,S001,151,27180,1,0
2023-06-02,P005,S002,167,30060,1,0
2023-06-02,P005,S003,109,19620,0,0
2023-06-03,P001,S001,158,31600,0,0
2023-06-03,P001,S002,153,30600,0,0
2023-06-03,P001,S003,118,23600,0,0
2023-06-03,P002,S001,153,38250,0,0
2023-06-03,P002,S002,168,42000,0,0
2023-06-03,P002,S003,172,43000,0,0
2023-06-03,P003,S001,122,18300,0,0
2023-06-03,P003,S002,131,19650,0,0
2023-06-03,P003,S003,80,12000,0,0
2023-06-03,P004,S001,198,59400,0,0
2023-06-03,P004,S002,235,70500,0,0
2023-06-03,P004,S003,220,66000,1,0
2023-06-03,P005,S001,137,24660,1,0
2023-06-03,P005,S002,186,33480,0,0
2023-06-03,P005,S003,163,29340,1,0
2023-06-04,P001,S001,110,22000,0,0
2023-06-04,P001,S002,179,35800,1,0
2023-06-04,P001,S003,114,22800,0,0
2023-06-04,P002,S001,168,42000,0,0
2023-06-04,P002,S002,190,47500,0,0
2023-06-04,P002,S003,187,46750,1,0
2023-06-04,P003,S001,96,14400,0,0
2023-06-04,P003,S002,131,19650,0,0
2023-06-04,P003,S003,112,16800,1,0
2023-06-04,P004,S001,193,57900,0,0
2023-06-04,P004,S002,230,69000,0,0
2023-06-04,P004,S003,204,61200,0,0
2023-06-04,P005,S001,152,27360,0,0
2023-06-04,P005,S002,166,29880,0,0
2023-06-04,P005,S003,141,25380,1,0
2023-06-05,P001,S001,147,29400,1,0
2023-06-05,P001,S002,130,26000,0,0
2023-06-05,P001,S003,119,23800,0,0
2023-06-05,P002,S001,152,38000,0,0
2023-06-05,P002,S002,161,40250,0,0
2023-06-05,P002,S003,136,34000,0,0
2023-06-05,P003,S001,110,16500,0,0
2023-06-05,P003,S002,126,18900,0,0
2023-06-05,P003,S003,108,16200,1,0
2023-06-05,P004,S001,194,58200,0,0
2023-06-05,P004,S002,258,77400,1,0
2023-06-05,P004,S003,143,42900,0,0
2023-06-05,P005,S001,155,27900,1,0
2023-06-05,P005,S002,133,23940,0,0
2023-06-05,P005,S003,126,22680,0,0
2023-06-06,P001,S001,115,23000,0,0
2023-06-06,P001,S002,143,28600,0,0
2023-06-06,P001,S003,95,19000,0,0
2023-06-06,P002,S001,154,38500,0,0
2023-06-06,P002,S002,174,43500,0,0
2023-06-06,P002,S003,143,35750,0,0
2023-06-06,P003,S001,120,18000,1,0
2023-06-06,P003,S002,118,17700,0,0
2023-06-06,P003,S003,100,15000,0,0
2023-06-06,P004,S001,237,71100,1,0
2023-06-06,P004,S002,246,73800,0,0
2023-06-06,P004,S003,196,58800,0,0
2023-06-06,P005,S001,160,28800,0,0
2023-06-06,P005,S002,153,27540,0,0
2023-06-06,P005,S003,121,21780,0,0
2023-06-07,P001,S001,170,34000,1,0
2023-06-07,P001,S002,156,31200,0,0
2023-06-07,P001,S003,105,21000,0,0
2023-06-07,P002,S001,143,35750,0,0
2023-06-07,P002,S002,179,44750,1,0
2023-06-07,P002,S003,142,35500,0,0
2023-06-07,P003,S001,114,17100,0,0
2023-06-07,P003,S002,133,19950,1,0
2023-06-07,P003,S003,87,13050,0,0
2023-06-07,P004,S001,141,42300,0,0
2023-06-07,P004,S002,266,79800,1,0
2023-06-07,P004,S003,180,54000,0,0
2023-06-07,P005,S001,135,24300,0,0
2023-06-07,P005,S002,144,25920,0,0
2023-06-07,P005,S003,117,21060,0,0
2023-06-08,P001,S001,119,23800,0,0
2023-06-08,P001,S002,177,35400,1,0
2023-06-08,P001,S003,125,25000,1,0
2023-06-08,P002,S001,166,41500,1,0
2023-06-08,P002,S002,180,45000,1,0
2023-06-08,P002,S003,132,33000,0,0
2023-06-08,P003,S001,110,16500,0,0
2023-06-08,P003,S002,109,16350,0,0
2023-06-08,P003,S003,81,12150,0,0
2023-06-08,P004,S001,166,49800,0,0
2023-06-08,P004,S002,195,58500,0,0
2023-06-08,P004,S003,158,47400,0,0
2023-06-08,P005,S001,143,25740,1,0
2023-06-08,P005,S002,127,22860,0,0
2023-06-08,P005,S003,153,27540,1,0
2023-06-09,P001,S001,112,22400,0,0
2023-06-09,P001,S002,144,28800,0,0
2023-06-09,P001,S003,105,21000,0,0
2023-06-09,P002,S001,143,35750,0,0
2023-06-09,P002,S002,224,56000,1,0
2023-06-09,P002,S003,137,34250,0,0
2023-06-09,P003,S001,112,16800,0,0
2023-06-09,P003,S002,112,16800,0,0
2023-06-09,P003,S003,84,12600,0,0
2023-06-09,P004,S001,179,53700,0,0
2023-06-09,P004,S002,200,60000,0,0
2023-06-09,P004,S003,188,56400,0,0
2023-06-09,P005,S001,125,22500,0,0
2023-06-09,P005,S002,157,28260,0,0
2023-06-09,P005,S003,143,25740,1,0
2023-06-10,P001,S001,147,29400,1,0
2023-06-10,P001,S002,144,28800,0,0
2023-06-10,P001,S003,147,29400,1,0
2023-06-10,P002,S001,170,42500,0,0
2023-06-10,P002,S002,188,47000,0,0
2023-06-10,P002,S003,150,37500,0,0
2023-06-10,P003,S001,97,14550,0,0
2023-06-10,P003,S002,120,18000,0,0
2023-06-10,P003,S003,131,19650,1,0
2023-06-10,P004,S001,193,57900,0,0
2023-06-10,P004,S002,251,75300,0,0
2023-06-10,P004,S003,238,71400,1,0
2023-06-10,P005,S001,159,28620,0,0
2023-06-10,P005,S002,228,41040,1,0
2023-06-10,P005,S003,136,24480,0,0
2023-06-11,P001,S001,152,30400,0,0
2023-06-11,P001,S002,166,33200,0,0
2023-06-11,P001,S003,125,25000,1,0
2023-06-11,P002,S001,173,43250,0,0
2023-06-11,P002,S002,230,57500,0,0
2023-06-11,P002,S003,128,32000,0,0
2023-06-11,P003,S001,112,16800,0,0
2023-06-11,P003,S002,118,17700,0,0
2023-06-11,P003,S003,95,14250,0,0
2023-06-11,P004,S001,193,57900,0,0
2023-06-11,P004,S002,287,86100,1,0
2023-06-11,P004,S003,212,63600,1,0
2023-06-11,P005,S001,150,27000,0,0
2023-06-11,P005,S002,232,41760,1,0
2023-06-11,P005,S003,142,25560,0,0
2023-06-12,P001,S001,124,24800,0,0
2023-06-12,P001,S002,138,27600,0,0
2023-06-12,P001,S003,114,22800,0,0
2023-06-12,P002,S001,131,32750,0,0
2023-06-12,P002,S002,170,42500,0,0
2023-06-12,P002,S003,143,35750,0,0
2023-06-12,P003,S001,103,15450,0,0
2023-06-12,P003,S002,128,19200,0,0
2023-06-12,P003,S003,99,14850,0,0
2023-06-12,P004,S001,228,68400,1,0
2023-06-12,P004,S002,205,61500,0,0
2023-06-12,P004,S003,158,47400,0,0
2023-06-12,P005,S001,174,31320,1,0
2023-06-12,P005,S002,158,28440,0,0
2023-06-12,P005,S003,111,19980,0,0
2023-06-13,P001,S001,132,26400,0,0
2023-06-13,P001,S002,145,29000,0,0
2023-06-13,P001,S003,109,21800,0,0
2023-06-13,P002,S001,163,40750,0,0
2023-06-13,P002,S002,221,55250,1,0
2023-06-13,P002,S003,184,46000,1,0
2023-06-13,P003,S001,113,16950,0,0
2023-06-13,P003,S002,113,16950,0,0
2023-06-13,P003,S003,92,13800,0,0
2023-06-13,P004,S001,215,64500,1,0
2023-06-13,P004,S002,243,72900,0,0
2023-06-13,P004,S003,176,52800,0,0
2023-06-13,P005,S001,133,23940,0,0
2023-06-13,P005,S002,144,25920,0,0
2023-06-13,P005,S003,144,25920,1,0
2023-06-14,P001,S001,101,20200,0,0
2023-06-14,P001,S002,138,27600,0,0
2023-06-14,P001,S003,102,20400,0,0
2023-06-14,P002,S001,165,41250,0,0
2023-06-14,P002,S002,172,43000,0,0
2023-06-14,P002,S003,140,35000,0,0
2023-06-14,P003,S001,122,18300,1,0
2023-06-14,P003,S002,127,19050,0,0
2023-06-14,P003,S003,100,15000,0,0
2023-06-14,P004,S001,192,57600,0,0
2023-06-14,P004,S002,217,65100,0,0
2023-06-14,P004,S003,145,43500,0,0
2023-06-14,P005,S001,131,23580,0,0
2023-06-14,P005,S002,168,30240,0,0
2023-06-14,P005,S003,122,21960,0,0
2023-06-15,P001,S001,120,24000,0,0
2023-06-15,P001,S002,136,27200,0,0
2023-06-15,P001,S003,106,21200,0,0
2023-06-15,P002,S001,155,38750,0,0
2023-06-15,P002,S002,202,50500,1,0
2023-06-15,P002,S003,150,37500,0,0
2023-06-15,P003,S001,88,13200,0,0
2023-06-15,P003,S002,125,18750,0,0
2023-06-15,P003,S003,103,15450,0,0
2023-06-15,P004,S001,169,50700,0,0
2023-06-15,P004,S002,223,66900,0,0
2023-06-15,P004,S003,171,51300,0,0
2023-06-15,P005,S001,150,27000,1,0
2023-06-15,P005,S002,167,30060,1,0
2023-06-15,P005,S003,124,22320,0,0
2023-06-16,P001,S001,170,34000,1,0
2023-06-16,P001,S002,187,37400,1,0
2023-06-16,P001,S003,116,23200,0,0
2023-06-16,P002,S001,159,39750,0,0
2023-06-16,P002,S002,180,45000,0,0
2023-06-16,P002,S003,137,34250,0,0
2023-06-16,P003,S001,107,16050,0,0
2023-06-16,P003,S002,110,16500,0,0
2023-06-16,P003,S003,99,14850,0,0
2023-06-16,P004,S001,184,55200,0,0
2023-06-16,P004,S002,212,63600,0,0
2023-06-16,P004,S003,225,67500,1,0
2023-06-16,P005,S001,120,21600,0,0
2023-06-16,P005,S002,162,29160,0,0
2023-06-16,P005,S003,134,24120,0,0
2023-06-17,P001,S001,141,28200,0,0
2023-06-17,P001,S002,158,31600,0,0
2023-06-17,P001,S003,121,24200,0,0
2023-06-17,P002,S001,181,45250,0,0
2023-06-17,P002,S002,164,41000,0,0
2023-06-17,P002,S003,190,47500,1,0
2023-06-17,P003,S001,110,16500,0,0
2023-06-17,P003,S002,129,19350,0,0
2023-06-17,P003,S003,127,19050,1,0
2023-06-17,P004,S001,188,56400,0,0
2023-06-17,P004,S002,222,66600,0,0
2023-06-17,P004,S003,203,60900,0,0
2023-06-17,P005,S001,142,25560,0,0
2023-06-17,P005,S002,153,27540,0,0
2023-06-17,P005,S003,138,24840,0,0
2023-06-18,P001,S001,150,30000,0,0
2023-06-18,P001,S002,140,28000,0,0
2023-06-18,P001,S003,132,26400,0,0
2023-06-18,P002,S001,189,47250,0,0
2023-06-18,P002,S002,210,52500,0,0
2023-06-18,P002,S003,151,37750,0,0
2023-06-18,P003,S001,147,22050,1,0
2023-06-18,P003,S002,171,25650,1,0
2023-06-18,P003,S003,111,16650,1,0
2023-06-18,P004,S001,259,77700,1,0
2023-06-18,P004,S002,236,70800,0,0
2023-06-18,P004,S003,184,55200,0,0
2023-06-18,P005,S001,126,22680,0,0
2023-06-18,P005,S002,143,25740,0,0
2023-06-18,P005,S003,160,28800,1,0
2023-06-19,P001,S001,122,24400,0,0
2023-06-19,P001,S002,140,28000,0,0
2023-06-19,P001,S003,130,26000,1,0
2023-06-19,P002,S001,142,35500,0,0
2023-06-19,P002,S002,189,47250,0,0
2023-06-19,P002,S003,154,38500,0,0
2023-06-19,P003,S001,91,13650,0,0
2023-06-19,P003,S002,149,22350,1,0
2023-06-19,P003,S003,83,12450,0,0
2023-06-19,P004,S001,181,54300,0,0
2023-06-19,P004,S002,264,79200,1,0
2023-06-19,P004,S003,188,56400,1,0
2023-06-19,P005,S001,124,22320,0,0
2023-06-19,P005,S002,184,33120,1,0
2023-06-19,P005,S003,154,27720,1,0
2023-06-20,P001,S001,118,23600,0,0
2023-06-20,P001,S002,132,26400,0,0
2023-06-20,P001,S003,107,21400,0,0
2023-06-20,P002,S001,168,42000,0,0
2023-06-20,P002,S002,177,44250,0,0
2023-06-20,P002,S003,140,35000,0,0
2023-06-20,P003,S001,100,15000,0,0
2023-06-20,P003,S002,116,17400,0,0
2023-06-20,P003,S003,98,14700,0,0
2023-06-20,P004,S001,187,56100,0,0
2023-06-20,P004,S002,291,87300,1,0
2023-06-20,P004,S003,160,48000,0,0
2023-06-20,P005,S001,148,26640,0,0
2023-06-20,P005,S002,136,24480,0,0
2023-06-20,P005,S003,121,21780,0,0
2023-06-21,P001,S001,123,24600,0,0
2023-06-21,P001,S002,189,37800,1,0
2023-06-21,P001,S003,108,21600,0,0
2023-06-21,P002,S001,210,52500,1,0
2023-06-21,P002,S002,156,39000,0,0
2023-06-21,P002,S003,130,32500,0,0
2023-06-21,P003,S001,97,14550,0,0
2023-06-21,P003,S002,106,15900,0,0
2023-06-21,P003,S003,111,16650,1,0
2023-06-21,P004,S001,217,65100,1,0
2023-06-21,P004,S002,276,82800,1,0
2023-06-21,P004,S003,151,45300,0,0
2023-06-21,P005,S001,158,28440,0,0
2023-06-21,P005,S002,174,31320,0,0
2023-06-21,P005,S003,114,20520,0,0
2023-06-22,P001,S001,130,26000,0,0
2023-06-22,P001,S002,135,27000,0,0
2023-06-22,P001,S003,116,23200,0,0
2023-06-22,P002,S001,165,41250,1,0
2023-06-22,P002,S002,185,46250,0,0
2023-06-22,P002,S003,134,33500,0,0
2023-06-22,P003,S001,91,13650,0,0
2023-06-22,P003,S002,117,17550,0,0
2023-06-22,P003,S003,92,13800,0,0
2023-06-22,P004,S001,187,56100,0,0
2023-06-22,P004,S002,242,72600,0,0
2023-06-22,P004,S003,161,48300,0,0
2023-06-22,P005,S001,132,23760,0,0
2023-06-22,P005,S002,136,24480,0,0
2023-06-22,P005,S003,148,26640,1,0
2023-06-23,P001,S001,122,24400,0,0
2023-06-23,P001,S002,129,25800,0,0
2023-06-23,P001,S003,112,22400,0,0
2023-06-23,P002,S001,143,35750,0,0
2023-06-23,P002,S002,248,62000,1,0
2023-06-23,P002,S003,135,33750,0,0
2023-06-23,P003,S001,112,16800,1,0
2023-06-23,P003,S002,123,18450,0,0
2023-06-23,P003,S003,73,10950,0,0
2023-06-23,P004,S001,200,60000,1,0
2023-06-23,P004,S002,229,68700,0,0
2023-06-23,P004,S003,149,44700,0,0
2023-06-23,P005,S001,141,25380,0,0
2023-06-23,P005,S002,199,35820,1,0
2023-06-23,P005,S003,162,29160,1,0
2023-06-24,P001,S001,123,24600,0,0
2023-06-24,P001,S002,175,35000,1,0
2023-06-24,P001,S003,131,26200,0,0
2023-06-24,P002,S001,185,46250,0,0
2023-06-24,P002,S002,185,46250,0,0
2023-06-24,P002,S003,133,33250,0,0
2023-06-24,P003,S001,101,15150,0,0
2023-06-24,P003,S002,117,17550,0,0
2023-06-24,P003,S003,99,14850,0,0
2023-06-24,P004,S001,208,62400,0,0
2023-06-24,P004,S002,270,81000,1,0
2023-06-24,P004,S003,185,55500,0,0
2023-06-24,P005,S001,162,29160,0,0
2023-06-24,P005,S002,192,34560,1,0
2023-06-24,P005,S003,131,23580,0,0
2023-06-25,P001,S001,170,34000,1,0
2023-06-25,P001,S002,162,32400,0,0
2023-06-25,P001,S003,127,25400,0,0
2023-06-25,P002,S001,196,49000,1,0
2023-06-25,P002,S002,248,62000,1,0
2023-06-25,P002,S003,154,38500,0,0
2023-06-25,P003,S001,102,15300,0,0
2023-06-25,P003,S002,130,19500,0,0
2023-06-25,P003,S003,119,17850,1,0
2023-06-25,P004,S001,170,51000,0,0
2023-06-25,P004,S002,273,81900,0,0
2023-06-25,P004,S003,183,54900,0,0
2023-06-25,P005,S001,204,36720,1,0
2023-06-25,P005,S002,174,31320,0,0
2023-06-25,P005,S003,122,21960,0,0
2023-06-26,P001,S001,135,27000,1,0
2023-06-26,P001,S002,175,35000,1,0
2023-06-26,P001,S003,113,22600,0,0
2023-06-26,P002,S001,146,36500,0,0
2023-06-26,P002,S002,160,40000,1,0
2023-06-26,P002,S003,168,42000,1,0
2023-06-26,P003,S001,119,17850,0,0
2023-06-26,P003,S002,137,20550,0,0
2023-06-26,P003,S003,97,14550,0,0
2023-06-26,P004,S001,179,53700,0,0
2023-06-26,P004,S002,217,65100,0,0
2023-06-26,P004,S003,155,46500,0,0
2023-06-26,P005,S001,169,30420,1,0
2023-06-26,P005,S002,138,24840,0,0
2023-06-26,P005,S003,123,22140,0,0
2023-06-27,P001,S001,133,26600,0,0
2023-06-27,P001,S002,147,29400,0,0
2023-06-27,P001,S003,124,24800,1,0
2023-06-27,P002,S001,171,42750,0,0
2023-06-27,P002,S002,213,53250,1,0
2023-06-27,P002,S003,139,34750,0,0
2023-06-27,P003,S001,108,16200,0,0
2023-06-27,P003,S002,105,15750,1,0
2023-06-27,P003,S003,86,12900,0,0
2023-06-27,P004,S001,216,64800,1,0
2023-06-27,P004,S002,232,69600,0,0
2023-06-27,P004,S003,146,43800,0,0
2023-06-27,P005,S001,166,29880,1,0
2023-06-27,P005,S002,144,25920,0,0
2023-06-27,P005,S003,117,21060,0,0
2023-06-28,P001,S001,137,27400,1,0
2023-06-28,P001,S002,136,27200,0,0
2023-06-28,P001,S003,110,22000,0,0
2023-06-28,P002,S001,152,38000,0,0
2023-06-28,P002,S002,166,41500,0,0
2023-06-28,P002,S003,139,34750,1,0
2023-06-28,P003,S001,96,14400,0,0
2023-06-28,P003,S002,110,16500,0,0
2023-06-28,P003,S003,117,17550,1,0
2023-06-28,P004,S001,171,51300,0,0
2023-06-28,P004,S002,201,60300,0,0
2023-06-28,P004,S003,182,54600,0,0
2023-06-28,P005,S001,130,23400,0,0
2023-06-28,P005,S002,190,34200,1,0
2023-06-28,P005,S003,111,19980,0,0
2023-06-29,P001,S001,162,32400,1,0
2023-06-29,P001,S002,141,28200,0,0
2023-06-29,P001,S003,99,19800,0,0
2023-06-29,P002,S001,162,40500,0,0
2023-06-29,P002,S002,174,43500,0,0
2023-06-29,P002,S003,150,37500,0,0
2023-06-29,P003,S001,136,20400,1,0
2023-06-29,P003,S002,115,17250,0,0
2023-06-29,P003,S003,93,13950,0,0
2023-06-29,P004,S001,186,55800,0,0
2023-06-29,P004,S002,238,71400,0,0
2023-06-29,P004,S003,155,46500,0,0
2023-06-29,P005,S001,142,25560,1,0
2023-06-29,P005,S002,151,27180,0,0
2023-06-29,P005,S003,134,24120,1,0
2023-06-30,P001,S001,122,24400,0,0
2023-06-30,P001,S002,158,31600,0,0
2023-06-30,P001,S003,114,22800,0,0
2023-06-30,P002,S001,159,39750,0,0
2023-06-30,P002,S002,210,52500,0,0
2023-06-30,P002,S003,163,40750,1,0
2023-06-30,P003,S001,97,14550,0,0
2023-06-30,P003,S002,119,17850,0,0
2023-06-30,P003,S003,87,13050,0,0
2023-06-30,P004,S001,229,68700,1,0
2023-06-30,P004,S002,195,58500,0,0
2023-06-30,P004,S003,155,46500,0,0
2023-06-30,P005,S001,106,19080,0,0
2023-06-30,P005,S002,180,32400,1,0
2023-06-30,P005,S003,115,20700,0,0
2023-07-01,P001,S001,152,30400,1,0
2023-07-01,P001,S002,174,34800,0,0
2023-07-01,P001,S003,123,24600,0,0
2023-07-01,P002,S001,168,42000,0,0
2023-07-01,P002,S002,156,39000,0,0
2023-07-01,P002,S003,148,37000,0,0
2023-07-01,P003,S001,110,16500,0,0
2023-07-01,P003,S002,124,18600,0,0
2023-07-01,P003,S003,88,13200,0,0
2023-07-01,P004,S001,229,68700,1,0
2023-07-01,P004,S002,223,66900,0,0
2023-07-01,P004,S003,164,49200,0,0
2023-07-01,P005,S001,141,25380,0,0
2023-07-01,P005,S002,166,29880,0,0
2023-07-01,P005,S003,121,21780,0,0
2023-07-02,P001,S001,115,23000,0,0
2023-07-02,P001,S002,125,25000,0,0
2023-07-02,P001,S003,111,22200,0,0
2023-07-02,P002,S001,145,36250,0,0
2023-07-02,P002,S002,209,52250,1,0
2023-07-02,P002,S003,145,36250,0,0
2023-07-02,P003,S001,108,16200,0,0
2023-07-02,P003,S002,116,17400,0,0
2023-07-02,P003,S003,88,13200,0,0
2023-07-02,P004,S001,184,55200,0,0
2023-07-02,P004,S002,239,71700,0,0
2023-07-02,P004,S003,173,51900,1,0
2023-07-02,P005,S001,131,23580,0,0
2023-07-02,P005,S002,171,30780,1,0
2023-07-02,P005,S003,131,23580,0,0
2023-07-03,P001,S001,141,28200,1,0
2023-07-03,P001,S002,159,31800,1,0
2023-07-03,P001,S003,95,19000,0,0
2023-07-03,P002,S001,155,38750,1,0
2023-07-03,P002,S002,202,50500,1,0
2023-07-03,P002,S003,128,32000,0,0
2023-07-03,P003,S001,89,13350,0,0
2023-07-03,P003,S002,109,16350,0,0
2023-07-03,P003,S003,84,12600,0,0
2023-07-03,P004,S001,184,55200,0,0
2023-07-03,P004,S002,204,61200,0,0
2023-07-03,P004,S003,152,45600,0,0
2023-07-03,P005,S001,150,27000,1,0
2023-07-03,P005,S002,176,31680,1,0
2023-07-03,P005,S003,111,19980,0,0
2023-07-04,P001,S001,101,20200,0,0
2023-07-04,P001,S002,174,34800,1,0
2023-07-04,P001,S003,121,24200,0,0
2023-07-04,P002,S001,156,39000,0,0
2023-07-04,P002,S002,177,44250,0,0
2023-07-04,P002,S003,124,31000,0,0
2023-07-04,P003,S001,128,19200,1,0
2023-07-04,P003,S002,113,16950,0,0
2023-07-04,P003,S003,93,13950,0,0
2023-07-04,P004,S001,174,52200,0,0
2023-07-04,P004,S002,215,64500,1,0
2023-07-04,P004,S003,152,45600,0,0
2023-07-04,P005,S001,158,28440,1,0
2023-07-04,P005,S002,165,29700,1,0
2023-07-04,P005,S003,113,20340,0,0
2023-07-05,P001,S001,110,22000,0,0
2023-07-05,P001,S002,148,29600,1,0
2023-07-05,P001,S003,95,19000,1,0
2023-07-05,P002,S001,119,29750,0,0
2023-07-05,P002,S002,152,38000,0,0
2023-07-05,P002,S003,123,30750,0,0
2023-07-05,P003,S001,104,15600,0,0
2023-07-05,P003,S002,101,15150,0,0
2023-07-05,P003,S003,95,14250,1,0
2023-07-05,P004,S001,197,59100,0,0
2023-07-05,P004,S002,212,63600,0,0
2023-07-05,P004,S003,191,57300,0,0
2023-07-05,P005,S001,130,23400,0,0
2023-07-05,P005,S002,132,23760,0,0
2023-07-05,P005,S003,90,16200,0,0
2023-07-06,P001,S001,117,23400,0,0
2023-07-06,P001,S002,150,30000,0,0
2023-07-06,P001,S003,97,19400,0,0
2023-07-06,P002,S001,149,37250,0,0
2023-07-06,P002,S002,151,37750,0,0
2023-07-06,P002,S003,120,30000,0,0
2023-07-06,P003,S001,93,13950,0,0
2023-07-06,P003,S002,120,18000,0,0
2023-07-06,P003,S003,86,12900,0,0
2023-07-06,P004,S001,175,52500,0,0
2023-07-06,P004,S002,188,56400,0,0
2023-07-06,P004,S003,154,46200,0,0
2023-07-06,P005,S001,149,26820,1,0
2023-07-06,P005,S002,148,26640,0,0
2023-07-06,P005,S003,128,23040,1,0
2023-07-07,P001,S001,116,23200,0,0
2023-07-07,P001,S002,105,21000,0,0
2023-07-07,P001,S003,89,17800,0,0
2023-07-07,P002,S001,143,35750,0,0
2023-07-07,P002,S002,177,44250,1,0
2023-07-07,P002,S003,134,33500,0,0
2023-07-07,P003,S001,112,16800,1,0
2023-07-07,P003,S002,111,16650,0,0
2023-07-07,P003,S003,92,13800,0,0
2023-07-07,P004,S001,168,50400,0,0
2023-07-07,P004,S002,171,51300,0,0
2023-07-07,P004,S003,143,42900,0,0
2023-07-07,P005,S001,133,23940,0,0
2023-07-07,P005,S002,159,28620,0,0
2023-07-07,P005,S003,107,19260,0,0
2023-07-08,P001,S001,150,30000,1,0
2023-07-08,P001,S002,124,24800,0,0
2023-07-08,P001,S003,117,23400,0,0
2023-07-08,P002,S001,201,50250,1,0
2023-07-08,P002,S002,176,44000,0,0
2023-07-08,P002,S003,150,37500,0,0
2023-07-08,P003,S001,112,16800,0,0
2023-07-08,P003,S002,117,17550,0,0
2023-07-08,P003,S003,80,12000,0,0
2023-07-08,P004,S001,203,60900,1,0
2023-07-08,P004,S002,266,79800,1,0
2023-07-08,P004,S003,170,51000,0,0
2023-07-08,P005,S001,131,23580,0,0
2023-07-08,P005,S002,136,24480,0,0
2023-07-08,P005,S003,138,24840,1,0
2023-07-09,P001,S001,134,26800,0,0
2023-07-09,P001,S002,162,32400,0,0
2023-07-09,P001,S003,114,22800,0,0
2023-07-09,P002,S001,135,33750,0,0
2023-07-09,P002,S002,184,46000,0,0
2023-07-09,P002,S003,142,35500,0,0
2023-07-09,P003,S001,101,15150,0,0
2023-07-09,P003,S002,136,20400,1,0
2023-07-09,P003,S003,94,14100,0,0
2023-07-09,P004,S001,237,71100,1,0
2023-07-09,P004,S002,212,63600,0,0
2023-07-09,P004,S003,163,48900,0,0
2023-07-09,P005,S001,135,24300,0,0
2023-07-09,P005,S002,160,28800,0,0
2023-07-09,P005,S003,124,22320,0,0
2023-07-10,P001,S001,138,27600,1,0
2023-07-10,P001,S002,124,24800,0,0
2023-07-10,P001,S003,130,26000,1,0
2023-07-10,P002,S001,188,47000,1,0
2023-07-10,P002,S002,165,41250,0,0
2023-07-10,P002,S003,137,34250,0,0
2023-07-10,P003,S001,97,14550,0,0
2023-07-10,P003,S002,101,15150,0,0
2023-07-10,P003,S003,90,13500,0,0
2023-07-10,P004,S001,171,51300,0,0
2023-07-10,P004,S002,209,62700,0,0
2023-07-10,P004,S003,173,51900,0,0
2023-07-10,P005,S001,120,21600,0,0
2023-07-10,P005,S002,132,23760,0,0
2023-07-10,P005,S003,106,19080,0,0
2023-07-11,P001,S001,120,24000,0,0
2023-07-11,P001,S002,137,27400,0,0
2023-07-11,P001,S003,130,26000,1,0
2023-07-11,P002,S001,167,41750,1,0
2023-07-11,P002,S002,199,49750,1,0
2023-07-11,P002,S003,155,38750,1,0
2023-07-11,P003,S001,106,15900,0,0
2023-07-11,P003,S002,127,19050,1,0
2023-07-11,P003,S003,82,12300,0,0
2023-07-11,P004,S001,199,59700,1,0
2023-07-11,P004,S002,256,76800,1,0
2023-07-11,P004,S003,164,49200,0,0
2023-07-11,P005,S001,134,24120,1,0
2023-07-11,P005,S002,128,23040,0,0
2023-07-11,P005,S003,138,24840,1,0
2023-07-12,P001,S001,137,27400,1,0
2023-07-12,P001,S002,113,22600,0,0
2023-07-12,P001,S003,93,18600,0,0
2023-07-12,P002,S001,143,35750,0,0
2023-07-12,P002,S002,198,49500,0,0
2023-07-12,P002,S003,135,33750,0,0
2023-07-12,P003,S001,106,15900,1,0
2023-07-12,P003,S002,122,18300,0,0
2023-07-12,P003,S003,95,14250,1,0
2023-07-12,P004,S001,164,49200,0,0
2023-07-12,P004,S002,219,65700,0,0
2023-07-12,P004,S003,142,42600,0,0
2023-07-12,P005,S001,139,25020,0,0
2023-07-12,P005,S002,120,21600,0,0
2023-07-12,P005,S003,115,20700,0,0
2023-07-13,P001,S001,116,23200,0,0
2023-07-13,P001,S002,142,28400,0,0
2023-07-13,P001,S003,125,25000,1,0
2023-07-13,P002,S001,146,36500,0,0
2023-07-13,P002,S002,156,39000,0,0
2023-07-13,P002,S003,126,31500,0,0
2023-07-13,P003,S001,106,15900,0,0
2023-07-13,P003,S002,113,16950,0,0
2023-07-13,P003,S003,90,13500,0,0
2023-07-13,P004,S001,175,52500,0,0
2023-07-13,P004,S002,195,58500,0,0
2023-07-13,P004,S003,133,39900,0,0
2023-07-13,P005,S001,163,29340,1,0
2023-07-13,P005,S002,151,27180,0,0
2023-07-13,P005,S003,112,20160,0,0
2023-07-14,P001,S001,129,25800,1,0
2023-07-14,P001,S002,140,28000,0,0
2023-07-14,P001,S003,96,19200,0,0
2023-07-14,P002,S001,150,37500,0,0
2023-07-14,P002,S002,157,39250,0,0
2023-07-14,P002,S003,132,33000,0,0
2023-07-14,P003,S001,105,15750,0,0
2023-07-14,P003,S002,111,16650,0,0
2023-07-14,P003,S003,107,16050,1,0
2023-07-14,P004,S001,196,58800,0,0
2023-07-14,P004,S002,203,60900,0,0
2023-07-14,P004,S003,143,42900,0,0
2023-07-14,P005,S001,130,23400,0,0
2023-07-14,P005,S002,139,25020,0,0
2023-07-14,P005,S003,125,22500,0,0
2023-07-15,P001,S001,147,29400,1,0
2023-07-15,P001,S002,141,28200,0,0
2023-07-15,P001,S003,118,23600,0,0
2023-07-15,P002,S001,193,48250,1,0
2023-07-15,P002,S002,228,57000,1,0
2023-07-15,P002,S003,137,34250,0,0
2023-07-15,P003,S001,112,16800,0,0
2023-07-15,P003,S002,106,15900,0,0
2023-07-15,P003,S003,90,13500,0,0
2023-07-15,P004,S001,198,59400,0,0
2023-07-15,P004,S002,187,56100,0,0
2023-07-15,P004,S003,176,52800,0,0
2023-07-15,P005,S001,167,30060,1,0
2023-07-15,P005,S002,148,26640,0,0
2023-07-15,P005,S003,127,22860,0,0
2023-07-16,P001,S001,120,24000,0,0
2023-07-16,P001,S002,153,30600,0,0
2023-07-16,P001,S003,116,23200,0,0
2023-07-16,P002,S001,169,42250,0,0
2023-07-16,P002,S002,211,52750,0,0
2023-07-16,P002,S003,146,36500,0,0
2023-07-16,P003,S001,137,20550,1,0
2023-07-16,P003,S002,110,16500,0,0
2023-07-16,P003,S003,99,14850,0,0
2023-07-16,P004,S001,157,47100,0,0
2023-07-16,P004,S002,274,82200,1,0
2023-07-16,P004,S003,186,55800,1,0
2023-07-16,P005,S001,145,26100,0,0
2023-07-16,P005,S002,172,30960,0,0
2023-07-16,P005,S003,154,27720,1,0
2023-07-17,P001,S001,99,19800,0,0
2023-07-17,P001,S002,127,25400,0,0
2023-07-17,P001,S003,105,21000,1,0
2023-07-17,P002,S001,199,49750,1,0
2023-07-17,P002,S002,206,51500,1,0
2023-07-17,P002,S003,136,34000,0,0
2023-07-17,P003,S001,105,15750,1,0
2023-07-17,P003,S002,123,18450,1,0
2023-07-17,P003,S003,85,12750,0,0
2023-07-17,P004,S001,185,55500,0,0
2023-07-17,P004,S002,185,55500,0,0
2023-07-17,P004,S003,213,63900,1,0
2023-07-17,P005,S001,110,19800,0,0
2023-07-17,P005,S002,140,25200,0,0
2023-07-17,P005,S003,124,22320,0,0
2023-07-18,P001,S001,126,25200,1,0
2023-07-18,P001,S002,127,25400,0,0
2023-07-18,P001,S003,125,25000,1,0
2023-07-18,P002,S001,158,39500,1,0
2023-07-18,P002,S002,143,35750,0,0
2023-07-18,P002,S003,121,30250,0,0
2023-07-18,P003,S001,105,15750,0,0
2023-07-18,P003,S002,108,16200,0,0
2023-07-18,P003,S003,95,14250,1,0
2023-07-18,P004,S001,158,47400,0,0
2023-07-18,P004,S002,212,63600,0,0
2023-07-18,P004,S003,175,52500,1,0
2023-07-18,P005,S001,154,27720,1,0
2023-07-18,P005,S002,139,25020,0,0
2023-07-18,P005,S003,114,20520,0,0
2023-07-19,P001,S001,123,24600,0,0
2023-07-19,P001,S002,142,28400,0,0
2023-07-19,P001,S003,95,19000,0,0
2023-07-19,P002,S001,169,42250,1,0
2023-07-19,P002,S002,158,39500,0,0
2023-07-19,P002,S003,140,35000,0,0
2023-07-19,P003,S001,106,15900,1,0
2023-07-19,P003,S002,136,20400,1,0
2023-07-19,P003,S003,88,13200,0,0
2023-07-19,P004,S001,192,57600,1,0
2023-07-19,P004,S002,172,51600,0,0
2023-07-19,P004,S003,147,44100,0,0
2023-07-19,P005,S001,121,21780,0,0
2023-07-19,P005,S002,140,25200,0,0
2023-07-19,P005,S003,109,19620,0,0
2023-07-20,P001,S001,120,24000,0,0
2023-07-20,P001,S002,140,28000,0,0
2023-07-20,P001,S003,112,22400,0,0
2023-07-20,P002,S001,135,33750,0,0
2023-07-20,P002,S002,163,40750,0,0
2023-07-20,P002,S003,143,35750,0,0
2023-07-20,P003,S001,94,14100,0,0
2023-07-20,P003,S002,126,18900,0,0
2023-07-20,P003,S003,99,14850,1,0
2023-07-20,P004,S001,179,53700,0,0
2023-07-20,P004,S002,208,62400,0,0
2023-07-20,P004,S003,152,45600,0,0
2023-07-20,P005,S001,120,21600,0,0
2023-07-20,P005,S002,131,23580,0,0
2023-07-20,P005,S003,108,19440,0,0
2023-07-21,P001,S001,102,20400,0,0
2023-07-21,P001,S002,143,28600,0,0
2023-07-21,P001,S003,91,18200,0,0
2023-07-21,P002,S001,163,40750,1,0
2023-07-21,P002,S002,200,50000,1,0
2023-07-21,P002,S003,155,38750,1,0
2023-07-21,P003,S001,89,13350,0,0
2023-07-21,P003,S002,112,16800,0,0
2023-07-21,P003,S003,93,13950,1,0
2023-07-21,P004,S001,174,52200,0,0
2023-07-21,P004,S002,186,55800,0,0
2023-07-21,P004,S003,165,49500,1,0
2023-07-21,P005,S001,121,21780,0,0
2023-07-21,P005,S002,183,32940,1,0
2023-07-21,P005,S003,105,18900,0,0
2023-07-22,P001,S001,133,26600,0,0
2023-07-22,P001,S002,173,34600,1,0
2023-07-22,P001,S003,104,20800,0,0
2023-07-22,P002,S001,152,38000,0,0
2023-07-22,P002,S002,178,44500,0,0
2023-07-22,P002,S003,137,34250,1,0
2023-07-22,P003,S001,111,16650,1,0
2023-07-22,P003,S002,116,17400,0,0
2023-07-22,P003,S003,84,12600,0,0
2023-07-22,P004,S001,201,60300,0,0
2023-07-22,P004,S002,224,67200,0,0
2023-07-22,P004,S003,175,52500,0,0
2023-07-22,P005,S001,129,23220,0,0
2023-07-22,P005,S002,145,26100,0,0
2023-07-22,P005,S003,125,22500,0,0
2023-07-23,P001,S001,134,26800,0,0
2023-07-23,P001,S002,201,40200,1,0
2023-07-23,P001,S003,124,24800,0,0
2023-07-23,P002,S001,174,43500,0,0
2023-07-23,P002,S002,195,48750,0,0
2023-07-23,P002,S003,140,35000,0,0
2023-07-23,P003,S001,98,14700,0,0
2023-07-23,P003,S002,122,18300,1,0
2023-07-23,P003,S003,111,16650,1,0
2023-07-23,P004,S001,203,60900,0,0
2023-07-23,P004,S002,248,74400,1,0
2023-07-23,P004,S003,171,51300,0,0
2023-07-23,P005,S001,156,28080,1,0
2023-07-23,P005,S002,162,29160,0,0
2023-07-23,P005,S003,120,21600,0,0
2023-07-24,P001,S001,109,21800,1,0
2023-07-24,P001,S002,118,23600,0,0
2023-07-24,P001,S003,130,26000,1,0
2023-07-24,P002,S001,119,29750,0,0
2023-07-24,P002,S002,165,41250,0,0
2023-07-24,P002,S003,135,33750,0,0
2023-07-24,P003,S001,102,15300,1,0
2023-07-24,P003,S002,118,17700,0,0
2023-07-24,P003,S003,115,17250,1,0
2023-07-24,P004,S001,155,46500,0,0
2023-07-24,P004,S002,187,56100,0,0
2023-07-24,P004,S003,156,46800,0,0
2023-07-24,P005,S001,140,25200,0,0
2023-07-24,P005,S002,165,29700,1,0
2023-07-24,P005,S003,142,25560,1,0
2023-07-25,P001,S001,138,27600,1,0
2023-07-25,P001,S002,150,30000,1,0
2023-07-25,P001,S003,88,17600,0,0
2023-07-25,P002,S001,134,33500,0,0
2023-07-25,P002,S002,154,38500,0,0
2023-07-25,P002,S003,177,44250,1,0
2023-07-25,P003,S001,122,18300,1,0
2023-07-25,P003,S002,106,15900,0,0
2023-07-25,P003,S003,87,13050,0,0
2023-07-25,P004,S001,195,58500,1,0
2023-07-25,P004,S002,217,65100,0,0
2023-07-25,P004,S003,146,43800,0,0
2023-07-25,P005,S001,139,25020,1,0
2023-07-25,P005,S002,143,25740,0,0
2023-07-25,P005,S003,119,21420,1,0
2023-07-26,P001,S001,112,22400,0,0
2023-07-26,P001,S002,125,25000,0,0
2023-07-26,P001,S003,107,21400,0,0
2023-07-26,P002,S001,158,39500,0,0
2023-07-26,P002,S002,164,41000,0,0
2023-07-26,P002,S003,130,32500,0,0
2023-07-26,P003,S001,100,15000,0,0
2023-07-26,P003,S002,95,14250,0,0
2023-07-26,P003,S003,82,12300,0,0
2023-07-26,P004,S001,182,54600,0,0
2023-07-26,P004,S002,215,64500,0,0
2023-07-26,P004,S003,163,48900,0,0
2023-07-26,P005,S001,138,24840,0,0
2023-07-26,P005,S002,134,24120,0,0
2023-07-26,P005,S003,121,21780,0,0
2023-07-27,P001,S001,114,22800,0,0
2023-07-27,P001,S002,135,27000,1,0
2023-07-27,P001,S003,77,15400,0,0
2023-07-27,P002,S001,177,44250,1,0
2023-07-27,P002,S002,193,48250,1,0
2023-07-27,P002,S003,179,44750,1,0
2023-07-27,P003,S001,117,17550,1,0
2023-07-27,P003,S002,106,15900,0,0
2023-07-27,P003,S003,86,12900,0,0
2023-07-27,P004,S001,165,49500,0,0
2023-07-27,P004,S002,180,54000,0,0
2023-07-27,P004,S003,155,46500,0,0
2023-07-27,P005,S001,116,20880,0,0
2023-07-27,P005,S002,152,27360,0,0
2023-07-27,P005,S003,130,23400,0,0
2023-07-28,P001,S001,111,22200,0,0
2023-07-28,P001,S002,147,29400,0,0
2023-07-28,P001,S003,90,18000,0,0
2023-07-28,P002,S001,154,38500,0,0
2023-07-28,P002,S002,167,41750,0,0
2023-07-28,P002,S003,134,33500,0,0
2023-07-28,P003,S001,104,15600,0,0
2023-07-28,P003,S002,113,16950,0,0
2023-07-28,P003,S003,76,11400,0,0
2023-07-28,P004,S001,181,54300,0,0
2023-07-28,P004,S002,205,61500,0,0
2023-07-28,P004,S003,151,45300,0,0
2023-07-28,P005,S001,122,21960,0,0
2023-07-28,P005,S002,151,27180,0,0
2023-07-28,P005,S003,113,20340,0,0
2023-07-29,P001,S001,122,24400,0,0
2023-07-29,P001,S002,175,35000,1,0
2023-07-29,P001,S003,125,25000,1,0
2023-07-29,P002,S001,148,37000,0,0
2023-07-29,P002,S002,181,45250,0,0
2023-07-29,P002,S003,141,35250,0,0
2023-07-29,P003,S001,106,15900,0,0
2023-07-29,P003,S002,120,18000,0,0
2023-07-29,P003,S003,85,12750,0,0
2023-07-29,P004,S001,254,76200,1,0
2023-07-29,P004,S002,237,71100,0,0
2023-07-29,P004,S003,210,63000,1,0
2023-07-29,P005,S001,131,23580,0,0
2023-07-29,P005,S002,203,36540,1,0
2023-07-29,P005,S003,131,23580,0,0
2023-07-30,P001,S001,139,27800,0,0
2023-07-30,P001,S002,152,30400,0,0
2023-07-30,P001,S003,133,26600,1,0
2023-07-30,P002,S001,197,49250,1,0
2023-07-30,P002,S002,153,38250,0,0
2023-07-30,P002,S003,137,34250,0,0
2023-07-30,P003,S001,120,18000,0,0
2023-07-30,P003,S002,109,16350,0,0
2023-07-30,P003,S003,82,12300,0,0
2023-07-30,P004,S001,184,55200,0,0
2023-07-30,P004,S002,212,63600,0,0
2023-07-30,P004,S003,182,54600,0,0
2023-07-30,P005,S001,139,25020,0,0
2023-07-30,P005,S002,188,33840,1,0
2023-07-30,P005,S003,107,19260,0,0
2023-07-31,P001,S001,115,23000,0,0
2023-07-31,P001,S002,149,29800,1,0
2023-07-31,P001,S003,131,26200,1,0
2023-07-31,P002,S001,144,36000,0,0
2023-07-31,P002,S002,133,33250,0,0
2023-07-31,P002,S003,142,35500,0,0
2023-07-31,P003,S001,68,10200,0,0
2023-07-31,P003,S002,120,18000,1,0
2023-07-31,P003,S003,104,15600,1,0
2023-07-31,P004,S001,204,61200,1,0
2023-07-31,P004,S002,206,61800,0,0
2023-07-31,P004,S003,147,44100,0,0
2023-07-31,P005,S001,117,21060,0,0
2023-07-31,P005,S002,140,25200,0,0
2023-07-31,P005,S003,124,22320,0,0
2023-08-01,P001,S001,98,19600,0,0
2023-08-01,P001,S002,124,24800,0,0
2023-08-01,P001,S003,99,19800,0,0
2023-08-01,P002,S001,163,40750,1,0
2023-08-01,P002,S002,178,44500,1,0
2023-08-01,P002,S003,118,29500,0,0
2023-08-01,P003,S001,106,15900,1,0
2023-08-01,P003,S002,103,15450,0,0
2023-08-01,P003,S003,68,10200,0,0
2023-08-01,P004,S001,169,50700,0,0
2023-08-01,P004,S002,191,57300,0,0
2023-08-01,P004,S003,155,46500,0,0
2023-08-01,P005,S001,120,21600,1,0
2023-08-01,P005,S002,137,24660,0,0
2023-08-01,P005,S003,104,18720,0,0
2023-08-02,P001,S001,131,26200,1,0
2023-08-02,P001,S002,146,29200,1,0
2023-08-02,P001,S003,120,24000,1,0
2023-08-02,P002,S001,128,32000,0,0
2023-08-02,P002,S002,156,39000,0,0
2023-08-02,P002,S003,105,26250,0,0
2023-08-02,P003,S001,87,13050,0,0
2023-08-02,P003,S002,101,15150,0,0
2023-08-02,P003,S003,65,9750,0,0
2023-08-02,P004,S001,163,48900,0,0
2023-08-02,P004,S002,191,57300,0,0
2023-08-02,P004,S003,141,42300,0,0
2023-08-02,P005,S001,123,22140,0,0
2023-08-02,P005,S002,178,32040,1,0
2023-08-02,P005,S003,121,21780,0,0
2023-08-03,P001,S001,97,19400,0,0
2023-08-03,P001,S002,129,25800,0,0
2023-08-03,P001,S003,98,19600,0,0
2023-08-03,P002,S001,161,40250,1,0
2023-08-03,P002,S002,139,34750,0,0
2023-08-03,P002,S003,145,36250,1,0
2023-08-03,P003,S001,73,10950,0,0
2023-08-03,P003,S002,102,15300,0,0
2023-08-03,P003,S003,70,10500,0,0
2023-08-03,P004,S001,186,55800,1,0
2023-08-03,P004,S002,200,60000,0,0
2023-08-03,P004,S003,138,41400,0,0
2023-08-03,P005,S001,119,21420,1,0
2023-08-03,P005,S002,137,24660,0,0
2023-08-03,P005,S003,99,17820,0,0
2023-08-04,P001,S001,150,30000,1,0
2023-08-04,P001,S002,108,21600,0,0
2023-08-04,P001,S003,119,23800,0,0
2023-08-04,P002,S001,129,32250,0,0
2023-08-04,P002,S002,147,36750,0,0
2023-08-04,P002,S003,108,27000,0,0
2023-08-04,P003,S001,111,16650,1,0
2023-08-04,P003,S002,102,15300,1,0
2023-08-04,P003,S003,83,12450,0,0
2023-08-04,P004,S001,173,51900,0,0
2023-08-04,P004,S002,167,50100,0,0
2023-08-04,P004,S003,197,59100,1,0
2023-08-04,P005,S001,109,19620,0,0
2023-08-04,P005,S002,131,23580,0,0
2023-08-04,P005,S003,91,16380,0,0
2023-08-05,P001,S001,117,23400,0,0
2023-08-05,P001,S002,141,28200,0,0
2023-08-05,P001,S003,96,19200,0,0
2023-08-05,P002,S001,180,45000,1,0
2023-08-05,P002,S002,211,52750,1,0
2023-08-05,P002,S003,141,35250,0,0
2023-08-05,P003,S001,98,14700,0,0
2023-08-05,P003,S002,124,18600,0,0
2023-08-05,P003,S003,80,12000,0,0
2023-08-05,P004,S001,219,65700,1,0
2023-08-05,P004,S002,192,57600,0,0
2023-08-05,P004,S003,163,48900,0,0
2023-08-05,P005,S001,129,23220,0,0
2023-08-05,P005,S002,138,24840,0,0
2023-08-05,P005,S003,114,20520,0,0
2023-08-06,P001,S001,111,22200,0,0
2023-08-06,P001,S002,188,37600,1,0
2023-08-06,P001,S003,112,22400,0,0
2023-08-06,P002,S001,170,42500,0,0
2023-08-06,P002,S002,158,39500,0,0
2023-08-06,P002,S003,137,34250,1,0
2023-08-06,P003,S001,101,15150,0,0
2023-08-06,P003,S002,117,17550,0,0
2023-08-06,P003,S003,94,14100,0,0
2023-08-06,P004,S001,187,56100,0,0
2023-08-06,P004,S002,234,70200,0,0
2023-08-06,P004,S003,169,50700,0,0
2023-08-06,P005,S001,141,25380,1,0
2023-08-06,P005,S002,131,23580,0,0
2023-08-06,P005,S003,133,23940,0,0
2023-08-07,P001,S001,107,21400,0,0
2023-08-07,P001,S002,137,27400,0,0
2023-08-07,P001,S003,90,18000,0,0
2023-08-07,P002,S001,142,35500,0,0
2023-08-07,P002,S002,144,36000,0,0
2023-08-07,P002,S003,97,24250,0,0
2023-08-07,P003,S001,98,14700,0,0
2023-08-07,P003,S002,93,13950,0,0
2023-08-07,P003,S003,72,10800,0,0
2023-08-07,P004,S001,159,47700,0,0
2023-08-07,P004,S002,184,55200,0,0
2023-08-07,P004,S003,148,44400,0,0
2023-08-07,P005,S001,120,21600,0,0
2023-08-07,P005,S002,125,22500,0,0
2023-08-07,P005,S003,94,16920,0,0
2023-08-08,P001,S001,118,23600,0,0
2023-08-08,P001,S002,132,26400,0,0
2023-08-08,P001,S003,87,17400,0,0
2023-08-08,P002,S001,117,29250,0,0
2023-08-08,P002,S002,149,37250,0,0
2023-08-08,P002,S003,129,32250,1,0
2023-08-08,P003,S001,86,12900,0,0
2023-08-08,P003,S002,109,16350,0,0
2023-08-08,P003,S003,79,11850,0,0
2023-08-08,P004,S001,176,52800,0,0
2023-08-08,P004,S002,180,54000,0,0
2023-08-08,P004,S003,157,47100,0,0
2023-08-08,P005,S001,112,20160,0,0
2023-08-08,P005,S002,129,23220,1,0
2023-08-08,P005,S003,108,19440,0,0
2023-08-09,P001,S001,91,18200,0,0
2023-08-09,P001,S002,117,23400,0,0
2023-08-09,P001,S003,77,15400,0,0
2023-08-09,P002,S001,134,33500,0,0
2023-08-09,P002,S002,156,39000,0,0
2023-08-09,P002,S003,151,37750,1,0
2023-08-09,P003,S001,78,11700,0,0
2023-08-09,P003,S002,95,14250,0,0
2023-08-09,P003,S003,94,14100,1,0
2023-08-09,P004,S001,168,50400,0,0
2023-08-09,P004,S002,188,56400,0,0
2023-08-09,P004,S003,160,48000,1,0
2023-08-09,P005,S001,126,22680,0,0
2023-08-09,P005,S002,140,25200,1,0
2023-08-09,P005,S003,129,23220,1,0
2023-08-10,P001,S001,120,24000,1,0
2023-08-10,P001,S002,131,26200,0,0
2023-08-10,P001,S003,92,18400,0,0
2023-08-10,P002,S001,166,41500,0,0
2023-08-10,P002,S002,159,39750,0,0
2023-08-10,P002,S003,135,33750,0,0
2023-08-10,P003,S001,103,15450,0,0
2023-08-10,P003,S002,100,15000,0,0
2023-08-10,P003,S003,80,12000,0,0
2023-08-10,P004,S001,178,53400,0,0
2023-08-10,P004,S002,186,55800,0,0
2023-08-10,P004,S003,159,47700,1,0
2023-08-10,P005,S001,101,18180,0,0
2023-08-10,P005,S002,136,24480,0,0
2023-08-10,P005,S003,120,21600,1,0
2023-08-11,P001,S001,114,22800,0,0
2023-08-11,P001,S002,119,23800,0,0
2023-08-11,P001,S003,133,26600,1,0
2023-08-11,P002,S001,124,31000,0,0
2023-08-11,P002,S002,138,34500,0,0
2023-08-11,P002,S003,119,29750,0,0
2023-08-11,P003,S001,94,14100,0,0
2023-08-11,P003,S002,110,16500,0,0
2023-08-11,P003,S003,81,12150,0,0
2023-08-11,P004,S001,222,66600,1,0
2023-08-11,P004,S002,221,66300,1,0
2023-08-11,P004,S003,141,42300,0,0
2023-08-11,P005,S001,120,21600,0,0
2023-08-11,P005,S002,121,21780,0,0
2023-08-11,P005,S003,136,24480,1,0
2023-08-12,P001,S001,130,26000,0,0
2023-08-12,P001,S002,138,27600,0,0
2023-08-12,P001,S003,98,19600,0,0
2023-08-12,P002,S001,150,37500,0,0
2023-08-12,P002,S002,194,48500,0,0
2023-08-12,P002,S003,139,34750,0,0
2023-08-12,P003,S001,126,18900,1,0
2023-08-12,P003,S002,122,18300,0,0
2023-08-12,P003,S003,80,12000,0,0
2023-08-12,P004,S001,174,52200,0,0
2023-08-12,P004,S002,215,64500,0,0
2023-08-12,P004,S003,141,42300,0,0
2023-08-12,P005,S001,140,25200,0,0
2023-08-12,P005,S002,131,23580,0,0
2023-08-12,P005,S003,110,19800,0,0
2023-08-13,P001,S001,129,25800,0,0
2023-08-13,P001,S002,134,26800,0,0
2023-08-13,P001,S003,108,21600,0,0
2023-08-13,P002,S001,172,43000,0,0
2023-08-13,P002,S002,220,55000,1,0
2023-08-13,P002,S003,159,39750,1,0
2023-08-13,P003,S001,86,12900,0,0
2023-08-13,P003,S002,147,22050,1,0
2023-08-13,P003,S003,88,13200,0,0
2023-08-13,P004,S001,174,52200,0,0
2023-08-13,P004,S002,204,61200,0,0
2023-08-13,P004,S003,155,46500,0,0
2023-08-13,P005,S001,121,21780,0,0
2023-08-13,P005,S002,142,25560,0,0
2023-08-13,P005,S003,110,19800,0,0
2023-08-14,P001,S001,99,19800,0,0
2023-08-14,P001,S002,130,26000,0,0
2023-08-14,P001,S003,123,24600,1,0
2023-08-14,P002,S001,132,33000,0,0
2023-08-14,P002,S002,181,45250,0,0
2023-08-14,P002,S003,134,33500,0,0
2023-08-14,P003,S001,94,14100,0,0
2023-08-14,P003,S002,111,16650,0,0
2023-08-14,P003,S003,72,10800,0,0
2023-08-14,P004,S001,213,63900,1,0
2023-08-14,P004,S002,176,52800,0,0
2023-08-14,P004,S003,200,60000,1,0
2023-08-14,P005,S001,143,25740,0,0
2023-08-14,P005,S002,159,28620,0,0
2023-08-14,P005,S003,110,19800,0,0
2023-08-15,P001,S001,143,28600,0,1
2023-08-15,P001,S002,165,33000,0,1
2023-08-15,P001,S003,118,23600,0,1
2023-08-15,P002,S001,176,44000,0,1
2023-08-15,P002,S002,217,54250,1,1
2023-08-15,P002,S003,173,43250,0,1
2023-08-15,P003,S001,119,17850,0,1
2023-08-15,P003,S002,143,21450,0,1
2023-08-15,P003,S003,102,15300,0,1
2023-08-15,P004,S001,234,70200,1,1
2023-08-15,P004,S002,209,62700,0,1
2023-08-15,P004,S003,173,51900,0,1
2023-08-15,P005,S001,145,26100,0,1
2023-08-15,P005,S002,214,38520,1,1
2023-08-15,P005,S003,136,24480,0,1
2023-08-16,P001,S001,110,22000,0,0
2023-08-16,P001,S002,131,26200,0,0
2023-08-16,P001,S003,96,19200,0,0
2023-08-16,P002,S001,143,35750,0,0
2023-08-16,P002,S002,158,39500,0,0
2023-08-16,P002,S003,123,30750,0,0
2023-08-16,P003,S001,85,12750,0,0
2023-08-16,P003,S002,101,15150,0,0
2023-08-16,P003,S003,69,10350,0,0
2023-08-16,P004,S001,151,45300,0,0
2023-08-16,P004,S002,202,60600,0,0
2023-08-16,P004,S003,137,41100,0,0
2023-08-16,P005,S001,121,21780,0,0
2023-08-16,P005,S002,125,22500,0,0
2023-08-16,P005,S003,135,24300,1,0
2023-08-17,P001,S001,134,26800,1,0
2023-08-17,P001,S002,112,22400,0,0
2023-08-17,P001,S003,105,21000,0,0
2023-08-17,P002,S001,149,37250,0,0
2023-08-17,P002,S002,145,36250,0,0
2023-08-17,P002,S003,119,29750,0,0
2023-08-17,P003,S001,83,12450,0,0
2023-08-17,P003,S002,110,16500,0,0
2023-08-17,P003,S003,81,12150,0,0
2023-08-17,P004,S001,162,48600,0,0
2023-08-17,P004,S002,154,46200,0,0
2023-08-17,P004,S003,173,51900,1,0
2023-08-17,P005,S001,129,23220,0,0
2023-08-17,P005,S002,158,28440,0,0
2023-08-17,P005,S003,116,20880,0,0
2023-08-18,P001,S001,115,23000,0,0
2023-08-18,P001,S002,143,28600,1,0
2023-08-18,P001,S003,92,18400,0,0
2023-08-18,P002,S001,127,31750,0,0
2023-08-18,P002,S002,151,37750,0,0
2023-08-18,P002,S003,117,29250,0,0
2023-08-18,P003,S001,95,14250,0,0
2023-08-18,P003,S002,91,13650,0,0
2023-08-18,P003,S003,79,11850,0,0
2023-08-18,P004,S001,137,41100,0,0
2023-08-18,P004,S002,200,60000,0,0
2023-08-18,P004,S003,142,42600,0,0
2023-08-18,P005,S001,160,28800,1,0
2023-08-18,P005,S002,171,30780,1,0
2023-08-18,P005,S003,89,16020,0,0
2023-08-19,P001,S001,106,21200,0,0
2023-08-19,P001,S002,159,31800,1,0
2023-08-19,P001,S003,126,25200,0,0
2023-08-19,P002,S001,137,34250,0,0
2023-08-19,P002,S002,173,43250,0,0
2023-08-19,P002,S003,145,36250,0,0
2023-08-19,P003,S001,109,16350,0,0
2023-08-19,P003,S002,113,16950,0,0
2023-08-19,P003,S003,98,14700,1,0
2023-08-19,P004,S001,178,53400,0,0
2023-08-19,P004,S002,221,66300,0,0
2023-08-19,P004,S003,169,50700,0,0
2023-08-19,P005,S001,110,19800,0,0
2023-08-19,P005,S002,129,23220,0,0
2023-08-19,P005,S003,102,18360,0,0
2023-08-20,P001,S001,154,30800,1,0
2023-08-20,P001,S002,123,24600,0,0
2023-08-20,P001,S003,95,19000,0,0
2023-08-20,P002,S001,180,45000,1,0
2023-08-20,P002,S002,184,46000,0,0
2023-08-20,P002,S003,151,37750,0,0
2023-08-20,P003,S001,89,13350,0,0
2023-08-20,P003,S002,134,20100,0,0
2023-08-20,P003,S003,91,13650,1,0
2023-08-20,P004,S001,171,51300,0,0
2023-08-20,P004,S002,214,64200,0,0
2023-08-20,P004,S003,146,43800,0,0
2023-08-20,P005,S001,126,22680,0,0
2023-08-20,P005,S002,171,30780,1,0
2023-08-20,P005,S003,107,19260,1,0
2023-08-21,P001,S001,93,18600,0,0
2023-08-21,P001,S002,148,29600,1,0
2023-08-21,P001,S003,92,18400,0,0
2023-08-21,P002,S001,151,37750,1,0
2023-08-21,P002,S002,150,37500,0,0
2023-08-21,P002,S003,134,33500,0,0
2023-08-21,P003,S001,117,17550,1,0
2023-08-21,P003,S002,84,12600,0,0
2023-08-21,P003,S003,86,12900,0,0
2023-08-21,P004,S001,148,44400,0,0
2023-08-21,P004,S002,213,63900,0,0
2023-08-21,P004,S003,133,39900,0,0
2023-08-21,P005,S001,123,22140,0,0
2023-08-21,P005,S002,156,28080,1,0
2023-08-21,P005,S003,130,23400,1,0
2023-08-22,P001,S001,125,25000,1,0
2023-08-22,P001,S002,112,22400,0,0
2023-08-22,P001,S003,91,18200,0,0
2023-08-22,P002,S001,116,29000,0,0
2023-08-22,P002,S002,169,42250,0,0
2023-08-22,P002,S003,129,32250,0,0
2023-08-22,P003,S001,92,13800,0,0
2023-08-22,P003,S002,106,15900,0,0
2023-08-22,P003,S003,75,11250,0,0
2023-08-22,P004,S001,197,59100,1,0
2023-08-22,P004,S002,177,53100,0,0
2023-08-22,P004,S003,204,61200,1,0
2023-08-22,P005,S001,145,26100,1,0
2023-08-22,P005,S002,126,22680,0,0
2023-08-22,P005,S003,102,18360,0,0
2023-08-23,P001,S001,107,21400,0,0
2023-08-23,P001,S002,144,28800,1,0
2023-08-23,P001,S003,107,21400,1,0
2023-08-23,P002,S001,168,42000,1,0
2023-08-23,P002,S002,165,41250,0,0
2023-08-23,P002,S003,130,32500,0,0
2023-08-23,P003,S001,95,14250,0,0
2023-08-23,P003,S002,95,14250,0,0
2023-08-23,P003,S003,85,12750,0,0
2023-08-23,P004,S001,171,51300,0,0
2023-08-23,P004,S002,232,69600,1,0
2023-08-23,P004,S003,157,47100,0,0
2023-08-23,P005,S001,110,19800,0,0
2023-08-23,P005,S002,131,23580,0,0
2023-08-23,P005,S003,113,20340,0,0
2023-08-24,P001,S001,107,21400,0,0
2023-08-24,P001,S002,118,23600,0,0
2023-08-24,P001,S003,119,23800,1,0
2023-08-24,P002,S001,149,37250,0,0
2023-08-24,P002,S002,147,36750,0,0
2023-08-24,P002,S003,142,35500,0,0
2023-08-24,P003,S001,84,12600,0,0
2023-08-24,P003,S002,102,15300,0,0
2023-08-24,P003,S003,91,13650,0,0
2023-08-24,P004,S001,162,48600,0,0
2023-08-24,P004,S002,241,72300,1,0
2023-08-24,P004,S003,155,46500,1,0
2023-08-24,P005,S001,113,20340,0,0
2023-08-24,P005,S002,163,29340,1,0
2023-08-24,P005,S003,111,19980,1,0
2023-08-25,P001,S001,97,19400,0,0
2023-08-25,P001,S002,131,26200,0,0
2023-08-25,P001,S003,114,22800,1,0
2023-08-25,P002,S001,156,39000,1,0
2023-08-25,P002,S002,150,37500,0,0
2023-08-25,P002,S003,139,34750,0,0
2023-08-25,P003,S001,97,14550,0,0
2023-08-25,P003,S002,109,16350,0,0
2023-08-25,P003,S003,80,12000,0,0
2023-08-25,P004,S001,142,42600,0,0
2023-08-25,P004,S002,186,55800,0,0
2023-08-25,P004,S003,142,42600,0,0
2023-08-25,P005,S001,101,18180,0,0
2023-08-25,P005,S002,155,27900,0,0
2023-08-25,P005,S003,113,20340,0,0
2023-08-26,P001,S001,124,24800,0,0
2023-08-26,P001,S002,117,23400,0,0
2023-08-26,P001,S003,117,23400,0,0
2023-08-26,P002,S001,144,36000,0,0
2023-08-26,P002,S002,165,41250,0,0
2023-08-26,P002,S003,138,34500,0,0
2023-08-26,P003,S001,100,15000,0,0
2023-08-26,P003,S002,133,19950,0,0
2023-08-26,P003,S003,95,14250,1,0
2023-08-26,P004,S001,175,52500,0,0
2023-08-26,P004,S002,183,54900,0,0
2023-08-26,P004,S003,173,51900,1,0
2023-08-26,P005,S001,133,23940,0,0
2023-08-26,P005,S002,148,26640,0,0
2023-08-26,P005,S003,131,23580,0,0
2023-08-27,P001,S001,132,26400,1,0
2023-08-27,P001,S002,156,31200,0,0
2023-08-27,P001,S003,101,20200,0,0
2023-08-27,P002,S001,142,35500,0,0
2023-08-27,P002,S002,159,39750,0,0
2023-08-27,P002,S003,137,34250,0,0
2023-08-27,P003,S001,105,15750,0,0
2023-08-27,P003,S002,108,16200,0,0
2023-08-27,P003,S003,120,18000,1,0
2023-08-27,P004,S001,164,49200,0,0
2023-08-27,P004,S002,206,61800,0,0
2023-08-27,P004,S003,167,50100,0,0
2023-08-27,P005,S001,139,25020,0,0
2023-08-27,P005,S002,164,29520,0,0
2023-08-27,P005,S003,137,24660,1,0
2023-08-28,P001,S001,113,22600,0,0
2023-08-28,P001,S002,130,26000,0,0
2023-08-28,P001,S003,91,18200,0,0
2023-08-28,P002,S001,133,33250,0,0
2023-08-28,P002,S002,143,35750,0,0
2023-08-28,P002,S003,117,29250,0,0
2023-08-28,P003,S001,89,13350,0,0
2023-08-28,P003,S002,108,16200,0,0
2023-08-28,P003,S003,93,13950,1,0
2023-08-28,P004,S001,175,52500,0,0
2023-08-28,P004,S002,166,49800,0,0
2023-08-28,P004,S003,141,42300,0,0
2023-08-28,P005,S001,134,24120,1,0
2023-08-28,P005,S002,144,25920,0,0
2023-08-28,P005,S003,103,18540,0,0
2023-08-29,P001,S001,104,20800,0,0
2023-08-29,P001,S002,112,22400,0,0
2023-08-29,P001,S003,102,20400,0,0
2023-08-29,P002,S001,117,29250,0,0
2023-08-29,P002,S002,164,41000,0,0
2023-08-29,P002,S003,120,30000,0,0
2023-08-29,P003,S001,86,12900,0,0
2023-08-29,P003,S002,101,15150,0,0
2023-08-29,P003,S003,79,11850,0,0
2023-08-29,P004,S001,189,56700,1,0
2023-08-29,P004,S002,156,46800,0,0
2023-08-29,P004,S003,158,47400,0,0
2023-08-29,P005,S001,107,19260,0,0
2023-08-29,P005,S002,124,22320,0,0
2023-08-29,P005,S003,124,22320,1,0
2023-08-30,P001,S001,115,23000,0,0
2023-08-30,P001,S002,127,25400,0,0
2023-08-30,P001,S003,90,18000,0,0
2023-08-30,P002,S001,150,37500,0,0
2023-08-30,P002,S002,153,38250,0,0
2023-08-30,P002,S003,139,34750,0,0
2023-08-30,P003,S001,112,16800,1,0
2023-08-30,P003,S002,108,16200,0,0
2023-08-30,P003,S003,76,11400,0,0
2023-08-30,P004,S001,140,42000,0,0
2023-08-30,P004,S002,173,51900,0,0
2023-08-30,P004,S003,155,46500,0,0
2023-08-30,P005,S001,143,25740,1,0
2023-08-30,P005,S002,145,26100,1,0
2023-08-30,P005,S003,145,26100,1,0
2023-08-31,P001,S001,109,21800,0,0
2023-08-31,P001,S002,152,30400,1,0
2023-08-31,P001,S003,102,20400,0,0
2023-08-31,P002,S001,128,32000,0,0
2023-08-31,P002,S002,206,51500,1,0
2023-08-31,P002,S003,106,26500,0,0
2023-08-31,P003,S001,94,14100,0,0
2023-08-31,P003,S002,125,18750,0,0
2023-08-31,P003,S003,69,10350,0,0
2023-08-31,P004,S001,144,43200,0,0
2023-08-31,P004,S002,200,60000,0,0
2023-08-31,P004,S003,151,45300,1,0
2023-08-31,P005,S001,122,21960,0,0
2023-08-31,P005,S002,135,24300,0,0
2023-08-31,P005,S003,110,19800,0,0
2023-09-01,P001,S001,120,24000,1,0
2023-09-01,P001,S002,119,23800,0,0
2023-09-01,P001,S003,115,23000,1,0
2023-09-01,P002,S001,170,42500,1,0
2023-09-01,P002,S002,140,35000,0,0
2023-09-01,P002,S003,114,28500,0,0
2023-09-01,P003,S001,85,12750,0,0
2023-09-01,P003,S002,75,11250,0,0
2023-09-01,P003,S003,87,13050,0,0
2023-09-01,P004,S001,139,41700,0,0
2023-09-01,P004,S002,205,61500,0,0
2023-09-01,P004,S003,180,54000,1,0
2023-09-01,P005,S001,118,21240,0,0
2023-09-01,P005,S002,121,21780,0,0
2023-09-01,P005,S003,108,19440,0,0
2023-09-02,P001,S001,115,23000,0,0
2023-09-02,P001,S002,162,32400,1,0
2023-09-02,P001,S003,142,28400,1,0
2023-09-02,P002,S001,143,35750,0,0
2023-09-02,P002,S002,223,55750,1,0
2023-09-02,P002,S003,127,31750,0,0
2023-09-02,P003,S001,88,13200,1,0
2023-09-02,P003,S002,122,18300,1,0
2023-09-02,P003,S003,94,14100,1,0
2023-09-02,P004,S001,178,53400,0,0
2023-09-02,P004,S002,255,76500,1,0
2023-09-02,P004,S003,164,49200,0,0
2023-09-02,P005,S001,137,24660,0,0
2023-09-02,P005,S002,150,27000,0,0
2023-09-02,P005,S003,121,21780,1,0
2023-09-03,P001,S001,118,23600,0,0
2023-09-03,P001,S002,127,25400,0,0
2023-09-03,P001,S003,105,21000,0,0
2023-09-03,P002,S001,169,42250,1,0
2023-09-03,P002,S002,160,40000,0,0
2023-09-03,P002,S003,128,32000,0,0
2023-09-03,P003,S001,131,19650,1,0
2023-09-03,P003,S002,93,13950,0,0
2023-09-03,P003,S003,79,11850,0,0
2023-09-03,P004,S001,159,47700,0,0
2023-09-03,P004,S002,194,58200,0,0
2023-09-03,P004,S003,164,49200,0,0
2023-09-03,P005,S001,99,17820,0,0
2023-09-03,P005,S002,140,25200,0,0
2023-09-03,P005,S003,119,21420,0,0
2023-09-04,P001,S001,137,27400,1,0
2023-09-04,P001,S002,105,21000,0,0
2023-09-04,P001,S003,102,20400,0,0
2023-09-04,P002,S001,139,34750,0,0
2023-09-04,P002,S002,166,41500,0,0
2023-09-04,P002,S003,141,35250,1,0
2023-09-04,P003,S001,89,13350,0,0
2023-09-04,P003,S002,107,16050,0,0
2023-09-04,P003,S003,80,12000,0,0
2023-09-04,P004,S001,138,41400,0,0
2023-09-04,P004,S002,167,50100,0,0
2023-09-04,P004,S003,141,42300,0,0
2023-09-04,P005,S001,154,27720,1,0
2023-09-04,P005,S002,136,24480,0,0
2023-09-04,P005,S003,96,17280,0,0
2023-09-05,P001,S001,99,19800,0,0
2023-09-05,P001,S002,115,23000,0,0
2023-09-05,P001,S003,111,22200,1,0
2023-09-05,P002,S001,129,32250,0,0
2023-09-05,P002,S002,148,37000,0,0
2023-09-05,P002,S003,116,29000,0,0
2023-09-05,P003,S001,77,11550,0,0
2023-09-05,P003,S002,89,13350,0,0
2023-09-05,P003,S003,76,11400,0,0
2023-09-05,P004,S001,143,42900,0,0
2023-09-05,P004,S002,178,53400,0,0
2023-09-05,P004,S003,150,45000,0,0
2023-09-05,P005,S001,125,22500,0,0
2023-09-05,P005,S002,139,25020,0,0
2023-09-05,P005,S003,102,18360,0,0
2023-09-06,P001,S001,110,22000,0,0
2023-09-06,P001,S002,120,24000,0,0
2023-09-06,P001,S003,112,22400,1,0
2023-09-06,P002,S001,165,41250,1,0
2023-09-06,P002,S002,177,44250,1,0
2023-09-06,P002,S003,104,26000,0,0
2023-09-06,P003,S001,85,12750,0,0
2023-09-06,P003,S002,87,13050,0,0
2023-09-06,P003,S003,91,13650,1,0
2023-09-06,P004,S001,162,48600,0,0
2023-09-06,P004,S002,185,55500,0,0
2023-09-06,P004,S003,170,51000,1,0
2023-09-06,P005,S001,112,20160,0,0
2023-09-06,P005,S002,134,24120,0,0
2023-09-06,P005,S003,107,19260,0,0
2023-09-07,P001,S001,102,20400,0,0
2023-09-07,P001,S002,110,22000,0,0
2023-09-07,P001,S003,97,19400,0,0
2023-09-07,P002,S001,120,30000,0,0
2023-09-07,P002,S002,168,42000,1,0
2023-09-07,P002,S003,126,31500,0,0
2023-09-07,P003,S001,89,13350,0,0
2023-09-07,P003,S002,112,16800,0,0
2023-09-07,P003,S003,85,12750,0,0
2023-09-07,P004,S001,158,47400,0,0
2023-09-07,P004,S002,233,69900,1,0
2023-09-07,P004,S003,130,39000,0,0
2023-09-07,P005,S001,112,20160,0,0
2023-09-07,P005,S002,131,23580,0,0
2023-09-07,P005,S003,120,21600,1,0
2023-09-08,P001,S001,112,22400,0,0
2023-09-08,P001,S002,124,24800,0,0
2023-09-08,P001,S003,97,19400,0,0
2023-09-08,P002,S001,148,37000,0,0
2023-09-08,P002,S002,151,37750,0,0
2023-09-08,P002,S003,154,38500,1,0
2023-09-08,P003,S001,95,14250,0,0
2023-09-08,P003,S002,106,15900,0,0
2023-09-08,P003,S003,88,13200,0,0
2023-09-08,P004,S001,160,48000,0,0
2023-09-08,P004,S002,186,55800,0,0
2023-09-08,P004,S003,135,40500,0,0
2023-09-08,P005,S001,110,19800,0,0
2023-09-08,P005,S002,134,24120,0,0
2023-09-08,P005,S003,120,21600,1,0
2023-09-09,P001,S001,144,28800,1,0
2023-09-09,P001,S002,133,26600,0,0
2023-09-09,P001,S003,113,22600,0,0
2023-09-09,P002,S001,173,43250,1,0
2023-09-09,P002,S002,180,45000,0,0
2023-09-09,P002,S003,115,28750,0,0
2023-09-09,P003,S001,91,13650,0,0
2023-09-09,P003,S002,136,20400,1,0
2023-09-09,P003,S003,84,12600,0,0
2023-09-09,P004,S001,173,51900,0,0
2023-09-09,P004,S002,238,71400,1,0
2023-09-09,P004,S003,186,55800,1,0
2023-09-09,P005,S001,111,19980,0,0
2023-09-09,P005,S002,175,31500,1,0
2023-09-09,P005,S003,128,23040,0,0
2023-09-10,P001,S001,140,28000,1,0
2023-09-10,P001,S002,161,32200,1,0
2023-09-10,P001,S003,119,23800,0,0
2023-09-10,P002,S001,174,43500,0,0
2023-09-10,P002,S002,155,38750,0,0
2023-09-10,P002,S003,150,37500,0,0
2023-09-10,P003,S001,115,17250,1,0
2023-09-10,P003,S002,101,15150,0,0
2023-09-10,P003,S003,92,13800,0,0
2023-09-10,P004,S001,188,56400,1,0
2023-09-10,P004,S002,197,59100,0,0
2023-09-10,P004,S003,183,54900,1,0
2023-09-10,P005,S001,152,27360,1,0
2023-09-10,P005,S002,155,27900,1,0
2023-09-10,P005,S003,100,18000,0,0
2023-09-11,P001,S001,134,26800,1,0
2023-09-11,P001,S002,133,26600,0,0
2023-09-11,P001,S003,104,20800,0,0
2023-09-11,P002,S001,115,28750,0,0
2023-09-11,P002,S002,172,43000,1,0
2023-09-11,P002,S003,169,42250,1,0
2023-09-11,P003,S001,82,12300,0,0
2023-09-11,P003,S002,106,15900,1,0
2023-09-11,P003,S003,76,11400,0,0
2023-09-11,P004,S001,132,39600,0,0
2023-09-11,P004,S002,157,47100,0,0
2023-09-11,P004,S003,136,40800,0,0
2023-09-11,P005,S001,109,19620,0,0
2023-09-11,P005,S002,113,20340,0,0
2023-09-11,P005,S003,113,20340,0,0
2023-09-12,P001,S001,102,20400,0,0
2023-09-12,P001,S002,141,28200,1,0
2023-09-12,P001,S003,92,18400,0,0
2023-09-12,P002,S001,131,32750,0,0
2023-09-12,P002,S002,174,43500,0,0
2023-09-12,P002,S003,124,31000,0,0
2023-09-12,P003,S001,88,13200,0,0
2023-09-12,P003,S002,92,13800,0,0
2023-09-12,P003,S003,74,11100,0,0
2023-09-12,P004,S001,153,45900,0,0
2023-09-12,P004,S002,176,52800,0,0
2023-09-12,P004,S003,148,44400,0,0
2023-09-12,P005,S001,99,17820,0,0
2023-09-12,P005,S002,140,25200,0,0
2023-09-12,P005,S003,101,18180,0,0
2023-09-13,P001,S001,95,19000,0,0
2023-09-13,P001,S002,122,24400,0,0
2023-09-13,P001,S003,93,18600,0,0
2023-09-13,P002,S001,149,37250,1,0
2023-09-13,P002,S002,182,45500,0,0
2023-09-13,P002,S003,137,34250,1,0
2023-09-13,P003,S001,95,14250,0,0
2023-09-13,P003,S002,115,17250,0,0
2023-09-13,P003,S003,80,12000,0,0
2023-09-13,P004,S001,170,51000,0,0
2023-09-13,P004,S002,192,57600,0,0
2023-09-13,P004,S003,154,46200,0,0
2023-09-13,P005,S001,136,24480,1,0
2023-09-13,P005,S002,139,25020,0,0
2023-09-13,P005,S003,106,19080,0,0
2023-09-14,P001,S001,99,19800,0,0
2023-09-14,P001,S002,129,25800,0,0
2023-09-14,P001,S003,108,21600,1,0
2023-09-14,P002,S001,149,37250,0,0
2023-09-14,P002,S002,142,35500,0,0
2023-09-14,P002,S003,114,28500,0,0
2023-09-14,P003,S001,73,10950,0,0
2023-09-14,P003,S002,113,16950,1,0
2023-09-14,P003,S003,90,13500,0,0
2023-09-14,P004,S001,179,53700,0,0
2023-09-14,P004,S002,183,54900,0,0
2023-09-14,P004,S003,135,40500,0,0
2023-09-14,P005,S001,117,21060,0,0
2023-09-14,P005,S002,123,22140,0,0
2023-09-14,P005,S003,100,18000,0,0
2023-09-15,P001,S001,111,22200,0,0
2023-09-15,P001,S002,118,23600,0,0
2023-09-15,P001,S003,95,19000,0,0
2023-09-15,P002,S001,138,34500,0,0
2023-09-15,P002,S002,160,40000,0,0
2023-09-15,P002,S003,114,28500,0,0
2023-09-15,P003,S001,83,12450,0,0
2023-09-15,P003,S002,106,15900,0,0
2023-09-15,P003,S003,79,11850,0,0
2023-09-15,P004,S001,202,60600,1,0
2023-09-15,P004,S002,172,51600,0,0
2023-09-15,P004,S003,138,41400,0,0
2023-09-15,P005,S001,122,21960,0,0
2023-09-15,P005,S002,127,22860,0,0
2023-09-15,P005,S003,76,13680,0,0
2023-09-16,P001,S001,123,24600,0,0
2023-09-16,P001,S002,137,27400,0,0
2023-09-16,P001,S003,101,20200,0,0
2023-09-16,P002,S001,166,41500,0,0
2023-09-16,P002,S002,153,38250,0,0
2023-09-16,P002,S003,131,32750,0,0
2023-09-16,P003,S001,115,17250,1,0
2023-09-16,P003,S002,116,17400,1,0
2023-09-16,P003,S003,85,12750,0,0
2023-09-16,P004,S001,229,68700,1,0
2023-09-16,P004,S002,197,59100,0,0
2023-09-16,P004,S003,153,45900,0,0
2023-09-16,P005,S001,167,30060,1,0
2023-09-16,P005,S002,130,23400,0,0
2023-09-16,P005,S003,123,22140,0,0
2023-09-17,P001,S001,99,19800,0,0
2023-09-17,P001,S002,145,29000,0,0
2023-09-17,P001,S003,94,18800,0,0
2023-09-17,P002,S001,136,34000,0,0
2023-09-17,P002,S002,151,37750,0,0
2023-09-17,P002,S003,138,34500,0,0
2023-09-17,P003,S001,97,14550,0,0
2023-09-17,P003,S002,119,17850,0,0
2023-09-17,P003,S003,88,13200,0,0
2023-09-17,P004,S001,169,50700,0,0
2023-09-17,P004,S002,253,75900,1,0
2023-09-17,P004,S003,160,48000,0,0
2023-09-17,P005,S001,128,23040,0,0
2023-09-17,P005,S002,140,25200,0,0
2023-09-17,P005,S003,113,20340,0,0
2023-09-18,P001,S001,104,20800,0,0
2023-09-18,P001,S002,118,23600,0,0
2023-09-18,P001,S003,96,19200,0,0
2023-09-18,P002,S001,189,47250,1,0
2023-09-18,P002,S002,172,43000,1,0
2023-09-18,P002,S003,136,34000,0,0
2023-09-18,P003,S001,93,13950,0,0
2023-09-18,P003,S002,100,15000,0,0
2023-09-18,P003,S003,72,10800,0,0
2023-09-18,P004,S001,140,42000,0,0
2023-09-18,P004,S002,176,52800,0,0
2023-09-18,P004,S003,142,42600,0,0
2023-09-18,P005,S001,150,27000,1,0
2023-09-18,P005,S002,142,25560,0,0
2023-09-18,P005,S003,101,18180,0,0
2023-09-19,P001,S001,122,24400,1,0
2023-09-19,P001,S002,143,28600,1,0
2023-09-19,P001,S003,95,19000,0,0
2023-09-19,P002,S001,125,31250,0,0
2023-09-19,P002,S002,185,46250,1,0
2023-09-19,P002,S003,120,30000,0,0
2023-09-19,P003,S001,107,16050,1,0
2023-09-19,P003,S002,113,16950,0,0
2023-09-19,P003,S003,88,13200,0,0
2023-09-19,P004,S001,165,49500,0,0
2023-09-19,P004,S002,188,56400,0,0
2023-09-19,P004,S003,169,50700,0,0
2023-09-19,P005,S001,108,19440,1,0
2023-09-19,P005,S002,142,25560,0,0
2023-09-19,P005,S003,125,22500,0,0
2023-09-20,P001,S001,103,20600,0,0
2023-09-20,P001,S002,125,25000,0,0
2023-09-20,P001,S003,95,19000,0,0
2023-09-20,P002,S001,135,33750,0,0
2023-09-20,P002,S002,165,41250,0,0
2023-09-20,P002,S003,135,33750,0,0
2023-09-20,P003,S001,87,13050,0,0
2023-09-20,P003,S002,109,16350,0,0
2023-09-20,P003,S003,86,12900,0,0
2023-09-20,P004,S001,186,55800,1,0
2023-09-20,P004,S002,188,56400,0,0
2023-09-20,P004,S003,178,53400,1,0
2023-09-20,P005,S001,100,18000,0,0
2023-09-20,P005,S002,166,29880,1,0
2023-09-20,P005,S003,88,15840,0,0
2023-09-21,P001,S001,113,22600,0,0
2023-09-21,P001,S002,125,25000,0,0
2023-09-21,P001,S003,124,24800,1,0
2023-09-21,P002,S001,103,25750,0,0
2023-09-21,P002,S002,166,41500,0,0
2023-09-21,P002,S003,129,32250,0,0
2023-09-21,P003,S001,101,15150,0,0
2023-09-21,P003,S002,89,13350,0,0
2023-09-21,P003,S003,84,12600,0,0
2023-09-21,P004,S001,134,40200,0,0
2023-09-21,P004,S002,192,57600,0,0
2023-09-21,P004,S003,157,47100,0,0
2023-09-21,P005,S001,108,19440,0,0
2023-09-21,P005,S002,129,23220,0,0
2023-09-21,P005,S003,104,18720,0,0
2023-09-22,P001,S001,93,18600,0,0
2023-09-22,P001,S002,127,25400,0,0
2023-09-22,P001,S003,81,16200,0,0
2023-09-22,P002,S001,130,32500,0,0
2023-09-22,P002,S002,174,43500,0,0
2023-09-22,P002,S003,121,30250,0,0
2023-09-22,P003,S001,79,11850,0,0
2023-09-22,P003,S002,93,13950,0,0
2023-09-22,P003,S003,69,10350,0,0
2023-09-22,P004,S001,167,50100,0,0
2023-09-22,P004,S002,165,49500,0,0
2023-09-22,P004,S003,184,55200,1,0
2023-09-22,P005,S001,116,20880,0,0
2023-09-22,P005,S002,112,20160,0,0
2023-09-22,P005,S003,88,15840,0,0
2023-09-23,P001,S001,108,21600,0,0
2023-09-23,P001,S002,132,26400,0,0
2023-09-23,P001,S003,115,23000,0,0
2023-09-23,P002,S001,151,37750,0,0
2023-09-23,P002,S002,177,44250,0,0
2023-09-23,P002,S003,128,32000,0,0
2023-09-23,P003,S001,84,12600,0,0
2023-09-23,P003,S002,117,17550,0,0
2023-09-23,P003,S003,88,13200,0,0
2023-09-23,P004,S001,201,60300,1,0
2023-09-23,P004,S002,202,60600,0,0
2023-09-23,P004,S003,148,44400,0,0
2023-09-23,P005,S001,119,21420,0,0
2023-09-23,P005,S002,180,32400,1,0
2023-09-23,P005,S003,119,21420,0,0
2023-09-24,P001,S001,101,20200,0,0
2023-09-24,P001,S002,132,26400,0,0
2023-09-24,P001,S003,101,20200,0,0
2023-09-24,P002,S001,164,41000,0,0
2023-09-24,P002,S002,179,44750,0,0
2023-09-24,P002,S003,166,41500,1,0
2023-09-24,P003,S001,93,13950,0,0
2023-09-24,P003,S002,102,15300,0,0
2023-09-24,P003,S003,82,12300,0,0
2023-09-24,P004,S001,191,57300,0,0
2023-09-24,P004,S002,182,54600,0,0
2023-09-24,P004,S003,183,54900,0,0
2023-09-24,P005,S001,128,23040,0,0
2023-09-24,P005,S002,201,36180,1,0
2023-09-24,P005,S003,125,22500,0,0
2023-09-25,P001,S001,108,21600,1,0
2023-09-25,P001,S002,115,23000,0,0
2023-09-25,P001,S003,99,19800,0,0
2023-09-25,P002,S001,127,31750,0,0
2023-09-25,P002,S002,160,40000,0,0
2023-09-25,P002,S003,172,43000,1,0
2023-09-25,P003,S001,101,15150,0,0
2023-09-25,P003,S002,121,18150,0,0
2023-09-25,P003,S003,91,13650,1,0
2023-09-25,P004,S001,223,66900,1,0
2023-09-25,P004,S002,212,63600,1,0
2023-09-25,P004,S003,142,42600,0,0
2023-09-25,P005,S001,119,21420,0,0
2023-09-25,P005,S002,134,24120,0,0
2023-09-25,P005,S003,117,21060,0,0
2023-09-26,P001,S001,147,29400,1,0
2023-09-26,P001,S002,128,25600,0,0
2023-09-26,P001,S003,85,17000,0,0
2023-09-26,P002,S001,151,37750,0,0
2023-09-26,P002,S002,208,52000,1,0
2023-09-26,P002,S003,120,30000,0,0
2023-09-26,P003,S001,77,11550,0,0
2023-09-26,P003,S002,88,13200,0,0
2023-09-26,P003,S003,72,10800,0,0
2023-09-26,P004,S001,159,47700,0,0
2023-09-26,P004,S002,207,62100,0,0
2023-09-26,P004,S003,156,46800,0,0
2023-09-26,P005,S001,152,27360,1,0
2023-09-26,P005,S002,139,25020,0,0
2023-09-26,P005,S003,127,22860,1,0
2023-09-27,P001,S001,109,21800,0,0
2023-09-27,P001,S002,112,22400,0,0
2023-09-27,P001,S003,106,21200,1,0
2023-09-27,P002,S001,131,32750,0,0
2023-09-27,P002,S002,148,37000,0,0
2023-09-27,P002,S003,122,30500,0,0
2023-09-27,P003,S001,98,14700,0,0
2023-09-27,P003,S002,94,14100,0,0
2023-09-27,P003,S003,78,11700,0,0
2023-09-27,P004,S001,171,51300,0,0
2023-09-27,P004,S002,197,59100,0,0
2023-09-27,P004,S003,178,53400,1,0
2023-09-27,P005,S001,119,21420,0,0
2023-09-27,P005,S002,133,23940,0,0
2023-09-27,P005,S003,105,18900,0,0
2023-09-28,P001,S001,149,29800,1,0
2023-09-28,P001,S002,110,22000,0,0
2023-09-28,P001,S003,115,23000,1,0
2023-09-28,P002,S001,124,31000,0,0
2023-09-28,P002,S002,195,48750,1,0
2023-09-28,P002,S003,145,36250,1,0
2023-09-28,P003,S001,86,12900,0,0
2023-09-28,P003,S002,101,15150,0,0
2023-09-28,P003,S003,85,12750,0,0
2023-09-28,P004,S001,190,57000,0,0
2023-09-28,P004,S002,217,65100,1,0
2023-09-28,P004,S003,182,54600,1,0
2023-09-28,P005,S001,113,20340,0,0
2023-09-28,P005,S002,150,27000,0,0
2023-09-28,P005,S003,141,25380,1,0
2023-09-29,P001,S001,103,20600,0,0
2023-09-29,P001,S002,122,24400,0,0
2023-09-29,P001,S003,88,17600,0,0
2023-09-29,P002,S001,144,36000,0,0
2023-09-29,P002,S002,166,41500,0,0
2023-09-29,P002,S003,119,29750,0,0
2023-09-29,P003,S001,95,14250,0,0
2023-09-29,P003,S002,100,15000,0,0
2023-09-29,P003,S003,79,11850,0,0
2023-09-29,P004,S001,172,51600,0,0
2023-09-29,P004,S002,172,51600,0,0
2023-09-29,P004,S003,149,44700,0,0
2023-09-29,P005,S001,110,19800,0,0
2023-09-29,P005,S002,153,27540,0,0
2023-09-29,P005,S003,104,18720,0,0
2023-09-30,P001,S001,140,28000,1,0
2023-09-30,P001,S002,133,26600,0,0
2023-09-30,P001,S003,97,19400,0,0
2023-09-30,P002,S001,133,33250,0,0
2023-09-30,P002,S002,188,47000,0,0
2023-09-30,P002,S003,123,30750,0,0
2023-09-30,P003,S001,94,14100,0,0
2023-09-30,P003,S002,112,16800,0,0
2023-09-30,P003,S003,88,13200,0,0
2023-09-30,P004,S001,178,53400,0,0
2023-09-30,P004,S002,255,76500,1,0
2023-09-30,P004,S003,211,63300,1,0
2023-09-30,P005,S001,127,22860,0,0
2023-09-30,P005,S002,128,23040,0,0
2023-09-30,P005,S003,119,21420,0,0
2023-10-01,P001,S001,144,28800,1,0
2023-10-01,P001,S002,161,32200,1,0
2023-10-01,P001,S003,104,20800,0,0
2023-10-01,P002,S001,203,50750,1,0
2023-10-01,P002,S002,172,43000,0,0
2023-10-01,P002,S003,126,31500,0,0
2023-10-01,P003,S001,104,15600,0,0
2023-10-01,P003,S002,127,19050,0,0
2023-10-01,P003,S003,83,12450,0,0
2023-10-01,P004,S001,200,60000,0,0
2023-10-01,P004,S002,185,55500,0,0
2023-10-01,P004,S003,165,49500,0,0
2023-10-01,P005,S001,139,25020,0,0
2023-10-01,P005,S002,142,25560,0,0
2023-10-01,P005,S003,127,22860,1,0
2023-10-02,P001,S001,132,26400,0,1
2023-10-02,P001,S002,175,35000,0,1
2023-10-02,P001,S003,128,25600,0,1
2023-10-02,P002,S001,184,46000,1,1
2023-10-02,P002,S002,226,56500,0,1
2023-10-02,P002,S003,147,36750,0,1
2023-10-02,P003,S001,140,21000,1,1
2023-10-02,P003,S002,168,25200,1,1
2023-10-02,P003,S003,109,16350,0,1
2023-10-02,P004,S001,198,59400,0,1
2023-10-02,P004,S002,244,73200,0,1
2023-10-02,P004,S003,190,57000,0,1
2023-10-02,P005,S001,180,32400,1,1
2023-10-02,P005,S002,235,42300,1,1
2023-10-02,P005,S003,126,22680,0,1
2023-10-03,P001,S001,101,20200,0,0
2023-10-03,P001,S002,131,26200,0,0
2023-10-03,P001,S003,103,20600,0,0
2023-10-03,P002,S001,174,43500,1,0
2023-10-03,P002,S002,143,35750,0,0
2023-10-03,P002,S003,155,38750,1,0
2023-10-03,P003,S001,78,11700,0,0
2023-10-03,P003,S002,102,15300,0,0
2023-10-03,P003,S003,70,10500,0,0
2023-10-03,P004,S001,184,55200,1,0
2023-10-03,P004,S002,209,62700,0,0
2023-10-03,P004,S003,136,40800,0,0
2023-10-03,P005,S001,89,16020,0,0
2023-10-03,P005,S002,141,25380,0,0
2023-10-03,P005,S003,91,16380,0,0
2023-10-04,P001,S001,96,19200,0,0
2023-10-04,P001,S002,120,24000,0,0
2023-10-04,P001,S003,88,17600,0,0
2023-10-04,P002,S001,136,34000,0,0
2023-10-04,P002,S002,186,46500,1,0
2023-10-04,P002,S003,113,28250,0,0
2023-10-04,P003,S001,92,13800,0,0
2023-10-04,P003,S002,90,13500,0,0
2023-10-04,P003,S003,115,17250,1,0
2023-10-04,P004,S001,180,54000,0,0
2023-10-04,P004,S002,212,63600,1,0
2023-10-04,P004,S003,189,56700,1,0
2023-10-04,P005,S001,122,21960,0,0
2023-10-04,P005,S002,140,25200,0,0
2023-10-04,P005,S003,97,17460,0,0
2023-10-05,P001,S001,100,20000,0,0
2023-10-05,P001,S002,117,23400,0,0
2023-10-05,P001,S003,102,20400,0,0
2023-10-05,P002,S001,131,32750,0,0
2023-10-05,P002,S002,127,31750,0,0
2023-10-05,P002,S003,135,33750,1,0
2023-10-05,P003,S001,99,14850,0,0
2023-10-05,P003,S002,96,14400,0,0
2023-10-05,P003,S003,84,12600,0,0
2023-10-05,P004,S001,185,55500,1,0
2023-10-05,P004,S002,200,60000,1,0
2023-10-05,P004,S003,162,48600,0,0
2023-10-05,P005,S001,107,19260,0,0
2023-10-05,P005,S002,150,27000,0,0
2023-10-05,P005,S003,127,22860,1,0
2023-10-06,P001,S001,131,26200,1,0
2023-10-06,P001,S002,134,26800,0,0
2023-10-06,P001,S003,103,20600,0,0
2023-10-06,P002,S001,140,35000,0,0
2023-10-06,P002,S002,182,45500,1,0
2023-10-06,P002,S003,128,32000,0,0
2023-10-06,P003,S001,97,14550,0,0
2023-10-06,P003,S002,110,16500,1,0
2023-10-06,P003,S003,98,14700,1,0
2023-10-06,P004,S001,133,39900,0,0
2023-10-06,P004,S002,195,58500,0,0
2023-10-06,P004,S003,134,40200,0,0
2023-10-06,P005,S001,123,22140,0,0
2023-10-06,P005,S002,135,24300,0,0
2023-10-06,P005,S003,109,19620,0,0
2023-10-07,P001,S001,163,32600,1,0
2023-10-07,P001,S002,128,25600,0,0
2023-10-07,P001,S003,107,21400,0,0
2023-10-07,P002,S001,151,37750,0,0
2023-10-07,P002,S002,155,38750,0,0
2023-10-07,P002,S003,145,36250,0,0
2023-10-07,P003,S001,112,16800,0,0
2023-10-07,P003,S002,117,17550,0,0
2023-10-07,P003,S003,103,15450,0,0
2023-10-07,P004,S001,188,56400,0,0
2023-10-07,P004,S002,209,62700,0,0
2023-10-07,P004,S003,174,52200,0,0
2023-10-07,P005,S001,129,23220,0,0
2023-10-07,P005,S002,176,31680,1,0
2023-10-07,P005,S003,147,26460,1,0
2023-10-08,P001,S001,139,27800,0,0
2023-10-08,P001,S002,153,30600,1,0
2023-10-08,P001,S003,97,19400,0,0
2023-10-08,P002,S001,154,38500,0,0
2023-10-08,P002,S002,144,36000,0,0
2023-10-08,P002,S003,131,32750,0,0
2023-10-08,P003,S001,99,14850,0,0
2023-10-08,P003,S002,132,19800,1,0
2023-10-08,P003,S003,100,15000,0,0
2023-10-08,P004,S001,238,71400,1,0
2023-10-08,P004,S002,238,71400,0,0
2023-10-08,P004,S003,162,48600,0,0
2023-10-08,P005,S001,158,28440,1,0
2023-10-08,P005,S002,144,25920,0,0
2023-10-08,P005,S003,127,22860,0,0
2023-10-09,P001,S001,115,23000,1,0
2023-10-09,P001,S002,122,24400,0,0
2023-10-09,P001,S003,107,21400,0,0
2023-10-09,P002,S001,134,33500,0,0
2023-10-09,P002,S002,150,37500,0,0
2023-10-09,P002,S003,115,28750,0,0
2023-10-09,P003,S001,84,12600,0,0
2023-10-09,P003,S002,100,15000,0,0
2023-10-09,P003,S003,85,12750,0,0
2023-10-09,P004,S001,164,49200,0,0
2023-10-09,P004,S002,210,63000,0,0
2023-10-09,P004,S003,129,38700,0,0
2023-10-09,P005,S001,112,20160,0,0
2023-10-09,P005,S002,122,21960,0,0
2023-10-09,P005,S003,100,18000,0,0
2023-10-10,P001,S001,104,20800,0,0
2023-10-10,P001,S002,130,26000,0,0
2023-10-10,P001,S003,103,20600,0,0
2023-10-10,P002,S001,142,35500,0,0
2023-10-10,P002,S002,168,42000,0,0
2023-10-10,P002,S003,133,33250,0,0
2023-10-10,P003,S001,112,16800,1,0
2023-10-10,P003,S002,133,19950,1,0
2023-10-10,P003,S003,80,12000,0,0
2023-10-10,P004,S001,146,43800,0,0
2023-10-10,P004,S002,178,53400,0,0
2023-10-10,P004,S003,164,49200,0,0
2023-10-10,P005,S001,108,19440,0,0
2023-10-10,P005,S002,132,23760,0,0
2023-10-10,P005,S003,96,17280,0,0
2023-10-11,P001,S001,117,23400,0,0
2023-10-11,P001,S002,150,30000,1,0
2023-10-11,P001,S003,95,19000,0,0
2023-10-11,P002,S001,114,28500,0,0
2023-10-11,P002,S002,157,39250,0,0
2023-10-11,P002,S003,133,33250,0,0
2023-10-11,P003,S001,96,14400,0,0
2023-10-11,P003,S002,99,14850,0,0
2023-10-11,P003,S003,76,11400,0,0
2023-10-11,P004,S001,165,49500,0,0
2023-10-11,P004,S002,165,49500,0,0
2023-10-11,P004,S003,184,55200,1,0
2023-10-11,P005,S001,129,23220,1,0
2023-10-11,P005,S002,126,22680,0,0
2023-10-11,P005,S003,99,17820,0,0
2023-10-12,P001,S001,115,23000,0,0
2023-10-12,P001,S002,139,27800,1,0
2023-10-12,P001,S003,91,18200,0,0
2023-10-12,P002,S001,153,38250,0,0
2023-10-12,P002,S002,164,41000,0,0
2023-10-12,P002,S003,124,31000,0,0
2023-10-12,P003,S001,91,13650,0,0
2023-10-12,P003,S002,87,13050,0,0
2023-10-12,P003,S003,83,12450,0,0
2023-10-12,P004,S001,180,54000,0,0
2023-10-12,P004,S002,175,52500,0,0
2023-10-12,P004,S003,155,46500,1,0
2023-10-12,P005,S001,118,21240,1,0
2023-10-12,P005,S002,147,26460,1,0
2023-10-12,P005,S003,93,16740,0,0
2023-10-13,P001,S001,111,22200,0,0
2023-10-13,P001,S002,131,26200,0,0
2023-10-13,P001,S003,103,20600,0,0
2023-10-13,P002,S001,130,32500,0,0
2023-10-13,P002,S002,170,42500,0,0
2023-10-13,P002,S003,102,25500,0,0
2023-10-13,P003,S001,86,12900,0,0
2023-10-13,P003,S002,101,15150,0,0
2023-10-13,P003,S003,86,12900,0,0
2023-10-13,P004,S001,144,43200,0,0
2023-10-13,P004,S002,188,56400,0,0
2023-10-13,P004,S003,158,47400,0,0
2023-10-13,P005,S001,125,22500,0,0
2023-10-13,P005,S002,129,23220,0,0
2023-10-13,P005,S003,132,23760,1,0
2023-10-14,P001,S001,137,27400,1,0
2023-10-14,P001,S002,132,26400,0,0
2023-10-14,P001,S003,106,21200,0,0
2023-10-14,P002,S001,203,50750,1,0
2023-10-14,P002,S002,194,48500,0,0
2023-10-14,P002,S003,144,36000,0,0
2023-10-14,P003,S001,91,13650,0,0
2023-10-14,P003,S002,123,18450,0,0
2023-10-14,P003,S003,106,15900,1,0
2023-10-14,P004,S001,188,56400,0,0
2023-10-14,P004,S002,195,58500,0,0
2023-10-14,P004,S003,171,51300,0,0
2023-10-14,P005,S001,138,24840,0,0
2023-10-14,P005,S002,151,27180,0,0
2023-10-14,P005,S003,147,26460,1,0
2023-10-15,P001,S001,130,26000,1,0
2023-10-15,P001,S002,173,34600,1,0
2023-10-15,P001,S003,102,20400,0,0
2023-10-15,P002,S001,166,41500,0,0
2023-10-15,P002,S002,167,41750,0,0
2023-10-15,P002,S003,118,29500,0,0
2023-10-15,P003,S001,110,16500,0,0
2023-10-15,P003,S002,115,17250,0,0
2023-10-15,P003,S003,114,17100,1,0
2023-10-15,P004,S001,180,54000,0,0
2023-10-15,P004,S002,182,54600,0,0
2023-10-15,P004,S003,157,47100,0,0
2023-10-15,P005,S001,130,23400,0,0
2023-10-15,P005,S002,158,28440,0,0
2023-10-15,P005,S003,118,21240,0,0
2023-10-16,P001,S001,106,21200,0,0
2023-10-16,P001,S002,122,24400,0,0
2023-10-16,P001,S003,103,20600,0,0
2023-10-16,P002,S001,145,36250,0,0
2023-10-16,P002,S002,173,43250,1,0
2023-10-16,P002,S003,148,37000,1,0
2023-10-16,P003,S001,97,14550,0,0
2023-10-16,P003,S002,118,17700,0,0
2023-10-16,P003,S003,90,13500,0,0
2023-10-16,P004,S001,174,52200,1,0
2023-10-16,P004,S002,187,56100,0,0
2023-10-16,P004,S003,156,46800,1,0
2023-10-16,P005,S001,133,23940,0,0
2023-10-16,P005,S002,138,24840,0,0
2023-10-16,P005,S003,113,20340,0,0
2023-10-17,P001,S001,121,24200,1,0
2023-10-17,P001,S002,143,28600,1,0
2023-10-17,P001,S003,101,20200,0,0
2023-10-17,P002,S001,179,44750,1,0
2023-10-17,P002,S002,135,33750,0,0
2023-10-17,P002,S003,133,33250,0,0
2023-10-17,P003,S001,92,13800,0,0
2023-10-17,P003,S002,88,13200,0,0
2023-10-17,P003,S003,86,12900,0,0
2023-10-17,P004,S001,208,62400,1,0
2023-10-17,P004,S002,226,67800,1,0
2023-10-17,P004,S003,141,42300,0,0
2023-10-17,P005,S001,110,19800,0,0
2023-10-17,P005,S002,141,25380,0,0
2023-10-17,P005,S003,95,17100,0,0
2023-10-18,P001,S001,121,24200,0,0
2023-10-18,P001,S002,117,23400,0,0
2023-10-18,P001,S003,83,16600,0,0
2023-10-18,P002,S001,176,44000,1,0
2023-10-18,P002,S002,166,41500,0,0
2023-10-18,P002,S003,151,37750,1,0
2023-10-18,P003,S001,98,14700,0,0
2023-10-18,P003,S002,96,14400,0,0
2023-10-18,P003,S003,106,15900,1,0
2023-10-18,P004,S001,176,52800,0,0
2023-10-18,P004,S002,202,60600,0,0
2023-10-18,P004,S003,153,45900,0,0
2023-10-18,P005,S001,108,19440,0,0
2023-10-18,P005,S002,132,23760,0,0
2023-10-18,P005,S003,139,25020,1,0
2023-10-19,P001,S001,106,21200,0,0
2023-10-19,P001,S002,115,23000,0,0
2023-10-19,P001,S003,138,27600,1,0
2023-10-19,P002,S001,118,29500,0,0
2023-10-19,P002,S002,180,45000,1,0
2023-10-19,P002,S003,129,32250,0,0
2023-10-19,P003,S001,108,16200,0,0
2023-10-19,P003,S002,103,15450,0,0
2023-10-19,P003,S003,80,12000,0,0
2023-10-19,P004,S001,163,48900,0,0
2023-10-19,P004,S002,173,51900,0,0
2023-10-19,P004,S003,159,47700,1,0
2023-10-19,P005,S001,127,22860,0,0
2023-10-19,P005,S002,137,24660,0,0
2023-10-19,P005,S003,91,16380,0,0
2023-10-20,P001,S001,100,20000,0,0
2023-10-20,P001,S002,141,28200,0,0
2023-10-20,P001,S003,108,21600,0,0
2023-10-20,P002,S001,153,38250,1,0
2023-10-20,P002,S002,163,40750,0,0
2023-10-20,P002,S003,108,27000,0,0
2023-10-20,P003,S001,87,13050,0,0
2023-10-20,P003,S002,129,19350,0,0
2023-10-20,P003,S003,84,12600,0,0
2023-10-20,P004,S001,157,47100,0,0
2023-10-20,P004,S002,187,56100,0,0
2023-10-20,P004,S003,139,41700,0,0
2023-10-20,P005,S001,105,18900,0,0
2023-10-20,P005,S002,150,27000,0,0
2023-10-20,P005,S003,90,16200,0,0
2023-10-21,P001,S001,126,25200,0,0
2023-10-21,P001,S002,136,27200,0,0
2023-10-21,P001,S003,119,23800,0,0
2023-10-21,P002,S001,148,37000,0,0
2023-10-21,P002,S002,209,52250,1,0
2023-10-21,P002,S003,160,40000,1,0
2023-10-21,P003,S001,105,15750,0,0
2023-10-21,P003,S002,106,15900,0,0
2023-10-21,P003,S003,86,12900,0,0
2023-10-21,P004,S001,198,59400,0,0
2023-10-21,P004,S002,262,78600,1,0
2023-10-21,P004,S003,199,59700,1,0
2023-10-21,P005,S001,132,23760,0,0
2023-10-21,P005,S002,145,26100,0,0
2023-10-21,P005,S003,115,20700,0,0
2023-10-22,P001,S001,123,24600,0,0
2023-10-22,P001,S002,146,29200,0,0
2023-10-22,P001,S003,111,22200,0,0
2023-10-22,P002,S001,159,39750,0,0
2023-10-22,P002,S002,216,54000,1,0
2023-10-22,P002,S003,116,29000,0,0
2023-10-22,P003,S001,116,17400,1,0
2023-10-22,P003,S002,110,16500,0,0
2023-10-22,P003,S003,96,14400,1,0
2023-10-22,P004,S001,188,56400,0,0
2023-10-22,P004,S002,266,79800,1,0
2023-10-22,P004,S003,161,48300,0,0
2023-10-22,P005,S001,102,18360,0,0
2023-10-22,P005,S002,162,29160,1,0
2023-10-22,P005,S003,106,19080,0,0
2023-10-23,P001,S001,102,20400,0,0
2023-10-23,P001,S002,120,24000,0,0
2023-10-23,P001,S003,95,19000,0,0
2023-10-23,P002,S001,137,34250,0,0
2023-10-23,P002,S002,213,53250,1,0
2023-10-23,P002,S003,153,38250,1,0
2023-10-23,P003,S001,99,14850,0,0
2023-10-23,P003,S002,117,17550,1,0
2023-10-23,P003,S003,77,11550,0,0
2023-10-23,P004,S001,164,49200,0,0
2023-10-23,P004,S002,193,57900,0,0
2023-10-23,P004,S003,141,42300,0,0
2023-10-23,P005,S001,118,21240,0,0
2023-10-23,P005,S002,152,27360,0,0
2023-10-23,P005,S003,102,18360,0,0
2023-10-24,P001,S001,106,21200,0,0
2023-10-24,P001,S002,138,27600,1,0
2023-10-24,P001,S003,130,26000,1,0
2023-10-24,P002,S001,117,29250,0,0
2023-10-24,P002,S002,159,39750,0,0
2023-10-24,P002,S003,123,30750,0,0
2023-10-24,P003,S001,86,12900,0,0
2023-10-24,P003,S002,97,14550,0,0
2023-10-24,P003,S003,78,11700,0,0
2023-10-24,P004,S001,154,46200,0,0
2023-10-24,P004,S002,174,52200,0,0
2023-10-24,P004,S003,147,44100,0,0
2023-10-24,P005,S001,111,19980,0,0
2023-10-24,P005,S002,166,29880,1,0
2023-10-24,P005,S003,110,19800,0,0
2023-10-25,P001,S001,106,21200,0,0
2023-10-25,P001,S002,125,25000,0,0
2023-10-25,P001,S003,130,26000,1,0
2023-10-25,P002,S001,143,35750,0,0
2023-10-25,P002,S002,140,35000,0,0
2023-10-25,P002,S003,131,32750,0,0
2023-10-25,P003,S001,105,15750,0,0
2023-10-25,P003,S002,111,16650,0,0
2023-10-25,P003,S003,81,12150,0,0
2023-10-25,P004,S001,172,51600,0,0
2023-10-25,P004,S002,198,59400,0,0
2023-10-25,P004,S003,189,56700,1,0
2023-10-25,P005,S001,116,20880,0,0
2023-10-25,P005,S002,120,21600,0,0
2023-10-25,P005,S003,103,18540,0,0
2023-10-26,P001,S001,133,26600,1,0
2023-10-26,P001,S002,138,27600,0,0
2023-10-26,P001,S003,104,20800,0,0
2023-10-26,P002,S001,134,33500,0,0
2023-10-26,P002,S002,156,39000,0,0
2023-10-26,P002,S003,101,25250,0,0
2023-10-26,P003,S001,91,13650,0,0
2023-10-26,P003,S002,95,14250,0,0
2023-10-26,P003,S003,94,14100,0,0
2023-10-26,P004,S001,149,44700,0,0
2023-10-26,P004,S002,153,45900,0,0
2023-10-26,P004,S003,140,42000,0,0
2023-10-26,P005,S001,129,23220,0,0
2023-10-26,P005,S002,163,29340,1,0
2023-10-26,P005,S003,109,19620,0,0
2023-10-27,P001,S001,101,20200,0,0
2023-10-27,P001,S002,123,24600,0,0
2023-10-27,P001,S003,121,24200,1,0
2023-10-27,P002,S001,129,32250,0,0
2023-10-27,P002,S002,165,41250,0,0
2023-10-27,P002,S003,118,29500,0,0
2023-10-27,P003,S001,84,12600,0,0
2023-10-27,P003,S002,110,16500,0,0
2023-10-27,P003,S003,78,11700,0,0
2023-10-27,P004,S001,167,50100,0,0
2023-10-27,P004,S002,189,56700,0,0
2023-10-27,P004,S003,157,47100,0,0
2023-10-27,P005,S001,144,25920,1,0
2023-10-27,P005,S002,141,25380,0,0
2023-10-27,P005,S003,90,16200,0,0
2023-10-28,P001,S001,137,27400,0,0
2023-10-28,P001,S002,171,34200,1,0
2023-10-28,P001,S003,109,21800,0,0
2023-10-28,P002,S001,129,32250,0,0
2023-10-28,P002,S002,231,57750,1,0
2023-10-28,P002,S003,134,33500,0,0
2023-10-28,P003,S001,129,19350,1,0
2023-10-28,P003,S002,110,16500,0,0
2023-10-28,P003,S003,89,13350,0,0
2023-10-28,P004,S001,159,47700,0,0
2023-10-28,P004,S002,218,65400,0,0
2023-10-28,P004,S003,160,48000,0,0
2023-10-28,P005,S001,141,25380,0,0
2023-10-28,P005,S002,150,27000,0,0
2023-10-28,P005,S003,128,23040,0,0
2023-10-29,P001,S001,158,31600,1,0
2023-10-29,P001,S002,165,33000,1,0
2023-10-29,P001,S003,103,20600,0,0
2023-10-29,P002,S001,124,31000,0,0
2023-10-29,P002,S002,160,40000,0,0
2023-10-29,P002,S003,192,48000,1,0
2023-10-29,P003,S001,116,17400,1,0
2023-10-29,P003,S002,97,14550,0,0
2023-10-29,P003,S003,79,11850,0,0
2023-10-29,P004,S001,213,63900,1,0
2023-10-29,P004,S002,192,57600,0,0
2023-10-29,P004,S003,163,48900,0,0
2023-10-29,P005,S001,118,21240,0,0
2023-10-29,P005,S002,147,26460,0,0
2023-10-29,P005,S003,163,29340,1,0
2023-10-30,P001,S001,127,25400,1,0
2023-10-30,P001,S002,149,29800,1,0
2023-10-30,P001,S003,116,23200,1,0
2023-10-30,P002,S001,166,41500,1,0
2023-10-30,P002,S002,163,40750,0,0
2023-10-30,P002,S003,125,31250,0,0
2023-10-30,P003,S001,110,16500,1,0
2023-10-30,P003,S002,103,15450,0,0
2023-10-30,P003,S003,87,13050,0,0
2023-10-30,P004,S001,151,45300,0,0
2023-10-30,P004,S002,181,54300,0,0
2023-10-30,P004,S003,130,39000,0,0
2023-10-30,P005,S001,122,21960,0,0
2023-10-30,P005,S002,143,25740,0,0
2023-10-30,P005,S003,99,17820,0,0
2023-10-31,P001,S001,136,27200,1,0
2023-10-31,P001,S002,107,21400,0,0
2023-10-31,P001,S003,108,21600,1,0
2023-10-31,P002,S001,124,31000,0,0
2023-10-31,P002,S002,159,39750,0,0
2023-10-31,P002,S003,141,35250,1,0
2023-10-31,P003,S001,85,12750,1,0
2023-10-31,P003,S002,127,19050,0,0
2023-10-31,P003,S003,79,11850,0,0
2023-10-31,P004,S001,160,48000,0,0
2023-10-31,P004,S002,208,62400,0,0
2023-10-31,P004,S003,165,49500,1,0
2023-10-31,P005,S001,116,20880,0,0
2023-10-31,P005,S002,178,32040,1,0
2023-10-31,P005,S003,103,18540,0,0
2023-11-01,P001,S001,101,20200,0,0
2023-11-01,P001,S002,177,35400,1,0
2023-11-01,P001,S003,105,21000,0,0
2023-11-01,P002,S001,145,36250,0,0
2023-11-01,P002,S002,185,46250,0,0
2023-11-01,P002,S003,157,39250,1,0
2023-11-01,P003,S001,107,16050,1,0
2023-11-01,P003,S002,143,21450,1,0
2023-11-01,P003,S003,102,15300,1,0
2023-11-01,P004,S001,205,61500,1,0
2023-11-01,P004,S002,281,84300,1,0
2023-11-01,P004,S003,164,49200,0,0
2023-11-01,P005,S001,126,22680,0,0
2023-11-01,P005,S002,164,29520,0,0
2023-11-01,P005,S003,101,18180,0,0
2023-11-02,P001,S001,116,23200,0,0
2023-11-02,P001,S002,128,25600,0,0
2023-11-02,P001,S003,99,19800,0,0
2023-11-02,P002,S001,150,37500,0,0
2023-11-02,P002,S002,193,48250,1,0
2023-11-02,P002,S003,134,33500,0,0
2023-11-02,P003,S001,115,17250,1,0
2023-11-02,P003,S002,110,16500,0,0
2023-11-02,P003,S003,82,12300,0,0
2023-11-02,P004,S001,204,61200,0,0
2023-11-02,P004,S002,182,54600,0,0
2023-11-02,P004,S003,181,54300,1,0
2023-11-02,P005,S001,162,29160,1,0
2023-11-02,P005,S002,142,25560,0,0
2023-11-02,P005,S003,115,20700,0,0
2023-11-03,P001,S001,124,24800,0,0
2023-11-03,P001,S002,133,26600,0,0
2023-11-03,P001,S003,78,15600,0,0
2023-11-03,P002,S001,146,36500,0,0
2023-11-03,P002,S002,175,43750,0,0
2023-11-03,P002,S003,162,40500,1,0
2023-11-03,P003,S001,91,13650,0,0
2023-11-03,P003,S002,125,18750,0,0
2023-11-03,P003,S003,76,11400,0,0
2023-11-03,P004,S001,170,51000,0,0
2023-11-03,P004,S002,212,63600,0,0
2023-11-03,P004,S003,199,59700,0,0
2023-11-03,P005,S001,138,24840,1,0
2023-11-03,P005,S002,123,22140,0,0
2023-11-03,P005,S003,164,29520,1,0
2023-11-04,P001,S001,164,32800,1,0
2023-11-04,P001,S002,182,36400,1,0
2023-11-04,P001,S003,109,21800,0,0
2023-11-04,P002,S001,159,39750,0,0
2023-11-04,P002,S002,174,43500,0,0
2023-11-04,P002,S003,156,39000,0,0
2023-11-04,P003,S001,113,16950,0,0
2023-11-04,P003,S002,124,18600,0,0
2023-11-04,P003,S003,100,15000,0,0
2023-11-04,P004,S001,196,58800,0,0
2023-11-04,P004,S002,203,60900,0,0
2023-11-04,P004,S003,150,45000,0,0
2023-11-04,P005,S001,147,26460,0,0
2023-11-04,P005,S002,172,30960,0,0
2023-11-04,P005,S003,118,21240,0,0
2023-11-05,P001,S001,147,29400,0,0
2023-11-05,P001,S002,148,29600,0,0
2023-11-05,P001,S003,97,19400,0,0
2023-11-05,P002,S001,168,42000,0,0
2023-11-05,P002,S002,219,54750,0,0
2023-11-05,P002,S003,142,35500,0,0
2023-11-05,P003,S001,109,16350,0,0
2023-11-05,P003,S002,140,21000,0,0
2023-11-05,P003,S003,97,14550,1,0
2023-11-05,P004,S001,202,60600,1,0
2023-11-05,P004,S002,223,66900,0,0
2023-11-05,P004,S003,164,49200,0,0
2023-11-05,P005,S001,140,25200,0,0
2023-11-05,P005,S002,148,26640,0,0
2023-11-05,P005,S003,139,25020,0,0
2023-11-06,P001,S001,147,29400,1,0
2023-11-06,P001,S002,167,33400,1,0
2023-11-06,P001,S003,124,24800,1,0
2023-11-06,P002,S001,143,35750,0,0
2023-11-06,P002,S002,151,37750,0,0
2023-11-06,P002,S003,147,36750,0,0
2023-11-06,P003,S001,101,15150,0,0
2023-11-06,P003,S002,107,16050,0,0
2023-11-06,P003,S003,111,16650,1,0
2023-11-06,P004,S001,185,55500,0,0
2023-11-06,P004,S002,208,62400,0,0
2023-11-06,P004,S003,215,64500,1,0
2023-11-06,P005,S001,166,29880,1,0
2023-11-06,P005,S002,153,27540,0,0
2023-11-06,P005,S003,133,23940,1,0
2023-11-07,P001,S001,136,27200,1,0
2023-11-07,P001,S002,176,35200,1,0
2023-11-07,P001,S003,116,23200,0,0
2023-11-07,P002,S001,175,43750,0,0
2023-11-07,P002,S002,168,42000,0,0
2023-11-07,P002,S003,132,33000,0,0
2023-11-07,P003,S001,104,15600,1,0
2023-11-07,P003,S002,127,19050,0,0
2023-11-07,P003,S003,108,16200,1,0
2023-11-07,P004,S001,200,60000,0,0
2023-11-07,P004,S002,178,53400,0,0
2023-11-07,P004,S003,155,46500,0,0
2023-11-07,P005,S001,124,22320,0,0
2023-11-07,P005,S002,154,27720,0,0
2023-11-07,P005,S003,117,21060,0,0
2023-11-08,P001,S001,146,29200,1,0
2023-11-08,P001,S002,127,25400,0,0
2023-11-08,P001,S003,108,21600,0,0
2023-11-08,P002,S001,154,38500,0,0
2023-11-08,P002,S002,201,50250,1,0
2023-11-08,P002,S003,126,31500,0,0
2023-11-08,P003,S001,89,13350,0,0
2023-11-08,P003,S002,120,18000,0,0
2023-11-08,P003,S003,90,13500,0,0
2023-11-08,P004,S001,211,63300,0,0
2023-11-08,P004,S002,219,65700,0,0
2023-11-08,P004,S003,139,41700,0,0
2023-11-08,P005,S001,134,24120,1,0
2023-11-08,P005,S002,154,27720,0,0
2023-11-08,P005,S003,121,21780,0,0
2023-11-09,P001,S001,116,23200,0,0
2023-11-09,P001,S002,173,34600,1,0
2023-11-09,P001,S003,108,21600,0,0
2023-11-09,P002,S001,177,44250,1,0
2023-11-09,P002,S002,169,42250,1,0
2023-11-09,P002,S003,171,42750,1,0
2023-11-09,P003,S001,79,11850,0,0
2023-11-09,P003,S002,126,18900,0,0
2023-11-09,P003,S003,102,15300,0,0
2023-11-09,P004,S001,156,46800,0,0
2023-11-09,P004,S002,214,64200,0,0
2023-11-09,P004,S003,144,43200,0,0
2023-11-09,P005,S001,143,25740,1,0
2023-11-09,P005,S002,138,24840,0,0
2023-11-09,P005,S003,117,21060,0,0
2023-11-10,P001,S001,119,23800,0,0
2023-11-10,P001,S002,131,26200,0,0
2023-11-10,P001,S003,107,21400,1,0
2023-11-10,P002,S001,140,35000,0,0
2023-11-10,P002,S002,189,47250,0,0
2023-11-10,P002,S003,139,34750,0,0
2023-11-10,P003,S001,90,13500,0,0
2023-11-10,P003,S002,136,20400,1,0
2023-11-10,P003,S003,103,15450,1,0
2023-11-10,P004,S001,239,71700,1,0
2023-11-10,P004,S002,198,59400,0,0
2023-11-10,P004,S003,141,42300,0,0
2023-11-10,P005,S001,149,26820,1,0
2023-11-10,P005,S002,165,29700,0,0
2023-11-10,P005,S003,125,22500,0,0
2023-11-11,P001,S001,129,25800,0,0
2023-11-11,P001,S002,135,27000,0,0
2023-11-11,P001,S003,147,29400,1,0
2023-11-11,P002,S001,145,36250,0,0
2023-11-11,P002,S002,189,47250,0,0
2023-11-11,P002,S003,152,38000,0,0
2023-11-11,P003,S001,95,14250,0,0
2023-11-11,P003,S002,121,18150,0,0
2023-11-11,P003,S003,99,14850,0,0
2023-11-11,P004,S001,201,60300,0,0
2023-11-11,P004,S002,232,69600,0,0
2023-11-11,P004,S003,163,48900,0,0
2023-11-11,P005,S001,133,23940,0,0
2023-11-11,P005,S002,185,33300,1,0
2023-11-11,P005,S003,99,17820,0,0
2023-11-12,P001,S001,142,28400,0,0
2023-11-12,P001,S002,174,34800,1,0
2023-11-12,P001,S003,125,25000,0,0
2023-11-12,P002,S001,174,43500,0,0
2023-11-12,P002,S002,215,53750,0,0
2023-11-12,P002,S003,131,32750,0,0
2023-11-12,P003,S001,133,19950,1,0
2023-11-12,P003,S002,122,18300,0,0
2023-11-12,P003,S003,96,14400,0,0
2023-11-12,P004,S001,202,60600,0,0
2023-11-12,P004,S002,209,62700,0,0
2023-11-12,P004,S003,169,50700,0,0
2023-11-12,P005,S001,114,20520,0,0
2023-11-12,P005,S002,152,27360,0,0
2023-11-12,P005,S003,142,25560,0,0
2023-11-13,P001,S001,124,24800,0,0
2023-11-13,P001,S002,141,28200,0,0
2023-11-13,P001,S003,134,26800,1,0
2023-11-13,P002,S001,145,36250,0,0
2023-11-13,P002,S002,182,45500,0,0
2023-11-13,P002,S003,124,31000,0,0
2023-11-13,P003,S001,115,17250,1,0
2023-11-13,P003,S002,110,16500,0,0
2023-11-13,P003,S003,96,14400,0,0
2023-11-13,P004,S001,165,49500,0,0
2023-11-13,P004,S002,196,58800,0,0
2023-11-13,P004,S003,151,45300,0,0
2023-11-13,P005,S001,172,30960,1,0
2023-11-13,P005,S002,190,34200,1,0
2023-11-13,P005,S003,118,21240,0,0
2023-11-14,P001,S001,124,24800,0,0
2023-11-14,P001,S002,148,29600,1,0
2023-11-14,P001,S003,110,22000,0,0
2023-11-14,P002,S001,150,37500,0,0
2023-11-14,P002,S002,157,39250,0,0
2023-11-14,P002,S003,115,28750,0,0
2023-11-14,P003,S001,98,14700,0,0
2023-11-14,P003,S002,112,16800,0,0
2023-11-14,P003,S003,90,13500,1,0
2023-11-14,P004,S001,179,53700,0,0
2023-11-14,P004,S002,213,63900,0,0
2023-11-14,P004,S003,205,61500,1,0
2023-11-14,P005,S001,125,22500,0,0
2023-11-14,P005,S002,148,26640,0,0
2023-11-14,P005,S003,148,26640,1,0
2023-11-15,P001,S001,140,28000,1,0
2023-11-15,P001,S002,127,25400,0,0
2023-11-15,P001,S003,99,19800,0,0
2023-11-15,P002,S001,156,39000,0,0
2023-11-15,P002,S002,171,42750,0,0
2023-11-15,P002,S003,128,32000,0,0
2023-11-15,P003,S001,109,16350,1,0
2023-11-15,P003,S002,109,16350,0,0
2023-11-15,P003,S003,88,13200,0,0
2023-11-15,P004,S001,197,59100,0,0
2023-11-15,P004,S002,221,66300,0,0
2023-11-15,P004,S003,180,54000,0,0
2023-11-15,P005,S001,145,26100,1,0
2023-11-15,P005,S002,124,22320,0,0
2023-11-15,P005,S003,112,20160,0,0
2023-11-16,P001,S001,122,24400,0,0
2023-11-16,P001,S002,137,27400,0,0
2023-11-16,P001,S003,126,25200,0,0
2023-11-16,P002,S001,155,38750,0,0
2023-11-16,P002,S002,160,40000,0,0
2023-11-16,P002,S003,173,43250,1,0
2023-11-16,P003,S001,85,12750,0,0
2023-11-16,P003,S002,108,16200,0,0
2023-11-16,P003,S003,85,12750,0,0
2023-11-16,P004,S001,193,57900,0,0
2023-11-16,P004,S002,207,62100,0,0
2023-11-16,P004,S003,148,44400,0,0
2023-11-16,P005,S001,101,18180,0,0
2023-11-16,P005,S002,158,28440,1,0
2023-11-16,P005,S003,142,25560,1,0
2023-11-17,P001,S001,167,33400,1,0
2023-11-17,P001,S002,133,26600,0,0
2023-11-17,P001,S003,91,18200,0,0
2023-11-17,P002,S001,156,39000,0,0
2023-11-17,P002,S002,209,52250,1,0
2023-11-17,P002,S003,126,31500,0,0
2023-11-17,P003,S001,87,13050,0,0
2023-11-17,P003,S002,128,19200,1,0
2023-11-17,P003,S003,88,13200,0,0
2023-11-17,P004,S001,172,51600,0,0
2023-11-17,P004,S002,182,54600,0,0
2023-11-17,P004,S003,141,42300,0,0
2023-11-17,P005,S001,119,21420,0,0
2023-11-17,P005,S002,153,27540,0,0
2023-11-17,P005,S003,133,23940,1,0
2023-11-18,P001,S001,139,27800,0,0
2023-11-18,P001,S002,142,28400,0,0
2023-11-18,P001,S003,123,24600,0,0
2023-11-18,P002,S001,170,42500,0,0
2023-11-18,P002,S002,180,45000,0,0
2023-11-18,P002,S003,165,41250,0,0
2023-11-18,P003,S001,114,17100,0,0
2023-11-18,P003,S002,134,20100,0,0
2023-11-18,P003,S003,102,15300,0,0
2023-11-18,P004,S001,225,67500,1,0
2023-11-18,P004,S002,251,75300,0,0
2023-11-18,P004,S003,186,55800,0,0
2023-11-18,P005,S001,141,25380,0,0
2023-11-18,P005,S002,174,31320,0,0
2023-11-18,P005,S003,137,24660,0,0
2023-11-19,P001,S001,167,33400,1,0
2023-11-19,P001,S002,147,29400,0,0
2023-11-19,P001,S003,127,25400,1,0
2023-11-19,P002,S001,171,42750,0,0
2023-11-19,P002,S002,188,47000,0,0
2023-11-19,P002,S003,132,33000,0,0
2023-11-19,P003,S001,108,16200,0,0
2023-11-19,P003,S002,153,22950,1,0
2023-11-19,P003,S003,98,14700,0,0
2023-11-19,P004,S001,158,47400,0,0
2023-11-19,P004,S002,277,83100,1,0
2023-11-19,P004,S003,201,60300,1,0
2023-11-19,P005,S001,137,24660,0,0
2023-11-19,P005,S002,202,36360,1,0
2023-11-19,P005,S003,96,17280,0,0
2023-11-20,P001,S001,106,21200,0,0
2023-11-20,P001,S002,147,29400,0,0
2023-11-20,P001,S003,104,20800,0,0
2023-11-20,P002,S001,155,38750,0,0
2023-11-20,P002,S002,211,52750,1,0
2023-11-20,P002,S003,134,33500,0,0
2023-11-20,P003,S001,115,17250,1,0
2023-11-20,P003,S002,116,17400,0,0
2023-11-20,P003,S003,89,13350,0,0
2023-11-20,P004,S001,155,46500,0,0
2023-11-20,P004,S002,173,51900,0,0
2023-11-20,P004,S003,162,48600,0,0
2023-11-20,P005,S001,141,25380,1,0
2023-11-20,P005,S002,189,34020,1,0
2023-11-20,P005,S003,118,21240,1,0
2023-11-21,P001,S001,125,25000,0,0
2023-11-21,P001,S002,143,28600,0,0
2023-11-21,P001,S003,127,25400,1,0
2023-11-21,P002,S001,121,30250,0,0
2023-11-21,P002,S002,164,41000,0,0
2023-11-21,P002,S003,139,34750,0,0
2023-11-21,P003,S001,78,11700,0,0
2023-11-21,P003,S002,119,17850,0,0
2023-11-21,P003,S003,80,12000,0,0
2023-11-21,P004,S001,153,45900,0,0
2023-11-21,P004,S002,214,64200,0,0
2023-11-21,P004,S003,154,46200,0,0
2023-11-21,P005,S001,130,23400,0,0
2023-11-21,P005,S002,176,31680,1,0
2023-11-21,P005,S003,110,19800,0,0
2023-11-22,P001,S001,97,19400,0,0
2023-11-22,P001,S002,140,28000,0,0
2023-11-22,P001,S003,133,26600,1,0
2023-11-22,P002,S001,149,37250,0,0
2023-11-22,P002,S002,174,43500,0,0
2023-11-22,P002,S003,133,33250,0,0
2023-11-22,P003,S001,95,14250,0,0
2023-11-22,P003,S002,123,18450,0,0
2023-11-22,P003,S003,97,14550,0,0
2023-11-22,P004,S001,201,60300,0,0
2023-11-22,P004,S002,207,62100,1,0
2023-11-22,P004,S003,213,63900,1,0
2023-11-22,P005,S001,128,23040,0,0
2023-11-22,P005,S002,139,25020,0,0
2023-11-22,P005,S003,102,18360,0,0
2023-11-23,P001,S001,124,24800,0,0
2023-11-23,P001,S002,139,27800,0,0
2023-11-23,P001,S003,108,21600,0,0
2023-11-23,P002,S001,152,38000,0,0
2023-11-23,P002,S002,176,44000,0,0
2023-11-23,P002,S003,150,37500,0,0
2023-11-23,P003,S001,99,14850,0,0
2023-11-23,P003,S002,141,21150,1,0
2023-11-23,P003,S003,102,15300,1,0
2023-11-23,P004,S001,203,60900,0,0
2023-11-23,P004,S002,210,63000,1,0
2023-11-23,P004,S003,174,52200,0,0
2023-11-23,P005,S001,156,28080,1,0
2023-11-23,P005,S002,143,25740,0,0
2023-11-23,P005,S003,103,18540,0,0
2023-11-24,P001,S001,124,24800,0,0
2023-11-24,P001,S002,151,30200,1,0
2023-11-24,P001,S003,114,22800,0,0
2023-11-24,P002,S001,145,36250,0,0
2023-11-24,P002,S002,148,37000,0,0
2023-11-24,P002,S003,160,40000,1,0
2023-11-24,P003,S001,98,14700,0,0
2023-11-24,P003,S002,157,23550,1,0
2023-11-24,P003,S003,115,17250,1,0
2023-11-24,P004,S001,199,59700,0,0
2023-11-24,P004,S002,258,77400,1,0
2023-11-24,P004,S003,142,42600,0,0
2023-11-24,P005,S001,136,24480,0,0
2023-11-24,P005,S002,140,25200,0,0
2023-11-24,P005,S003,109,19620,0,0
2023-11-25,P001,S001,136,27200,0,0
2023-11-25,P001,S002,141,28200,0,0
2023-11-25,P001,S003,129,25800,0,0
2023-11-25,P002,S001,168,42000,1,0
2023-11-25,P002,S002,222,55500,1,0
2023-11-25,P002,S003,145,36250,0,0
2023-11-25,P003,S001,98,14700,0,0
2023-11-25,P003,S002,120,18000,0,0
2023-11-25,P003,S003,93,13950,0,0
2023-11-25,P004,S001,168,50400,0,0
2023-11-25,P004,S002,208,62400,0,0
2023-11-25,P004,S003,172,51600,0,0
2023-11-25,P005,S001,164,29520,1,0
2023-11-25,P005,S002,170,30600,0,0
2023-11-25,P005,S003,139,25020,0,0
2023-11-26,P001,S001,125,25000,0,0
2023-11-26,P001,S002,134,26800,0,0
2023-11-26,P001,S003,120,24000,0,0
2023-11-26,P002,S001,159,39750,0,0
2023-11-26,P002,S002,200,50000,0,0
2023-11-26,P002,S003,143,35750,0,0
2023-11-26,P003,S001,108,16200,0,0
2023-11-26,P003,S002,121,18150,0,0
2023-11-26,P003,S003,108,16200,0,0
2023-11-26,P004,S001,195,58500,0,0
2023-11-26,P004,S002,241,72300,0,0
2023-11-26,P004,S003,203,60900,1,0
2023-11-26,P005,S001,176,31680,1,0
2023-11-26,P005,S002,170,30600,0,0
2023-11-26,P005,S003,122,21960,0,0
2023-11-27,P001,S001,125,25000,0,0
2023-11-27,P001,S002,117,23400,0,0
2023-11-27,P001,S003,107,21400,0,0
2023-11-27,P002,S001,154,38500,0,0
2023-11-27,P002,S002,190,47500,1,0
2023-11-27,P002,S003,126,31500,0,0
2023-11-27,P003,S001,89,13350,0,0
2023-11-27,P003,S002,103,15450,0,0
2023-11-27,P003,S003,98,14700,1,0
2023-11-27,P004,S001,187,56100,0,0
2023-11-27,P004,S002,227,68100,1,0
2023-11-27,P004,S003,133,39900,0,0
2023-11-27,P005,S001,132,23760,0,0
2023-11-27,P005,S002,123,22140,0,0
2023-11-27,P005,S003,113,20340,0,0
2023-11-28,P001,S001,114,22800,0,0
2023-11-28,P001,S002,130,26000,0,0
2023-11-28,P001,S003,93,18600,0,0
2023-11-28,P002,S001,151,37750,0,0
2023-11-28,P002,S002,157,39250,0,0
2023-11-28,P002,S003,98,24500,0,0
2023-11-28,P003,S001,124,18600,1,0
2023-11-28,P003,S002,139,20850,1,0
2023-11-28,P003,S003,97,14550,0,0
2023-11-28,P004,S001,177,53100,0,0
2023-11-28,P004,S002,210,63000,0,0
2023-11-28,P004,S003,150,45000,0,0
2023-11-28,P005,S001,107,19260,0,0
2023-11-28,P005,S002,164,29520,1,0
2023-11-28,P005,S003,118,21240,0,0
2023-11-29,P001,S001,119,23800,0,0
2023-11-29,P001,S002,131,26200,0,0
2023-11-29,P001,S003,102,20400,0,0
2023-11-29,P002,S001,159,39750,1,0
2023-11-29,P002,S002,164,41000,0,0
2023-11-29,P002,S003,154,38500,1,0
2023-11-29,P003,S001,107,16050,0,0
2023-11-29,P003,S002,115,17250,0,0
2023-11-29,P003,S003,88,13200,0,0
2023-11-29,P004,S001,178,53400,0,0
2023-11-29,P004,S002,271,81300,1,0
2023-11-29,P004,S003,152,45600,0,0
2023-11-29,P005,S001,121,21780,0,0
2023-11-29,P005,S002,197,35460,1,0
2023-11-29,P005,S003,120,21600,0,0
2023-11-30,P001,S001,111,22200,0,0
2023-11-30,P001,S002,182,36400,1,0
2023-11-30,P001,S003,102,20400,0,0
2023-11-30,P002,S001,142,35500,0,0
2023-11-30,P002,S002,179,44750,1,0
2023-11-30,P002,S003,119,29750,0,0
2023-11-30,P003,S001,105,15750,0,0
2023-11-30,P003,S002,111,16650,0,0
2023-11-30,P003,S003,87,13050,0,0
2023-11-30,P004,S001,193,57900,0,0
2023-11-30,P004,S002,209,62700,0,0
2023-11-30,P004,S003,172,51600,1,0
2023-11-30,P005,S001,138,24840,0,0
2023-11-30,P005,S002,157,28260,0,0
2023-11-30,P005,S003,112,20160,0,0
2023-12-01,P001,S001,136,27200,1,0
2023-12-01,P001,S002,149,29800,0,0
2023-12-01,P001,S003,105,21000,0,0
2023-12-01,P002,S001,154,38500,0,0
2023-12-01,P002,S002,178,44500,0,0
2023-12-01,P002,S003,132,33000,0,0
2023-12-01,P003,S001,140,21000,1,0
2023-12-01,P003,S002,114,17100,0,0
2023-12-01,P003,S003,104,15600,0,0
2023-12-01,P004,S001,191,57300,0,0
2023-12-01,P004,S002,193,57900,0,0
2023-12-01,P004,S003,169,50700,0,0
2023-12-01,P005,S001,181,32580,1,0
2023-12-01,P005,S002,155,27900,0,0
2023-12-01,P005,S003,116,20880,0,0
2023-12-02,P001,S001,149,29800,0,0
2023-12-02,P001,S002,149,29800,0,0
2023-12-02,P001,S003,116,23200,1,0
2023-12-02,P002,S001,203,50750,1,0
2023-12-02,P002,S002,238,59500,1,0
2023-12-02,P002,S003,153,38250,0,0
2023-12-02,P003,S001,116,17400,0,0
2023-12-02,P003,S002,157,23550,1,0
2023-12-02,P003,S003,97,14550,0,0
2023-12-02,P004,S001,242,72600,1,0
2023-12-02,P004,S002,249,74700,0,0
2023-12-02,P004,S003,206,61800,0,0
2023-12-02,P005,S001,136,24480,0,0
2023-12-02,P005,S002,158,28440,0,0
2023-12-02,P005,S003,171,30780,1,0
2023-12-03,P001,S001,158,31600,0,0
2023-12-03,P001,S002,152,30400,0,0
2023-12-03,P001,S003,116,23200,0,0
2023-12-03,P002,S001,227,56750,1,0
2023-12-03,P002,S002,217,54250,0,0
2023-12-03,P002,S003,130,32500,0,0
2023-12-03,P003,S001,100,15000,0,0
2023-12-03,P003,S002,122,18300,0,0
2023-12-03,P003,S003,132,19800,1,0
2023-12-03,P004,S001,208,62400,0,0
2023-12-03,P004,S002,244,73200,0,0
2023-12-03,P004,S003,209,62700,0,0
2023-12-03,P005,S001,132,23760,0,0
2023-12-03,P005,S002,196,35280,1,0
2023-12-03,P005,S003,139,25020,0,0
2023-12-04,P001,S001,134,26800,0,0
2023-12-04,P001,S002,140,28000,0,0
2023-12-04,P001,S003,105,21000,0,0
2023-12-04,P002,S001,171,42750,0,0
2023-12-04,P002,S002,186,46500,0,0
2023-12-04,P002,S003,126,31500,0,0
2023-12-04,P003,S001,117,17550,0,0
2023-12-04,P003,S002,125,18750,0,0
2023-12-04,P003,S003,101,15150,0,0
2023-12-04,P004,S001,191,57300,0,0
2023-12-04,P004,S002,246,73800,1,0
2023-12-04,P004,S003,173,51900,0,0
2023-12-04,P005,S001,150,27000,0,0
2023-12-04,P005,S002,184,33120,1,0
2023-12-04,P005,S003,136,24480,1,0
2023-12-05,P001,S001,182,36400,1,0
2023-12-05,P001,S002,147,29400,0,0
2023-12-05,P001,S003,138,27600,1,0
2023-12-05,P002,S001,155,38750,0,0
2023-12-05,P002,S002,186,46500,0,0
2023-12-05,P002,S003,133,33250,1,0
2023-12-05,P003,S001,112,16800,0,0
2023-12-05,P003,S002,127,19050,0,0
2023-12-05,P003,S003,103,15450,0,0
2023-12-05,P004,S001,231,69300,1,0
2023-12-05,P004,S002,213,63900,0,0
2023-12-05,P004,S003,185,55500,0,0
2023-12-05,P005,S001,181,32580,1,0
2023-12-05,P005,S002,153,27540,0,0
2023-12-05,P005,S003,114,20520,0,0
2023-12-06,P001,S001,151,30200,1,0
2023-12-06,P001,S002,135,27000,0,0
2023-12-06,P001,S003,112,22400,0,0
2023-12-06,P002,S001,195,48750,1,0
2023-12-06,P002,S002,201,50250,1,0
2023-12-06,P002,S003,141,35250,0,0
2023-12-06,P003,S001,105,15750,0,0
2023-12-06,P003,S002,155,23250,1,0
2023-12-06,P003,S003,105,15750,0,0
2023-12-06,P004,S001,185,55500,0,0
2023-12-06,P004,S002,303,90900,1,0
2023-12-06,P004,S003,180,54000,0,0
2023-12-06,P005,S001,159,28620,1,0
2023-12-06,P005,S002,153,27540,0,0
2023-12-06,P005,S003,119,21420,0,0
2023-12-07,P001,S001,121,24200,0,0
2023-12-07,P001,S002,191,38200,1,0
2023-12-07,P001,S003,121,24200,0,0
2023-12-07,P002,S001,155,38750,0,0
2023-12-07,P002,S002,172,43000,0,0
2023-12-07,P002,S003,154,38500,0,0
2023-12-07,P003,S001,128,19200,1,0
2023-12-07,P003,S002,110,16500,0,0
2023-12-07,P003,S003,78,11700,0,0
2023-12-07,P004,S001,186,55800,0,0
2023-12-07,P004,S002,266,79800,1,0
2023-12-07,P004,S003,212,63600,1,0
2023-12-07,P005,S001,153,27540,0,0
2023-12-07,P005,S002,138,24840,0,0
2023-12-07,P005,S003,125,22500,0,0
2023-12-08,P001,S001,151,30200,1,0
2023-12-08,P001,S002,134,26800,0,0
2023-12-08,P001,S003,122,24400,0,0
2023-12-08,P002,S001,155,38750,0,0
2023-12-08,P002,S002,217,54250,1,0
2023-12-08,P002,S003,133,33250,0,0
2023-12-08,P003,S001,106,15900,0,0
2023-12-08,P003,S002,151,22650,1,0
2023-12-08,P003,S003,115,17250,1,0
2023-12-08,P004,S001,201,60300,0,0
2023-12-08,P004,S002,252,75600,1,0
2023-12-08,P004,S003,179,53700,0,0
2023-12-08,P005,S001,144,25920,0,0
2023-12-08,P005,S002,164,29520,0,0
2023-12-08,P005,S003,132,23760,0,0
2023-12-09,P001,S001,134,26800,0,0
2023-12-09,P001,S002,183,36600,1,0
2023-12-09,P001,S003,118,23600,0,0
2023-12-09,P002,S001,159,39750,0,0
2023-12-09,P002,S002,191,47750,0,0
2023-12-09,P002,S003,150,37500,0,0
2023-12-09,P003,S001,109,16350,0,0
2023-12-09,P003,S002,132,19800,0,0
2023-12-09,P003,S003,93,13950,0,0
2023-12-09,P004,S001,223,66900,0,0
2023-12-09,P004,S002,284,85200,1,0
2023-12-09,P004,S003,191,57300,0,0
2023-12-09,P005,S001,139,25020,0,0
2023-12-09,P005,S002,173,31140,0,0
2023-12-09,P005,S003,140,25200,0,0
2023-12-10,P001,S001,168,33600,1,0
2023-12-10,P001,S002,173,34600,0,0
2023-12-10,P001,S003,128,25600,0,0
2023-12-10,P002,S001,155,38750,0,0
2023-12-10,P002,S002,193,48250,0,0
2023-12-10,P002,S003,143,35750,0,0
2023-12-10,P003,S001,123,18450,0,0
2023-12-10,P003,S002,133,19950,0,0
2023-12-10,P003,S003,113,16950,0,0
2023-12-10,P004,S001,187,56100,0,0
2023-12-10,P004,S002,232,69600,0,0
2023-12-10,P004,S003,192,57600,0,0
2023-12-10,P005,S001,143,25740,0,0
2023-12-10,P005,S002,136,24480,0,0
2023-12-10,P005,S003,121,21780,0,0
2023-12-11,P001,S001,140,28000,0,0
2023-12-11,P001,S002,156,31200,0,0
2023-12-11,P001,S003,97,19400,0,0
2023-12-11,P002,S001,180,45000,1,0
2023-12-11,P002,S002,219,54750,1,0
2023-12-11,P002,S003,157,39250,1,0
2023-12-11,P003,S001,101,15150,0,0
2023-12-11,P003,S002,108,16200,0,0
2023-12-11,P003,S003,131,19650,1,0
2023-12-11,P004,S001,191,57300,0,0
2023-12-11,P004,S002,210,63000,0,0
2023-12-11,P004,S003,149,44700,0,0
2023-12-11,P005,S001,134,24120,0,0
2023-12-11,P005,S002,152,27360,0,0
2023-12-11,P005,S003,139,25020,1,0
2023-12-12,P001,S001,122,24400,0,0
2023-12-12,P001,S002,158,31600,1,0
2023-12-12,P001,S003,123,24600,0,0
2023-12-12,P002,S001,169,42250,0,0
2023-12-12,P002,S002,239,59750,1,0
2023-12-12,P002,S003,148,37000,1,0
2023-12-12,P003,S001,121,18150,0,0
2023-12-12,P003,S002,144,21600,1,0
2023-12-12,P003,S003,101,15150,1,0
2023-12-12,P004,S001,173,51900,0,0
2023-12-12,P004,S002,216,64800,0,0
2023-12-12,P004,S003,152,45600,0,0
2023-12-12,P005,S001,145,26100,1,0
2023-12-12,P005,S002,194,34920,1,0
2023-12-12,P005,S003,117,21060,0,0
2023-12-13,P001,S001,121,24200,0,0
2023-12-13,P001,S002,138,27600,0,0
2023-12-13,P001,S003,120,24000,0,0
2023-12-13,P002,S001,148,37000,0,0
2023-12-13,P002,S002,204,51000,1,0
2023-12-13,P002,S003,197,49250,1,0
2023-12-13,P003,S001,116,17400,1,0
2023-12-13,P003,S002,130,19500,1,0
2023-12-13,P003,S003,94,14100,0,0
2023-12-13,P004,S001,217,65100,1,0
2023-12-13,P004,S002,263,78900,1,0
2023-12-13,P004,S003,182,54600,0,0
2023-12-13,P005,S001,135,24300,0,0
2023-12-13,P005,S002,159,28620,0,0
2023-12-13,P005,S003,132,23760,0,0
2023-12-14,P001,S001,129,25800,0,0
2023-12-14,P001,S002,166,33200,1,0
2023-12-14,P001,S003,147,29400,1,0
2023-12-14,P002,S001,163,40750,0,0
2023-12-14,P002,S002,204,51000,0,0
2023-12-14,P002,S003,155,38750,0,0
2023-12-14,P003,S001,120,18000,1,0
2023-12-14,P003,S002,146,21900,1,0
2023-12-14,P003,S003,93,13950,0,0
2023-12-14,P004,S001,197,59100,1,0
2023-12-14,P004,S002,200,60000,0,0
2023-12-14,P004,S003,236,70800,1,0
2023-12-14,P005,S001,150,27000,1,0
2023-12-14,P005,S002,150,27000,0,0
2023-12-14,P005,S003,118,21240,0,0
2023-12-15,P001,S001,123,24600,0,0
2023-12-15,P001,S002,140,28000,0,0
2023-12-15,P001,S003,129,25800,0,0
2023-12-15,P002,S001,146,36500,0,0
2023-12-15,P002,S002,151,37750,0,0
2023-12-15,P002,S003,142,35500,0,0
2023-12-15,P003,S001,108,16200,0,0
2023-12-15,P003,S002,127,19050,0,0
2023-12-15,P003,S003,107,16050,0,0
2023-12-15,P004,S001,215,64500,1,0
2023-12-15,P004,S002,206,61800,1,0
2023-12-15,P004,S003,159,47700,0,0
2023-12-15,P005,S001,147,26460,1,0
2023-12-15,P005,S002,196,35280,1,0
2023-12-15,P005,S003,152,27360,1,0
2023-12-16,P001,S001,143,28600,0,0
2023-12-16,P001,S002,159,31800,0,0
2023-12-16,P001,S003,121,24200,0,0
2023-12-16,P002,S001,163,40750,0,0
2023-12-16,P002,S002,202,50500,0,0
2023-12-16,P002,S003,163,40750,0,0
2023-12-16,P003,S001,110,16500,0,0
2023-12-16,P003,S002,124,18600,0,0
2023-12-16,P003,S003,104,15600,0,0
2023-12-16,P004,S001,200,60000,0,0
2023-12-16,P004,S002,259,77700,0,0
2023-12-16,P004,S003,201,60300,0,0
2023-12-16,P005,S001,188,33840,1,0
2023-12-16,P005,S002,173,31140,0,0
2023-12-16,P005,S003,171,30780,1,0
2023-12-17,P001,S001,161,32200,1,0
2023-12-17,P001,S002,171,34200,0,0
2023-12-17,P001,S003,135,27000,0,0
2023-12-17,P002,S001,172,43000,0,0
2023-12-17,P002,S002,194,48500,0,0
2023-12-17,P002,S003,159,39750,0,0
2023-12-17,P003,S001,106,15900,0,0
2023-12-17,P003,S002,165,24750,1,0
2023-12-17,P003,S003,104,15600,0,0
2023-12-17,P004,S001,222,66600,0,0
2023-12-17,P004,S002,240,72000,0,0
2023-12-17,P004,S003,185,55500,0,0
2023-12-17,P005,S001,131,23580,0,0
2023-12-17,P005,S002,182,32760,0,0
2023-12-17,P005,S003,167,30060,1,0
2023-12-18,P001,S001,125,25000,0,0
2023-12-18,P001,S002,144,28800,0,0
2023-12-18,P001,S003,134,26800,1,0
2023-12-18,P002,S001,156,39000,0,0
2023-12-18,P002,S002,231,57750,1,0
2023-12-18,P002,S003,151,37750,0,0
2023-12-18,P003,S001,123,18450,1,0
2023-12-18,P003,S002,115,17250,0,0
2023-12-18,P003,S003,115,17250,1,0
2023-12-18,P004,S001,187,56100,0,0
2023-12-18,P004,S002,206,61800,0,0
2023-12-18,P004,S003,204,61200,1,0
2023-12-18,P005,S001,141,25380,0,0
2023-12-18,P005,S002,136,24480,0,0
2023-12-18,P005,S003,144,25920,0,0
2023-12-19,P001,S001,138,27600,0,0
2023-12-19,P001,S002,137,27400,0,0
2023-12-19,P001,S003,119,23800,1,0
2023-12-19,P002,S001,193,48250,1,0
2023-12-19,P002,S002,189,47250,0,0
2023-12-19,P002,S003,128,32000,0,0
2023-12-19,P003,S001,144,21600,1,0
2023-12-19,P003,S002,118,17700,0,0
2023-12-19,P003,S003,91,13650,0,0
2023-12-19,P004,S001,178,53400,0,0
2023-12-19,P004,S002,232,69600,0,0
2023-12-19,P004,S003,182,54600,0,0
2023-12-19,P005,S001,151,27180,1,0
2023-12-19,P005,S002,155,27900,0,0
2023-12-19,P005,S003,152,27360,1,0
2023-12-20,P001,S001,140,28000,0,0
2023-12-20,P001,S002,149,29800,1,0
2023-12-20,P001,S003,128,25600,1,0
2023-12-20,P002,S001,183,45750,1,0
2023-12-20,P002,S002,153,38250,0,0
2023-12-20,P002,S003,141,35250,0,0
2023-12-20,P003,S001,131,19650,1,0
2023-12-20,P003,S002,117,17550,0,0
2023-12-20,P003,S003,114,17100,1,0
2023-12-20,P004,S001,182,54600,0,0
2023-12-20,P004,S002,220,66000,0,0
2023-12-20,P004,S003,182,54600,0,0
2023-12-20,P005,S001,121,21780,0,0
2023-12-20,P005,S002,136,24480,0,0
2023-12-20,P005,S003,127,22860,0,0
2023-12-21,P001,S001,130,26000,0,0
2023-12-21,P001,S002,158,31600,0,0
2023-12-21,P001,S003,117,23400,0,0
2023-12-21,P002,S001,165,41250,0,0
2023-12-21,P002,S002,172,43000,0,0
2023-12-21,P002,S003,184,46000,1,0
2023-12-21,P003,S001,120,18000,1,0
2023-12-21,P003,S002,104,15600,0,0
2023-12-21,P003,S003,88,13200,0,0
2023-12-21,P004,S001,244,73200,1,0
2023-12-21,P004,S002,261,78300,1,0
2023-12-21,P004,S003,191,57300,1,0
2023-12-21,P005,S001,155,27900,1,0
2023-12-21,P005,S002,173,31140,0,0
2023-12-21,P005,S003,121,21780,0,0
2023-12-22,P001,S001,156,31200,1,0
2023-12-22,P001,S002,172,34400,0,0
2023-12-22,P001,S003,107,21400,0,0
2023-12-22,P002,S001,173,43250,0,0
2023-12-22,P002,S002,171,42750,0,0
2023-12-22,P002,S003,146,36500,0,0
2023-12-22,P003,S001,137,20550,1,0
2023-12-22,P003,S002,120,18000,0,0
2023-12-22,P003,S003,85,12750,0,0
2023-12-22,P004,S001,183,54900,0,0
2023-12-22,P004,S002,191,57300,0,0
2023-12-22,P004,S003,183,54900,0,0
2023-12-22,P005,S001,155,27900,0,0
2023-12-22,P005,S002,155,27900,0,0
2023-12-22,P005,S003,116,20880,0,0
2023-12-23,P001,S001,148,29600,0,0
2023-12-23,P001,S002,187,37400,0,0
2023-12-23,P001,S003,135,27000,0,0
2023-12-23,P002,S001,214,53500,1,0
2023-12-23,P002,S002,178,44500,0,0
2023-12-23,P002,S003,167,41750,1,0
2023-12-23,P003,S001,114,17100,0,0
2023-12-23,P003,S002,134,20100,0,0
2023-12-23,P003,S003,102,15300,0,0
2023-12-23,P004,S001,239,71700,1,0
2023-12-23,P004,S002,226,67800,0,0
2023-12-23,P004,S003,186,55800,0,0
2023-12-23,P005,S001,153,27540,0,0
2023-12-23,P005,S002,207,37260,0,0
2023-12-23,P005,S003,117,21060,0,0
2023-12-24,P001,S001,148,29600,0,0
2023-12-24,P001,S002,184,36800,1,0
2023-12-24,P001,S003,117,23400,0,0
2023-12-24,P002,S001,169,42250,0,0
2023-12-24,P002,S002,246,61500,1,0
2023-12-24,P002,S003,134,33500,0,0
2023-12-24,P003,S001,125,18750,0,0
2023-12-24,P003,S002,136,20400,0,0
2023-12-24,P003,S003,125,18750,1,0
2023-12-24,P004,S001,201,60300,0,0
2023-12-24,P004,S002,184,55200,0,0
2023-12-24,P004,S003,180,54000,0,0
2023-12-24,P005,S001,148,26640,0,0
2023-12-24,P005,S002,194,34920,0,0
2023-12-24,P005,S003,135,24300,0,0
2023-12-25,P001,S001,159,31800,0,1
2023-12-25,P001,S002,170,34000,0,1
2023-12-25,P001,S003,141,28200,0,1
2023-12-25,P002,S001,209,52250,1,1
2023-12-25,P002,S002,266,66500,1,1
2023-12-25,P002,S003,225,56250,1,1
2023-12-25,P003,S001,130,19500,0,1
2023-12-25,P003,S002,179,26850,1,1
2023-12-25,P003,S003,125,18750,0,1
2023-12-25,P004,S001,250,75000,0,1
2023-12-25,P004,S002,284,85200,1,1
2023-12-25,P004,S003,228,68400,0,1
2023-12-25,P005,S001,191,34380,0,1
2023-12-25,P005,S002,189,34020,0,1
2023-12-25,P005,S003,179,32220,1,1
2023-12-26,P001,S001,125,25000,0,0
2023-12-26,P001,S002,134,26800,0,0
2023-12-26,P001,S003,125,25000,0,0
2023-12-26,P002,S001,179,44750,0,0
2023-12-26,P002,S002,196,49000,0,0
2023-12-26,P002,S003,123,30750,0,0
2023-12-26,P003,S001,120,18000,1,0
2023-12-26,P003,S002,140,21000,1,0
2023-12-26,P003,S003,93,13950,0,0
2023-12-26,P004,S001,192,57600,0,0
2023-12-26,P004,S002,218,65400,0,0
2023-12-26,P004,S003,170,51000,0,0
2023-12-26,P005,S001,148,26640,0,0
2023-12-26,P005,S002,165,29700,0,0
2023-12-26,P005,S003,122,21960,0,0
2023-12-27,P001,S001,134,26800,0,0
2023-12-27,P001,S002,148,29600,0,0
2023-12-27,P001,S003,121,24200,0,0
2023-12-27,P002,S001,177,44250,0,0
2023-12-27,P002,S002,198,49500,0,0
2023-12-27,P002,S003,129,32250,0,0
2023-12-27,P003,S001,105,15750,0,0
2023-12-27,P003,S002,151,22650,1,0
2023-12-27,P003,S003,85,12750,0,0
2023-12-27,P004,S001,235,70500,1,0
2023-12-27,P004,S002,271,81300,1,0
2023-12-27,P004,S003,185,55500,1,0
2023-12-27,P005,S001,163,29340,1,0
2023-12-27,P005,S002,162,29160,0,0
2023-12-27,P005,S003,138,24840,0,0
2023-12-28,P001,S001,127,25400,0,0
2023-12-28,P001,S002,132,26400,0,0
2023-12-28,P001,S003,102,20400,0,0
2023-12-28,P002,S001,153,38250,0,0
2023-12-28,P002,S002,225,56250,1,0
2023-12-28,P002,S003,149,37250,0,0
2023-12-28,P003,S001,115,17250,1,0
2023-12-28,P003,S002,125,18750,0,0
2023-12-28,P003,S003,80,12000,0,0
2023-12-28,P004,S001,218,65400,1,0
2023-12-28,P004,S002,225,67500,0,0
2023-12-28,P004,S003,224,67200,1,0
2023-12-28,P005,S001,121,21780,0,0
2023-12-28,P005,S002,161,28980,0,0
2023-12-28,P005,S003,120,21600,0,0
2023-12-29,P001,S001,110,22000,0,0
2023-12-29,P001,S002,130,26000,0,0
2023-12-29,P001,S003,139,27800,1,0
2023-12-29,P002,S001,217,54250,1,0
2023-12-29,P002,S002,182,45500,0,0
2023-12-29,P002,S003,174,43500,0,0
2023-12-29,P003,S001,111,16650,0,0
2023-12-29,P003,S002,114,17100,0,0
2023-12-29,P003,S003,122,18300,1,0
2023-12-29,P004,S001,207,62100,1,0
2023-12-29,P004,S002,221,66300,0,0
2023-12-29,P004,S003,173,51900,0,0
2023-12-29,P005,S001,138,24840,0,0
2023-12-29,P005,S002,142,25560,0,0
2023-12-29,P005,S003,99,17820,0,0
2023-12-30,P001,S001,148,29600,0,0
2023-12-30,P001,S002,188,37600,1,0
2023-12-30,P001,S003,155,31000,1,0
2023-12-30,P002,S001,194,48500,0,0
2023-12-30,P002,S002,206,51500,0,0
2023-12-30,P002,S003,171,42750,1,0
2023-12-30,P003,S001,114,17100,0,0
2023-12-30,P003,S002,132,19800,0,0
2023-12-30,P003,S003,115,17250,0,0
2023-12-30,P004,S001,182,54600,0,0
2023-12-30,P004,S002,297,89100,1,0
2023-12-30,P004,S003,173,51900,0,0
2023-12-30,P005,S001,144,25920,0,0
2023-12-30,P005,S002,221,39780,1,0
2023-12-30,P005,S003,138,24840,0,0
2023-12-31,P001,S001,139,27800,0,0
2023-12-31,P001,S002,189,37800,1,0
2023-12-31,P001,S003,133,26600,0,0
2023-12-31,P002,S001,203,50750,1,0
2023-12-31,P002,S002,191,47750,0,0
2023-12-31,P002,S003,168,42000,0,0
2023-12-31,P003,S001,93,13950,0,0
2023-12-31,P003,S002,122,18300,0,0
2023-12-31,P003,S003,98,14700,0,0
2023-12-31,P004,S001,225,67500,0,0
2023-12-31,P004,S002,243,72900,0,0
2023-12-31,P004,S003,171,51300,0,0
2023-12-31,P005,S001,137,24660,0,0
2023-12-31,P005,S002,187,33660,0,0
2023-12-31,P005,S003,123,22140,0,0
2024-01-01,P001,S001,162,32400,0,1
2024-01-01,P001,S002,189,37800,0,1
2024-01-01,P001,S003,159,31800,0,1
2024-01-01,P002,S001,204,51000,0,1
2024-01-01,P002,S002,219,54750,0,1
2024-01-01,P002,S003,200,50000,0,1
2024-01-01,P003,S001,148,22200,0,1
2024-01-01,P003,S002,183,27450,0,1
2024-01-01,P003,S003,156,23400,1,1
2024-01-01,P004,S001,277,83100,1,1
2024-01-01,P004,S002,394,118200,1,1
2024-01-01,P004,S003,222,66600,0,1
2024-01-01,P005,S001,236,42480,1,1
2024-01-01,P005,S002,237,42660,0,1
2024-01-01,P005,S003,167,30060,0,1
2024-01-02,P001,S001,136,27200,0,0
2024-01-02,P001,S002,160,32000,0,0
2024-01-02,P001,S003,127,25400,0,0
2024-01-02,P002,S001,184,46000,0,0
2024-01-02,P002,S002,193,48250,0,0
2024-01-02,P002,S003,154,38500,0,0
2024-01-02,P003,S001,109,16350,0,0
2024-01-02,P003,S002,125,18750,0,0
2024-01-02,P003,S003,95,14250,0,0
2024-01-02,P004,S001,197,59100,0,0
2024-01-02,P004,S002,217,65100,0,0
2024-01-02,P004,S003,196,58800,0,0
2024-01-02,P005,S001,155,27900,0,0
2024-01-02,P005,S002,168,30240,0,0
2024-01-02,P005,S003,135,24300,0,0
2024-01-03,P001,S001,127,25400,0,0
2024-01-03,P001,S002,156,31200,0,0
2024-01-03,P001,S003,134,26800,0,0
2024-01-03,P002,S001,185,46250,0,0
2024-01-03,P002,S002,220,55000,0,0
2024-01-03,P002,S003,164,41000,0,0
2024-01-03,P003,S001,116,17400,0,0
2024-01-03,P003,S002,167,25050,1,0
2024-01-03,P003,S003,111,16650,1,0
2024-01-03,P004,S001,216,64800,0,0
2024-01-03,P004,S002,252,75600,0,0
2024-01-03,P004,S003,183,54900,0,0
2024-01-03,P005,S001,148,26640,0,0
2024-01-03,P005,S002,166,29880,0,0
2024-01-03,P005,S003,132,23760,0,0
2024-01-04,P001,S001,138,27600,0,0
2024-01-04,P001,S002,192,38400,1,0
2024-01-04,P001,S003,114,22800,0,0
2024-01-04,P002,S001,193,48250,1,0
2024-01-04,P002,S002,247,61750,1,0
2024-01-04,P002,S003,158,39500,0,0
2024-01-04,P003,S001,107,16050,0,0
2024-01-04,P003,S002,129,19350,0,0
2024-01-04,P003,S003,116,17400,0,0
2024-01-04,P004,S001,171,51300,0,0
2024-01-04,P004,S002,188,56400,0,0
2024-01-04,P004,S003,154,46200,0,0
2024-01-04,P005,S001,208,37440,1,0
2024-01-04,P005,S002,187,33660,1,0
2024-01-04,P005,S003,155,27900,1,0
2024-01-05,P001,S001,142,28400,0,0
2024-01-05,P001,S002,162,32400,0,0
2024-01-05,P001,S003,120,24000,0,0
2024-01-05,P002,S001,189,47250,0,0
2024-01-05,P002,S002,249,62250,1,0
2024-01-05,P002,S003,174,43500,1,0
2024-01-05,P003,S001,104,15600,0,0
2024-01-05,P003,S002,132,19800,0,0
2024-01-05,P003,S003,109,16350,0,0
2024-01-05,P004,S001,233,69900,0,0
2024-01-05,P004,S002,241,72300,0,0
2024-01-05,P004,S003,178,53400,0,0
2024-01-05,P005,S001,162,29160,0,0
2024-01-05,P005,S002,185,33300,0,0
2024-01-05,P005,S003,169,30420,1,0
2024-01-06,P001,S001,136,27200,0,0
2024-01-06,P001,S002,168,33600,0,0
2024-01-06,P001,S003,133,26600,0,0
2024-01-06,P002,S001,198,49500,0,0
2024-01-06,P002,S002,184,46000,0,0
2024-01-06,P002,S003,163,40750,0,0
2024-01-06,P003,S001,125,18750,0,0
2024-01-06,P003,S002,169,25350,1,0
2024-01-06,P003,S003,127,19050,0,0
2024-01-06,P004,S001,243,72900,0,0
2024-01-06,P004,S002,279,83700,0,0
2024-01-06,P004,S003,234,70200,1,0
2024-01-06,P005,S001,165,29700,0,0
2024-01-06,P005,S002,174,31320,0,0
2024-01-06,P005,S003,136,24480,0,0
2024-01-07,P001,S001,194,38800,1,0
2024-01-07,P001,S002,184,36800,0,0
2024-01-07,P001,S003,125,25000,0,0
2024-01-07,P002,S001,189,47250,0,0
2024-01-07,P002,S002,228,57000,1,0
2024-01-07,P002,S003,176,44000,0,0
2024-01-07,P003,S001,115,17250,0,0
2024-01-07,P003,S002,145,21750,0,0
2024-01-07,P003,S003,154,23100,1,0
2024-01-07,P004,S001,206,61800,0,0
2024-01-07,P004,S002,319,95700,1,0
2024-01-07,P004,S003,242,72600,1,0
2024-01-07,P005,S001,148,26640,0,0
2024-01-07,P005,S002,211,37980,1,0
2024-01-07,P005,S003,181,32580,1,0
2024-01-08,P001,S001,134,26800,0,0
2024-01-08,P001,S002,174,34800,0,0
2024-01-08,P001,S003,127,25400,0,0
2024-01-08,P002,S001,157,39250,0,0
2024-01-08,P002,S002,209,52250,0,0
2024-01-08,P002,S003,165,41250,0,0
2024-01-08,P003,S001,116,17400,0,0
2024-01-08,P003,S002,164,24600,1,0
2024-01-08,P003,S003,125,18750,1,0
2024-01-08,P004,S001,224,67200,0,0
2024-01-08,P004,S002,256,76800,0,0
2024-01-08,P004,S003,162,48600,0,0
2024-01-08,P005,S001,129,23220,0,0
2024-01-08,P005,S002,167,30060,0,0
2024-01-08,P005,S003,170,30600,1,0
2024-01-09,P001,S001,149,29800,0,0
2024-01-09,P001,S002,152,30400,0,0
2024-01-09,P001,S003,145,29000,1,0
2024-01-09,P002,S001,166,41500,0,0
2024-01-09,P002,S002,195,48750,0,0
2024-01-09,P002,S003,155,38750,0,0
2024-01-09,P003,S001,131,19650,1,0
2024-01-09,P003,S002,127,19050,0,0
2024-01-09,P003,S003,105,15750,0,0
2024-01-09,P004,S001,184,55200,0,0
2024-01-09,P004,S002,270,81000,0,0
2024-01-09,P004,S003,259,77700,1,0
2024-01-09,P005,S001,188,33840,1,0
2024-01-09,P005,S002,188,33840,0,0
2024-01-09,P005,S003,123,22140,0,0
2024-01-10,P001,S001,130,26000,0,0
2024-01-10,P001,S002,128,25600,0,0
2024-01-10,P001,S003,123,24600,0,0
2024-01-10,P002,S001,171,42750,0,0
2024-01-10,P002,S002,200,50000,0,0
2024-01-10,P002,S003,160,40000,1,0
2024-01-10,P003,S001,113,16950,0,0
2024-01-10,P003,S002,134,20100,0,0
2024-01-10,P003,S003,106,15900,0,0
2024-01-10,P004,S001,235,70500,1,0
2024-01-10,P004,S002,273,81900,0,0
2024-01-10,P004,S003,181,54300,0,0
2024-01-10,P005,S001,149,26820,0,0
2024-01-10,P005,S002,165,29700,0,0
2024-01-10,P005,S003,153,27540,1,0
2024-01-11,P001,S001,143,28600,0,0
2024-01-11,P001,S002,137,27400,0,0
2024-01-11,P001,S003,130,26000,0,0
2024-01-11,P002,S001,172,43000,0,0
2024-01-11,P002,S002,232,58000,1,0
2024-01-11,P002,S003,139,34750,0,0
2024-01-11,P003,S001,114,17100,0,0
2024-01-11,P003,S002,137,20550,0,0
2024-01-11,P003,S003,104,15600,0,0
2024-01-11,P004,S001,244,73200,1,0
2024-01-11,P004,S002,231,69300,0,0
2024-01-11,P004,S003,178,53400,0,0
2024-01-11,P005,S001,134,24120,0,0
2024-01-11,P005,S002,178,32040,0,0
2024-01-11,P005,S003,135,24300,0,0
2024-01-12,P001,S001,144,28800,0,0
2024-01-12,P001,S002,151,30200,0,0
2024-01-12,P001,S003,121,24200,0,0
2024-01-12,P002,S001,154,38500,0,0
2024-01-12,P002,S002,206,51500,1,0
2024-01-12,P002,S003,154,38500,0,0
2024-01-12,P003,S001,114,17100,1,0
2024-01-12,P003,S002,134,20100,0,0
2024-01-12,P003,S003,117,17550,1,0
2024-01-12,P004,S001,241,72300,0,0
2024-01-12,P004,S002,236,70800,0,0
2024-01-12,P004,S003,192,57600,0,0
2024-01-12,P005,S001,140,25200,0,0
2024-01-12,P005,S002,185,33300,0,0
2024-01-12,P005,S003,146,26280,0,0
2024-01-13,P001,S001,194,38800,1,0
2024-01-13,P001,S002,200,40000,0,0
2024-01-13,P001,S003,124,24800,0,0
2024-01-13,P002,S001,197,49250,0,0
2024-01-13,P002,S002,243,60750,1,0
2024-01-13,P002,S003,155,38750,0,0
2024-01-13,P003,S001,125,18750,0,0
2024-01-13,P003,S002,146,21900,0,0
2024-01-13,P003,S003,134,20100,1,0
2024-01-13,P004,S001,202,60600,0,0
2024-01-13,P004,S002,312,93600,1,0
2024-01-13,P004,S003,202,60600,0,0
2024-01-13,P005,S001,180,32400,1,0
2024-01-13,P005,S002,250,45000,1,0
2024-01-13,P005,S003,202,36360,1,0
2024-01-14,P001,S001,182,36400,1,0
2024-01-14,P001,S002,223,44600,1,0
2024-01-14,P001,S003,130,26000,1,0
2024-01-14,P002,S001,187,46750,0,0
2024-01-14,P002,S002,234,58500,0,0
2024-01-14,P002,S003,169,42250,0,0
2024-01-14,P003,S001,124,18600,0,0
2024-01-14,P003,S002,151,22650,0,0
2024-01-14,P003,S003,133,19950,0,0
2024-01-14,P004,S001,277,83100,1,0
2024-01-14,P004,S002,262,78600,0,0
2024-01-14,P004,S003,224,67200,0,0
2024-01-14,P005,S001,168,30240,0,0
2024-01-14,P005,S002,213,38340,0,0
2024-01-14,P005,S003,135,24300,0,0
2024-01-15,P001,S001,126,25200,0,0
2024-01-15,P001,S002,147,29400,0,0
2024-01-15,P001,S003,131,26200,0,0
2024-01-15,P002,S001,175,43750,0,0
2024-01-15,P002,S002,192,48000,0,0
2024-01-15,P002,S003,158,39500,0,0
2024-01-15,P003,S001,123,18450,0,0
2024-01-15,P003,S002,127,19050,0,0
2024-01-15,P003,S003,130,19500,1,0
2024-01-15,P004,S001,198,59400,0,0
2024-01-15,P004,S002,207,62100,0,0
2024-01-15,P004,S003,184,55200,0,0
2024-01-15,P005,S001,154,27720,1,0
2024-01-15,P005,S002,199,35820,1,0
2024-01-15,P005,S003,135,24300,0,0
2024-01-16,P001,S001,128,25600,0,0
2024-01-16,P001,S002,164,32800,0,0
2024-01-16,P001,S003,120,24000,0,0
2024-01-16,P002,S001,215,53750,1,0
2024-01-16,P002,S002,235,58750,1,0
2024-01-16,P002,S003,151,37750,0,0
2024-01-16,P003,S001,128,19200,1,0
2024-01-16,P003,S002,131,19650,0,0
2024-01-16,P003,S003,104,15600,0,0
2024-01-16,P004,S001,253,75900,1,0
2024-01-16,P004,S002,240,72000,0,0
2024-01-16,P004,S003,165,49500,0,0
2024-01-16,P005,S001,160,28800,0,0
2024-01-16,P005,S002,175,31500,0,0
2024-01-16,P005,S003,134,24120,0,0
2024-01-17,P001,S001,168,33600,1,0
2024-01-17,P001,S002,196,39200,1,0
2024-01-17,P001,S003,142,28400,0,0
2024-01-17,P002,S001,163,40750,0,0
2024-01-17,P002,S002,188,47000,0,0
2024-01-17,P002,S003,141,35250,0,0
2024-01-17,P003,S001,97,14550,0,0
2024-01-17,P003,S002,135,20250,0,0
2024-01-17,P003,S003,119,17850,0,0
2024-01-17,P004,S001,200,60000,0,0
2024-01-17,P004,S002,258,77400,0,0
2024-01-17,P004,S003,216,64800,1,0
2024-01-17,P005,S001,162,29160,0,0
2024-01-17,P005,S002,175,31500,0,0
2024-01-17,P005,S003,133,23940,0,0
2024-01-18,P001,S001,157,31400,1,0
2024-01-18,P001,S002,158,31600,0,0
2024-01-18,P001,S003,131,26200,0,0
2024-01-18,P002,S001,162,40500,0,0
2024-01-18,P002,S002,195,48750,0,0
2024-01-18,P002,S003,156,39000,0,0
2024-01-18,P003,S001,121,18150,0,0
2024-01-18,P003,S002,132,19800,0,0
2024-01-18,P003,S003,100,15000,0,0
2024-01-18,P004,S001,209,62700,0,0
2024-01-18,P004,S002,308,92400,1,0
2024-01-18,P004,S003,191,57300,0,0
2024-01-18,P005,S001,177,31860,1,0
2024-01-18,P005,S002,171,30780,0,0
2024-01-18,P005,S003,122,21960,0,0
2024-01-19,P001,S001,144,28800,0,0
2024-01-19,P001,S002,141,28200,0,0
2024-01-19,P001,S003,119,23800,0,0
2024-01-19,P002,S001,168,42000,0,0
2024-01-19,P002,S002,190,47500,0,0
2024-01-19,P002,S003,142,35500,0,0
2024-01-19,P003,S001,129,19350,1,0
2024-01-19,P003,S002,117,17550,0,0
2024-01-19,P003,S003,138,20700,1,0
2024-01-19,P004,S001,236,70800,1,0
2024-01-19,P004,S002,224,67200,0,0
2024-01-19,P004,S003,213,63900,0,0
2024-01-19,P005,S001,130,23400,0,0
2024-01-19,P005,S002,178,32040,0,0
2024-01-19,P005,S003,134,24120,0,0
2024-01-20,P001,S001,139,27800,0,0
2024-01-20,P001,S002,174,34800,0,0
2024-01-20,P001,S003,154,30800,0,0
2024-01-20,P002,S001,196,49000,0,0
2024-01-20,P002,S002,223,55750,0,0
2024-01-20,P002,S003,153,38250,0,0
2024-01-20,P003,S001,117,17550,0,0
2024-01-20,P003,S002,127,19050,0,0
2024-01-20,P003,S003,113,16950,0,0
2024-01-20,P004,S001,226,67800,0,0
2024-01-20,P004,S002,242,72600,0,0
2024-01-20,P004,S003,217,65100,0,0
2024-01-20,P005,S001,146,26280,0,0
2024-01-20,P005,S002,176,31680,0,0
2024-01-20,P005,S003,148,26640,0,0
2024-01-21,P001,S001,137,27400,0,0
2024-01-21,P001,S002,169,33800,0,0
2024-01-21,P001,S003,128,25600,0,0
2024-01-21,P002,S001,192,48000,0,0
2024-01-21,P002,S002,193,48250,0,0
2024-01-21,P002,S003,142,35500,0,0
2024-01-21,P003,S001,136,20400,1,0
2024-01-21,P003,S002,154,23100,0,0
2024-01-21,P003,S003,120,18000,0,0
2024-01-21,P004,S001,209,62700,0,0
2024-01-21,P004,S002,258,77400,0,0
2024-01-21,P004,S003,203,60900,0,0
2024-01-21,P005,S001,174,31320,1,0
2024-01-21,P005,S002,178,32040,0,0
2024-01-21,P005,S003,144,25920,0,0
2024-01-22,P001,S001,113,22600,0,0
2024-01-22,P001,S002,158,31600,0,0
2024-01-22,P001,S003,151,30200,0,0
2024-01-22,P002,S001,213,53250,1,0
2024-01-22,P002,S002,200,50000,0,0
2024-01-22,P002,S003,195,48750,1,0
2024-01-22,P003,S001,118,17700,0,0
2024-01-22,P003,S002,140,21000,0,0
2024-01-22,P003,S003,87,13050,0,0
2024-01-22,P004,S001,198,59400,0,0
2024-01-22,P004,S002,260,78000,1,0
2024-01-22,P004,S003,187,56100,1,0
2024-01-22,P005,S001,175,31500,1,0
2024-01-22,P005,S002,183,32940,0,0
2024-01-22,P005,S003,127,22860,0,0
2024-01-23,P001,S001,140,28000,0,0
2024-01-23,P001,S002,173,34600,0,0
2024-01-23,P001,S003,120,24000,0,0
2024-01-23,P002,S001,185,46250,0,0
2024-01-23,P002,S002,211,52750,0,0
2024-01-23,P002,S003,157,39250,0,0
2024-01-23,P003,S001,103,15450,0,0
2024-01-23,P003,S002,110,16500,0,0
2024-01-23,P003,S003,97,14550,0,0
2024-01-23,P004,S001,197,59100,0,0
2024-01-23,P004,S002,231,69300,0,0
2024-01-23,P004,S003,193,57900,0,0
2024-01-23,P005,S001,139,25020,0,0
2024-01-23,P005,S002,178,32040,0,0
2024-01-23,P005,S003,181,32580,1,0
2024-01-24,P001,S001,135,27000,0,0
2024-01-24,P001,S002,159,31800,0,0
2024-01-24,P001,S003,138,27600,0,0
2024-01-24,P002,S001,181,45250,0,0
2024-01-24,P002,S002,185,46250,0,0
2024-01-24,P002,S003,210,52500,1,0
2024-01-24,P003,S001,138,20700,1,0
2024-01-24,P003,S002,124,18600,0,0
2024-01-24,P003,S003,89,13350,0,0
2024-01-24,P004,S001,193,57900,0,0
2024-01-24,P004,S002,238,71400,0,0
2024-01-24,P004,S003,170,51000,0,0
2024-01-24,P005,S001,138,24840,0,0
2024-01-24,P005,S002,188,33840,0,0
2024-01-24,P005,S003,135,24300,0,0
2024-01-25,P001,S001,145,29000,1,0
2024-01-25,P001,S002,165,33000,0,0
2024-01-25,P001,S003,173,34600,1,0
2024-01-25,P002,S001,173,43250,1,0
2024-01-25,P002,S002,198,49500,0,0
2024-01-25,P002,S003,154,38500,0,0
2024-01-25,P003,S001,135,20250,0,0
2024-01-25,P003,S002,141,21150,0,0
2024-01-25,P003,S003,102,15300,0,0
2024-01-25,P004,S001,218,65400,0,0
2024-01-25,P004,S002,200,60000,0,0
2024-01-25,P004,S003,184,55200,0,0
2024-01-25,P005,S001,140,25200,0,0
2024-01-25,P005,S002,171,30780,0,0
2024-01-25,P005,S003,135,24300,1,0
2024-01-26,P001,S001,179,35800,0,1
2024-01-26,P001,S002,203,40600,0,1
2024-01-26,P001,S003,166,33200,0,1
2024-01-26,P002,S001,206,51500,0,1
2024-01-26,P002,S002,259,64750,0,1
2024-01-26,P002,S003,220,55000,0,1
2024-01-26,P003,S001,139,20850,0,1
2024-01-26,P003,S002,146,21900,0,1
2024-01-26,P003,S003,161,24150,1,1
2024-01-26,P004,S001,248,74400,0,1
2024-01-26,P004,S002,270,81000,0,1
2024-01-26,P004,S003,214,64200,0,1
2024-01-26,P005,S001,163,29340,0,1
2024-01-26,P005,S002,195,35100,0,1
2024-01-26,P005,S003,171,30780,0,1
2024-01-27,P001,S001,155,31000,0,0
2024-01-27,P001,S002,194,38800,1,0
2024-01-27,P001,S003,159,31800,0,0
2024-01-27,P002,S001,227,56750,1,0
2024-01-27,P002,S002,265,66250,1,0
2024-01-27,P002,S003,176,44000,0,0
2024-01-27,P003,S001,118,17700,0,0
2024-01-27,P003,S002,154,23100,0,0
2024-01-27,P003,S003,98,14700,0,0
2024-01-27,P004,S001,205,61500,0,0
2024-01-27,P004,S002,293,87900,1,0
2024-01-27,P004,S003,206,61800,0,0
2024-01-27,P005,S001,146,26280,0,0
2024-01-27,P005,S002,169,30420,0,0
2024-01-27,P005,S003,163,29340,0,0
2024-01-28,P001,S001,166,33200,0,0
2024-01-28,P001,S002,185,37000,1,0
2024-01-28,P001,S003,126,25200,0,0
2024-01-28,P002,S001,224,56000,1,0
2024-01-28,P002,S002,271,67750,1,0
2024-01-28,P002,S003,163,40750,0,0
2024-01-28,P003,S001,143,21450,1,0
2024-01-28,P003,S002,188,28200,1,0
2024-01-28,P003,S003,106,15900,0,0
2024-01-28,P004,S001,264,79200,1,0
2024-01-28,P004,S002,209,62700,0,0
2024-01-28,P004,S003,252,75600,1,0
2024-01-28,P005,S001,169,30420,0,0
2024-01-28,P005,S002,193,34740,0,0
2024-01-28,P005,S003,150,27000,0,0
2024-01-29,P001,S001,167,33400,1,0
2024-01-29,P001,S002,154,30800,0,0
2024-01-29,P001,S003,132,26400,0,0
2024-01-29,P002,S001,214,53500,1,0
2024-01-29,P002,S002,187,46750,0,0
2024-01-29,P002,S003,180,45000,1,0
2024-01-29,P003,S001,123,18450,1,0
2024-01-29,P003,S002,126,18900,0,0
2024-01-29,P003,S003,112,16800,1,0
2024-01-29,P004,S001,220,66000,0,0
2024-01-29,P004,S002,339,101700,1,0
2024-01-29,P004,S003,167,50100,0,0
2024-01-29,P005,S001,146,26280,0,0
2024-01-29,P005,S002,165,29700,0,0
2024-01-29,P005,S003,111,19980,0,0
2024-01-30,P001,S001,129,25800,0,0
2024-01-30,P001,S002,216,43200,1,0
2024-01-30,P001,S003,124,24800,0,0
2024-01-30,P002,S001,202,50500,1,0
2024-01-30,P002,S002,179,44750,0,0
2024-01-30,P002,S003,163,40750,0,0
2024-01-30,P003,S001,131,19650,1,0
2024-01-30,P003,S002,123,18450,0,0
2024-01-30,P003,S003,108,16200,0,0
2024-01-30,P004,S001,202,60600,0,0
2024-01-30,P004,S002,217,65100,0,0
2024-01-30,P004,S003,195,58500,0,0
2024-01-30,P005,S001,149,26820,0,0
2024-01-30,P005,S002,217,39060,1,0
2024-01-30,P005,S003,132,23760,0,0
2024-01-31,P001,S001,198,39600,1,0
2024-01-31,P001,S002,137,27400,0,0
2024-01-31,P001,S003,176,35200,1,0
2024-01-31,P002,S001,163,40750,0,0
2024-01-31,P002,S002,172,43000,0,0
2024-01-31,P002,S003,156,39000,0,0
2024-01-31,P003,S001,149,22350,1,0
2024-01-31,P003,S002,162,24300,1,0
2024-01-31,P003,S003,88,13200,0,0
2024-01-31,P004,S001,213,63900,1,0
2024-01-31,P004,S002,207,62100,0,0
2024-01-31,P004,S003,174,52200,0,0
2024-01-31,P005,S001,158,28440,1,0
2024-01-31,P005,S002,199,35820,1,0
2024-01-31,P005,S003,136,24480,1,0
2024-02-01,P001,S001,141,28200,0,0
2024-02-01,P001,S002,170,34000,0,0
2024-02-01,P001,S003,141,28200,0,0
2024-02-01,P002,S001,182,45500,0,0
2024-02-01,P002,S002,229,57250,0,0
2024-02-01,P002,S003,164,41000,0,0
2024-02-01,P003,S001,129,19350,1,0
2024-02-01,P003,S002,160,24000,1,0
2024-02-01,P003,S003,101,15150,0,0
2024-02-01,P004,S001,216,64800,0,0
2024-02-01,P004,S002,206,61800,0,0
2024-02-01,P004,S003,213,63900,0,0
2024-02-01,P005,S001,163,29340,0,0
2024-02-01,P005,S002,214,38520,1,0
2024-02-01,P005,S003,168,30240,0,0
2024-02-02,P001,S001,197,39400,1,0
2024-02-02,P001,S002,172,34400,0,0
2024-02-02,P001,S003,129,25800,0,0
2024-02-02,P002,S001,175,43750,0,0
2024-02-02,P002,S002,240,60000,1,0
2024-02-02,P002,S003,152,38000,0,0
2024-02-02,P003,S001,112,16800,0,0
2024-02-02,P003,S002,164,24600,1,0
2024-02-02,P003,S003,117,17550,0,0
2024-02-02,P004,S001,213,63900,0,0
2024-02-02,P004,S002,220,66000,0,0
2024-02-02,P004,S003,188,56400,0,0
2024-02-02,P005,S001,143,25740,0,0
2024-02-02,P005,S002,201,36180,0,0
2024-02-02,P005,S003,140,25200,1,0
2024-02-03,P001,S001,158,31600,0,0
2024-02-03,P001,S002,166,33200,0,0
2024-02-03,P001,S003,139,27800,0,0
2024-02-03,P002,S001,197,49250,0,0
2024-02-03,P002,S002,242,60500,0,0
2024-02-03,P002,S003,171,42750,0,0
2024-02-03,P003,S001,131,19650,0,0
2024-02-03,P003,S002,120,18000,0,0
2024-02-03,P003,S003,157,23550,1,0
2024-02-03,P004,S001,313,93900,1,0
2024-02-03,P004,S002,384,115200,1,0
2024-02-03,P004,S003,197,59100,0,0
2024-02-03,P005,S001,201,36180,0,0
2024-02-03,P005,S002,191,34380,0,0
2024-02-03,P005,S003,173,31140,0,0
2024-02-04,P001,S001,168,33600,0,0
2024-02-04,P001,S002,174,34800,0,0
2024-02-04,P001,S003,164,32800,0,0
2024-02-04,P002,S001,230,57500,0,0
2024-02-04,P002,S002,302,75500,1,0
2024-02-04,P002,S003,160,40000,0,0
2024-02-04,P003,S001,127,19050,0,0
2024-02-04,P003,S002,191,28650,1,0
2024-02-04,P003,S003,105,15750,0,0
2024-02-04,P004,S001,234,70200,0,0
2024-02-04,P004,S002,295,88500,0,0
2024-02-04,P004,S003,253,75900,1,0
2024-02-04,P005,S001,174,31320,0,0
2024-02-04,P005,S002,165,29700,0,0
2024-02-04,P005,S003,199,35820,1,0
2024-02-05,P001,S001,148,29600,0,0
2024-02-05,P001,S002,196,39200,1,0
2024-02-05,P001,S003,174,34800,1,0
2024-02-05,P002,S001,181,45250,0,0
2024-02-05,P002,S002,206,51500,0,0
2024-02-05,P002,S003,181,45250,0,0
2024-02-05,P003,S001,149,22350,1,0
2024-02-05,P003,S002,126,18900,0,0
2024-02-05,P003,S003,119,17850,1,0
2024-02-05,P004,S001,203,60900,0,0
2024-02-05,P004,S002,321,96300,1,0
2024-02-05,P004,S003,208,62400,0,0
2024-02-05,P005,S001,158,28440,0,0
2024-02-05,P005,S002,165,29700,0,0
2024-02-05,P005,S003,163,29340,1,0
2024-02-06,P001,S001,159,31800,0,0
2024-02-06,P001,S002,195,39000,1,0
2024-02-06,P001,S003,127,25400,0,0
2024-02-06,P002,S001,170,42500,0,0
2024-02-06,P002,S002,224,56000,0,0
2024-02-06,P002,S003,151,37750,0,0
2024-02-06,P003,S001,127,19050,0,0
2024-02-06,P003,S002,158,23700,1,0
2024-02-06,P003,S003,112,16800,0,0
2024-02-06,P004,S001,220,66000,0,0
2024-02-06,P004,S002,295,88500,1,0
2024-02-06,P004,S003,188,56400,0,0
2024-02-06,P005,S001,192,34560,1,0
2024-02-06,P005,S002,182,32760,0,0
2024-02-06,P005,S003,133,23940,0,0
2024-02-07,P001,S001,157,31400,0,0
2024-02-07,P001,S002,177,35400,0,0
2024-02-07,P001,S003,120,24000,0,0
2024-02-07,P002,S001,168,42000,0,0
2024-02-07,P002,S002,177,44250,0,0
2024-02-07,P002,S003,206,51500,1,0
2024-02-07,P003,S001,117,17550,0,0
2024-02-07,P003,S002,138,20700,0,0
2024-02-07,P003,S003,100,15000,0,0
2024-02-07,P004,S001,215,64500,0,0
2024-02-07,P004,S002,305,91500,1,0
2024-02-07,P004,S003,208,62400,1,0
2024-02-07,P005,S001,191,34380,1,0
2024-02-07,P005,S002,219,39420,1,0
2024-02-07,P005,S003,156,28080,0,0
2024-02-08,P001,S001,148,29600,0,0
2024-02-08,P001,S002,183,36600,1,0
2024-02-08,P001,S003,120,24000,0,0
2024-02-08,P002,S001,183,45750,0,0
2024-02-08,P002,S002,201,50250,0,0
2024-02-08,P002,S003,171,42750,0,0
2024-02-08,P003,S001,128,19200,1,0
2024-02-08,P003,S002,176,26400,1,0
2024-02-08,P003,S003,131,19650,1,0
2024-02-08,P004,S001,288,86400,1,0
2024-02-08,P004,S002,246,73800,0,0
2024-02-08,P004,S003,180,54000,0,0
2024-02-08,P005,S001,143,25740,0,0
2024-02-08,P005,S002,221,39780,1,0
2024-02-08,P005,S003,127,22860,0,0
2024-02-09,P001,S001,169,33800,0,0
2024-02-09,P001,S002,163,32600,0,0
2024-02-09,P001,S003,146,29200,0,0
2024-02-09,P002,S001,157,39250,0,0
2024-02-09,P002,S002,167,41750,0,0
2024-02-09,P002,S003,152,38000,0,0
2024-02-09,P003,S001,124,18600,0,0
2024-02-09,P003,S002,167,25050,1,0
2024-02-09,P003,S003,103,15450,0,0
2024-02-09,P004,S001,222,66600,0,0
2024-02-09,P004,S002,243,72900,0,0
2024-02-09,P004,S003,176,52800,0,0
2024-02-09,P005,S001,177,31860,0,0
2024-02-09,P005,S002,144,25920,0,0
2024-02-09,P005,S003,143,25740,0,0
2024-02-10,P001,S001,159,31800,0,0
2024-02-10,P001,S002,183,36600,0,0
2024-02-10,P001,S003,154,30800,0,0
2024-02-10,P002,S001,181,45250,0,0
2024-02-10,P002,S002,249,62250,1,0
2024-02-10,P002,S003,193,48250,0,0
2024-02-10,P003,S001,138,20700,0,0
2024-02-10,P003,S002,170,25500,0,0
2024-02-10,P003,S003,117,17550,0,0
2024-02-10,P004,S001,233,69900,0,0
2024-02-10,P004,S002,293,87900,0,0
2024-02-10,P004,S003,236,70800,0,0
2024-02-10,P005,S001,186,33480,1,0
2024-02-10,P005,S002,230,41400,0,0
2024-02-10,P005,S003,149,26820,0,0
2024-02-11,P001,S001,161,32200,0,0
2024-02-11,P001,S002,191,38200,0,0
2024-02-11,P001,S003,155,31000,0,0
2024-02-11,P002,S001,252,63000,1,0
2024-02-11,P002,S002,229,57250,0,0
2024-02-11,P002,S003,189,47250,0,0
2024-02-11,P003,S001,128,19200,0,0
2024-02-11,P003,S002,174,26100,1,0
2024-02-11,P003,S003,119,17850,0,0
2024-02-11,P004,S001,261,78300,0,0
2024-02-11,P004,S002,342,102600,1,0
2024-02-11,P004,S003,206,61800,0,0
2024-02-11,P005,S001,170,30600,0,0
2024-02-11,P005,S002,213,38340,0,0
2024-02-11,P005,S003,189,34020,1,0
2024-02-12,P001,S001,146,29200,0,0
2024-02-12,P001,S002,168,33600,0,0
2024-02-12,P001,S003,118,23600,0,0
2024-02-12,P002,S001,155,38750,0,0
2024-02-12,P002,S002,271,67750,1,0
2024-02-12,P002,S003,163,40750,0,0
2024-02-12,P003,S001,122,18300,0,0
2024-02-12,P003,S002,133,19950,0,0
2024-02-12,P003,S003,145,21750,1,0
2024-02-12,P004,S001,207,62100,0,0
2024-02-12,P004,S002,243,72900,0,0
2024-02-12,P004,S003,211,63300,0,0
2024-02-12,P005,S001,150,27000,1,0
2024-02-12,P005,S002,207,37260,1,0
2024-02-12,P005,S003,143,25740,0,0
2024-02-13,P001,S001,129,25800,0,0
2024-02-13,P001,S002,154,30800,0,0
2024-02-13,P001,S003,137,27400,1,0
2024-02-13,P002,S001,181,45250,0,0
2024-02-13,P002,S002,251,62750,1,0
2024-02-13,P002,S003,165,41250,0,0
2024-02-13,P003,S001,118,17700,0,0
2024-02-13,P003,S002,163,24450,1,0
2024-02-13,P003,S003,102,15300,0,0
2024-02-13,P004,S001,210,63000,0,0
2024-02-13,P004,S002,223,66900,0,0
2024-02-13,P004,S003,200,60000,0,0
2024-02-13,P005,S001,199,35820,1,0
2024-02-13,P005,S002,177,31860,0,0
2024-02-13,P005,S003,138,24840,0,0
2024-02-14,P001,S001,145,29000,0,0
2024-02-14,P001,S002,185,37000,0,0
2024-02-14,P001,S003,155,31000,1,0
2024-02-14,P002,S001,180,45000,0,0
2024-02-14,P002,S002,299,74750,1,0
2024-02-14,P002,S003,191,47750,1,0
2024-02-14,P003,S001,148,22200,1,0
2024-02-14,P003,S002,141,21150,0,0
2024-02-14,P003,S003,105,15750,0,0
2024-02-14,P004,S001,223,66900,0,0
2024-02-14,P004,S002,221,66300,0,0
2024-02-14,P004,S003,192,57600,0,0
2024-02-14,P005,S001,174,31320,1,0
2024-02-14,P005,S002,223,40140,1,0
2024-02-14,P005,S003,148,26640,1,0
2024-02-15,P001,S001,152,30400,0,0
2024-02-15,P001,S002,132,26400,0,0
2024-02-15,P001,S003,133,26600,0,0
2024-02-15,P002,S001,165,41250,0,0
2024-02-15,P002,S002,197,49250,0,0
2024-02-15,P002,S003,159,39750,0,0
2024-02-15,P003,S001,162,24300,1,0
2024-02-15,P003,S002,126,18900,0,0
2024-02-15,P003,S003,108,16200,0,0
2024-02-15,P004,S001,284,85200,1,0
2024-02-15,P004,S002,249,74700,0,0
2024-02-15,P004,S003,203,60900,0,0
2024-02-15,P005,S001,203,36540,1,0
2024-02-15,P005,S002,171,30780,0,0
2024-02-15,P005,S003,135,24300,0,0
2024-02-16,P001,S001,158,31600,1,0
2024-02-16,P001,S002,182,36400,0,0
2024-02-16,P001,S003,148,29600,0,0
2024-02-16,P002,S001,161,40250,0,0
2024-02-16,P002,S002,254,63500,1,0
2024-02-16,P002,S003,185,46250,1,0
2024-02-16,P003,S001,115,17250,0,0
2024-02-16,P003,S002,144,21600,0,0
2024-02-16,P003,S003,108,16200,0,0
2024-02-16,P004,S001,224,67200,0,0
2024-02-16,P004,S002,339,101700,1,0
2024-02-16,P004,S003,199,59700,0,0
2024-02-16,P005,S001,164,29520,0,0
2024-02-16,P005,S002,194,34920,0,0
2024-02-16,P005,S003,133,23940,0,0
2024-02-17,P001,S001,168,33600,0,0
2024-02-17,P001,S002,174,34800,0,0
2024-02-17,P001,S003,154,30800,1,0
2024-02-17,P002,S001,204,51000,0,0
2024-02-17,P002,S002,207,51750,0,0
2024-02-17,P002,S003,159,39750,0,0
2024-02-17,P003,S001,159,23850,1,0
2024-02-17,P003,S002,150,22500,0,0
2024-02-17,P003,S003,132,19800,0,0
2024-02-17,P004,S001,216,64800,0,0
2024-02-17,P004,S002,280,84000,0,0
2024-02-17,P004,S003,200,60000,0,0
2024-02-17,P005,S001,151,27180,0,0
2024-02-17,P005,S002,166,29880,0,0
2024-02-17,P005,S003,141,25380,0,0
2024-02-18,P001,S001,144,28800,0,0
2024-02-18,P001,S002,154,30800,0,0
2024-02-18,P001,S003,152,30400,0,0
2024-02-18,P002,S001,216,54000,0,0
2024-02-18,P002,S002,171,42750,0,0
2024-02-18,P002,S003,168,42000,0,0
2024-02-18,P003,S001,127,19050,0,0
2024-02-18,P003,S002,149,22350,0,0
2024-02-18,P003,S003,128,19200,0,0
2024-02-18,P004,S001,308,92400,1,0
2024-02-18,P004,S002,280,84000,0,0
2024-02-18,P004,S003,218,65400,0,0
2024-02-18,P005,S001,165,29700,0,0
2024-02-18,P005,S002,167,30060,0,0
2024-02-18,P005,S003,181,32580,1,0
2024-02-19,P001,S001,158,31600,0,0
2024-02-19,P001,S002,157,31400,0,0
2024-02-19,P001,S003,126,25200,0,0
2024-02-19,P002,S001,191,47750,0,0
2024-02-19,P002,S002,200,50000,0,0
2024-02-19,P002,S003,159,39750,0,0
2024-02-19,P003,S001,153,22950,1,0
2024-02-19,P003,S002,116,17400,0,0
2024-02-19,P003,S003,98,14700,0,0
2024-02-19,P004,S001,248,74400,0,0
2024-02-19,P004,S002,264,79200,0,0
2024-02-19,P004,S003,209,62700,0,0
2024-02-19,P005,S001,159,28620,0,0
2024-02-19,P005,S002,222,39960,1,0
2024-02-19,P005,S003,160,28800,1,0
2024-02-20,P001,S001,202,40400,1,0
2024-02-20,P001,S002,194,38800,1,0
2024-02-20,P001,S003,140,28000,0,0
2024-02-20,P002,S001,173,43250,0,0
2024-02-20,P002,S002,196,49000,0,0
2024-02-20,P002,S003,162,40500,0,0
2024-02-20,P003,S001,123,18450,0,0
2024-02-20,P003,S002,152,22800,0,0
2024-02-20,P003,S003,133,19950,0,0
2024-02-20,P004,S001,200,60000,0,0
2024-02-20,P004,S002,314,94200,1,0
2024-02-20,P004,S003,235,70500,1,0
2024-02-20,P005,S001,134,24120,0,0
2024-02-20,P005,S002,242,43560,1,0
2024-02-20,P005,S003,136,24480,0,0
2024-02-21,P001,S001,139,27800,0,0
2024-02-21,P001,S002,223,44600,1,0
2024-02-21,P001,S003,129,25800,0,0
2024-02-21,P002,S001,236,59000,1,0
2024-02-21,P002,S002,244,61000,1,0
2024-02-21,P002,S003,202,50500,1,0
2024-02-21,P003,S001,119,17850,0,0
2024-02-21,P003,S002,155,23250,1,0
2024-02-21,P003,S003,113,16950,0,0
2024-02-21,P004,S001,229,68700,0,0
2024-02-21,P004,S002,298,89400,1,0
2024-02-21,P004,S003,164,49200,0,0
2024-02-21,P005,S001,142,25560,0,0
2024-02-21,P005,S002,172,30960,0,0
2024-02-21,P005,S003,157,28260,0,0
2024-02-22,P001,S001,143,28600,0,0
2024-02-22,P001,S002,221,44200,1,0
2024-02-22,P001,S003,140,28000,0,0
2024-02-22,P002,S001,174,43500,0,0
2024-02-22,P002,S002,252,63000,1,0
2024-02-22,P002,S003,207,51750,1,0
2024-02-22,P003,S001,113,16950,0,0
2024-02-22,P003,S002,146,21900,0,0
2024-02-22,P003,S003,113,16950,0,0
2024-02-22,P004,S001,202,60600,0,0
2024-02-22,P004,S002,258,77400,0,0
2024-02-22,P004,S003,193,57900,0,0
2024-02-22,P005,S001,139,25020,0,0
2024-02-22,P005,S002,172,30960,0,0
2024-02-22,P005,S003,134,24120,0,0
2024-02-23,P001,S001,163,32600,0,0
2024-02-23,P001,S002,151,30200,0,0
2024-02-23,P001,S003,147,29400,1,0
2024-02-23,P002,S001,186,46500,0,0
2024-02-23,P002,S002,250,62500,1,0
2024-02-23,P002,S003,160,40000,0,0
2024-02-23,P003,S001,142,21300,1,0
2024-02-23,P003,S002,148,22200,0,0
2024-02-23,P003,S003,101,15150,0,0
2024-02-23,P004,S001,237,71100,1,0
2024-02-23,P004,S002,210,63000,0,0
2024-02-23,P004,S003,187,56100,0,0
2024-02-23,P005,S001,140,25200,0,0
2024-02-23,P005,S002,175,31500,0,0
2024-02-23,P005,S003,121,21780,0,0
2024-02-24,P001,S001,154,30800,0,0
2024-02-24,P001,S002,187,37400,0,0
2024-02-24,P001,S003,142,28400,0,0
2024-02-24,P002,S001,250,62500,1,0
2024-02-24,P002,S002,298,74500,1,0
2024-02-24,P002,S003,182,45500,0,0
2024-02-24,P003,S001,158,23700,1,0
2024-02-24,P003,S002,188,28200,1,0
2024-02-24,P003,S003,122,18300,0,0
2024-02-24,P004,S001,304,91200,1,0
2024-02-24,P004,S002,329,98700,1,0
2024-02-24,P004,S003,232,69600,1,0
2024-02-24,P005,S001,186,33480,0,0
2024-02-24,P005,S002,205,36900,1,0
2024-02-24,P005,S003,163,29340,0,0
2024-02-25,P001,S001,196,39200,1,0
2024-02-25,P001,S002,188,37600,0,0
2024-02-25,P001,S003,144,28800,0,0
2024-02-25,P002,S001,235,58750,0,0
2024-02-25,P002,S002,258,64500,1,0
2024-02-25,P002,S003,212,53000,1,0
2024-02-25,P003,S001,145,21750,0,0
2024-02-25,P003,S002,157,23550,0,0
2024-02-25,P003,S003,123,18450,0,0
2024-02-25,P004,S001,262,78600,0,0
2024-02-25,P004,S002,304,91200,0,0
2024-02-25,P004,S003,227,68100,0,0
2024-02-25,P005,S001,239,43020,1,0
2024-02-25,P005,S002,205,36900,0,0
2024-02-25,P005,S003,164,29520,0,0
2024-02-26,P001,S001,156,31200,0,0
2024-02-26,P001,S002,183,36600,0,0
2024-02-26,P001,S003,121,24200,0,0
2024-02-26,P002,S001,162,40500,0,0
2024-02-26,P002,S002,188,47000,0,0
2024-02-26,P002,S003,156,39000,0,0
2024-02-26,P003,S001,130,19500,0,0
2024-02-26,P003,S002,207,31050,1,0
2024-02-26,P003,S003,127,19050,1,0
2024-02-26,P004,S001,257,77100,1,0
2024-02-26,P004,S002,268,80400,1,0
2024-02-26,P004,S003,176,52800,0,0
2024-02-26,P005,S001,150,27000,0,0
2024-02-26,P005,S002,169,30420,0,0
2024-02-26,P005,S003,149,26820,0,0
2024-02-27,P001,S001,155,31000,1,0
2024-02-27,P001,S002,182,36400,1,0
2024-02-27,P001,S003,133,26600,0,0
2024-02-27,P002,S001,212,53000,1,0
2024-02-27,P002,S002,202,50500,0,0
2024-02-27,P002,S003,175,43750,0,0
2024-02-27,P003,S001,141,21150,1,0
2024-02-27,P003,S002,139,20850,0,0
2024-02-27,P003,S003,104,15600,0,0
2024-02-27,P004,S001,257,77100,1,0
2024-02-27,P004,S002,265,79500,0,0
2024-02-27,P004,S003,189,56700,0,0
2024-02-27,P005,S001,158,28440,0,0
2024-02-27,P005,S002,174,31320,0,0
2024-02-27,P005,S003,142,25560,1,0
2024-02-28,P001,S001,136,27200,0,0
2024-02-28,P001,S002,159,31800,0,0
2024-02-28,P001,S003,130,26000,0,0
2024-02-28,P002,S001,227,56750,1,0
2024-02-28,P002,S002,204,51000,0,0
2024-02-28,P002,S003,188,47000,1,0
2024-02-28,P003,S001,123,18450,0,0
2024-02-28,P003,S002,138,20700,0,0
2024-02-28,P003,S003,97,14550,0,0
2024-02-28,P004,S001,289,86700,1,0
2024-02-28,P004,S002,291,87300,1,0
2024-02-28,P004,S003,233,69900,1,0
2024-02-28,P005,S001,138,24840,0,0
2024-02-28,P005,S002,195,35100,0,0
2024-02-28,P005,S003,135,24300,0,0
2024-02-29,P001,S001,162,32400,0,0
2024-02-29,P001,S002,165,33000,0,0
2024-02-29,P001,S003,135,27000,0,0
2024-02-29,P002,S001,175,43750,0,0
2024-02-29,P002,S002,187,46750,0,0
2024-02-29,P002,S003,167,41750,0,0
2024-02-29,P003,S001,124,18600,0,0
2024-02-29,P003,S002,114,17100,0,0
2024-02-29,P003,S003,97,14550,0,0
2024-02-29,P004,S001,235,70500,0,0
2024-02-29,P004,S002,288,86400,1,0
2024-02-29,P004,S003,205,61500,0,0
2024-02-29,P005,S001,182,32760,0,0
2024-02-29,P005,S002,186,33480,0,0
2024-02-29,P005,S003,140,25200,0,0
2024-03-01,P001,S001,166,33200,1,0
2024-03-01,P001,S002,172,34400,0,0
2024-03-01,P001,S003,136,27200,0,0
2024-03-01,P002,S001,184,46000,0,0
2024-03-01,P002,S002,267,66750,1,0
2024-03-01,P002,S003,150,37500,0,0
2024-03-01,P003,S001,123,18450,0,0
2024-03-01,P003,S002,140,21000,0,0
2024-03-01,P003,S003,105,15750,0,0
2024-03-01,P004,S001,272,81600,1,0
2024-03-01,P004,S002,228,68400,0,0
2024-03-01,P004,S003,186,55800,0,0
2024-03-01,P005,S001,234,42120,1,0
2024-03-01,P005,S002,213,38340,1,0
2024-03-01,P005,S003,141,25380,0,0
2024-03-02,P001,S001,200,40000,1,0
2024-03-02,P001,S002,193,38600,0,0
2024-03-02,P001,S003,136,27200,0,0
2024-03-02,P002,S001,272,68000,1,0
2024-03-02,P002,S002,238,59500,0,0
2024-03-02,P002,S003,251,62750,1,0
2024-03-02,P003,S001,149,22350,0,0
2024-03-02,P003,S002,148,22200,0,0
2024-03-02,P003,S003,131,19650,1,0
2024-03-02,P004,S001,257,77100,1,0
2024-03-02,P004,S002,232,69600,0,0
2024-03-02,P004,S003,222,66600,0,0
2024-03-02,P005,S001,166,29880,0,0
2024-03-02,P005,S002,210,37800,0,0
2024-03-02,P005,S003,150,27000,0,0
2024-03-03,P001,S001,151,30200,0,0
2024-03-03,P001,S002,193,38600,0,0
2024-03-03,P001,S003,205,41000,1,0
2024-03-03,P002,S001,267,66750,1,0
2024-03-03,P002,S002,242,60500,0,0
2024-03-03,P002,S003,238,59500,1,0
2024-03-03,P003,S001,139,20850,0,0
2024-03-03,P003,S002,128,19200,0,0
2024-03-03,P003,S003,128,19200,0,0
2024-03-03,P004,S001,252,75600,0,0
2024-03-03,P004,S002,299,89700,0,0
2024-03-03,P004,S003,207,62100,0,0
2024-03-03,P005,S001,190,34200,0,0
2024-03-03,P005,S002,183,32940,0,0
2024-03-03,P005,S003,159,28620,0,0
2024-03-04,P001,S001,146,29200,0,0
2024-03-04,P001,S002,163,32600,1,0
2024-03-04,P001,S003,127,25400,0,0
2024-03-04,P002,S001,191,47750,0,0
2024-03-04,P002,S002,202,50500,0,0
2024-03-04,P002,S003,221,55250,1,0
2024-03-04,P003,S001,124,18600,0,0
2024-03-04,P003,S002,138,20700,0,0
2024-03-04,P003,S003,120,18000,0,0
2024-03-04,P004,S001,213,63900,0,0
2024-03-04,P004,S002,278,83400,1,0
2024-03-04,P004,S003,207,62100,0,0
2024-03-04,P005,S001,143,25740,0,0
2024-03-04,P005,S002,176,31680,0,0
2024-03-04,P005,S003,172,30960,1,0
2024-03-05,P001,S001,144,28800,0,0
2024-03-05,P001,S002,253,50600,1,0
2024-03-05,P001,S003,137,27400,0,0
2024-03-05,P002,S001,182,45500,0,0
2024-03-05,P002,S002,201,50250,0,0
2024-03-05,P002,S003,170,42500,0,0
2024-03-05,P003,S001,104,15600,0,0
2024-03-05,P003,S002,184,27600,1,0
2024-03-05,P003,S003,96,14400,0,0
2024-03-05,P004,S001,226,67800,0,0
2024-03-05,P004,S002,300,90000,1,0
2024-03-05,P004,S003,210,63000,0,0
2024-03-05,P005,S001,191,34380,1,0
2024-03-05,P005,S002,228,41040,1,0
2024-03-05,P005,S003,166,29880,0,0
2024-03-06,P001,S001,156,31200,0,0
2024-03-06,P001,S002,165,33000,0,0
2024-03-06,P001,S003,146,29200,1,0
2024-03-06,P002,S001,181,45250,0,0
2024-03-06,P002,S002,195,48750,0,0
2024-03-06,P002,S003,200,50000,1,0
2024-03-06,P003,S001,124,18600,0,0
2024-03-06,P003,S002,125,18750,0,0
2024-03-06,P003,S003,111,16650,0,0
2024-03-06,P004,S001,248,74400,0,0
2024-03-06,P004,S002,255,76500,0,0
2024-03-06,P004,S003,230,69000,1,0
2024-03-06,P005,S001,168,30240,0,0
2024-03-06,P005,S002,181,32580,0,0
2024-03-06,P005,S003,142,25560,0,0
2024-03-07,P001,S001,160,32000,0,0
2024-03-07,P001,S002,188,37600,1,0
2024-03-07,P001,S003,142,28400,0,0
2024-03-07,P002,S001,162,40500,0,0
2024-03-07,P002,S002,296,74000,1,0
2024-03-07,P002,S003,154,38500,0,0
2024-03-07,P003,S001,148,22200,1,0
2024-03-07,P003,S002,156,23400,0,0
2024-03-07,P003,S003,98,14700,0,0
2024-03-07,P004,S001,211,63300,0,0
2024-03-07,P004,S002,270,81000,0,0
2024-03-07,P004,S003,170,51000,0,0
2024-03-07,P005,S001,198,35640,1,0
2024-03-07,P005,S002,188,33840,0,0
2024-03-07,P005,S003,100,18000,0,0
2024-03-08,P001,S001,125,25000,0,0
2024-03-08,P001,S002,142,28400,0,0
2024-03-08,P001,S003,110,22000,0,0
2024-03-08,P002,S001,188,47000,0,0
2024-03-08,P002,S002,199,49750,0,0
2024-03-08,P002,S003,145,36250,0,0
2024-03-08,P003,S001,132,19800,0,0
2024-03-08,P003,S002,189,28350,1,0
2024-03-08,P003,S003,122,18300,0,0
2024-03-08,P004,S001,222,66600,0,0
2024-03-08,P004,S002,214,64200,0,0
2024-03-08,P004,S003,208,62400,1,0
2024-03-08,P005,S001,144,25920,0,0
2024-03-08,P005,S002,173,31140,0,0
2024-03-08,P005,S003,159,28620,0,0
2024-03-09,P001,S001,200,40000,1,0
2024-03-09,P001,S002,186,37200,0,0
2024-03-09,P001,S003,147,29400,0,0
2024-03-09,P002,S001,260,65000,1,0
2024-03-09,P002,S002,248,62000,0,0
2024-03-09,P002,S003,182,45500,0,0
2024-03-09,P003,S001,147,22050,0,0
2024-03-09,P003,S002,149,22350,0,0
2024-03-09,P003,S003,129,19350,0,0
2024-03-09,P004,S001,264,79200,0,0
2024-03-09,P004,S002,299,89700,0,0
2024-03-09,P004,S003,201,60300,0,0
2024-03-09,P005,S001,172,30960,0,0
2024-03-09,P005,S002,172,30960,0,0
2024-03-09,P005,S003,141,25380,0,0
2024-03-10,P001,S001,190,38000,1,0
2024-03-10,P001,S002,224,44800,1,0
2024-03-10,P001,S003,150,30000,0,0
2024-03-10,P002,S001,180,45000,0,0
2024-03-10,P002,S002,230,57500,0,0
2024-03-10,P002,S003,196,49000,0,0
2024-03-10,P003,S001,165,24750,1,0
2024-03-10,P003,S002,162,24300,0,0
2024-03-10,P003,S003,122,18300,0,0
2024-03-10,P004,S001,228,68400,0,0
2024-03-10,P004,S002,255,76500,0,0
2024-03-10,P004,S003,214,64200,0,0
2024-03-10,P005,S001,184,33120,0,0
2024-03-10,P005,S002,224,40320,1,0
2024-03-10,P005,S003,151,27180,0,0
2024-03-11,P001,S001,147,29400,0,0
2024-03-11,P001,S002,192,38400,0,0
2024-03-11,P001,S003,136,27200,0,0
2024-03-11,P002,S001,188,47000,0,0
2024-03-11,P002,S002,205,51250,0,0
2024-03-11,P002,S003,188,47000,0,0
2024-03-11,P003,S001,148,22200,1,0
2024-03-11,P003,S002,183,27450,1,0
2024-03-11,P003,S003,137,20550,0,0
2024-03-11,P004,S001,242,72600,1,0
2024-03-11,P004,S002,251,75300,0,0
2024-03-11,P004,S003,244,73200,0,0
2024-03-11,P005,S001,161,28980,0,0
2024-03-11,P005,S002,177,31860,0,0
2024-03-11,P005,S003,186,33480,1,0
2024-03-12,P001,S001,143,28600,0,0
2024-03-12,P001,S002,166,33200,0,0
2024-03-12,P001,S003,114,22800,0,0
2024-03-12,P002,S001,152,38000,0,0
2024-03-12,P002,S002,218,54500,0,0
2024-03-12,P002,S003,159,39750,0,0
2024-03-12,P003,S001,128,19200,0,0
2024-03-12,P003,S002,174,26100,1,0
2024-03-12,P003,S003,111,16650,0,0
2024-03-12,P004,S001,213,63900,1,0
2024-03-12,P004,S002,298,89400,1,0
2024-03-12,P004,S003,222,66600,1,0
2024-03-12,P005,S001,148,26640,0,0
2024-03-12,P005,S002,158,28440,0,0
2024-03-12,P005,S003,152,27360,1,0
2024-03-13,P001,S001,147,29400,0,0
2024-03-13,P001,S002,192,38400,0,0
2024-03-13,P001,S003,156,31200,0,0
2024-03-13,P002,S001,171,42750,0,0
2024-03-13,P002,S002,226,56500,0,0
2024-03-13,P002,S003,220,55000,1,0
2024-03-13,P003,S001,116,17400,0,0
2024-03-13,P003,S002,179,26850,1,0
2024-03-13,P003,S003,144,21600,1,0
2024-03-13,P004,S001,233,69900,1,0
2024-03-13,P004,S002,263,78900,0,0
2024-03-13,P004,S003,218,65400,1,0
2024-03-13,P005,S001,166,29880,0,0
2024-03-13,P005,S002,183,32940,0,0
2024-03-13,P005,S003,124,22320,0,0
2024-03-14,P001,S001,139,27800,0,0
2024-03-14,P001,S002,158,31600,0,0
2024-03-14,P001,S003,144,28800,0,0
2024-03-14,P002,S001,219,54750,1,0
2024-03-14,P002,S002,196,49000,0,0
2024-03-14,P002,S003,174,43500,0,0
2024-03-14,P003,S001,120,18000,0,0
2024-03-14,P003,S002,172,25800,1,0
2024-03-14,P003,S003,109,16350,0,0
2024-03-14,P004,S001,259,77700,0,0
2024-03-14,P004,S002,258,77400,0,0
2024-03-14,P004,S003,252,75600,1,0
2024-03-14,P005,S001,173,31140,0,0
2024-03-14,P005,S002,182,32760,0,0
2024-03-14,P005,S003,159,28620,0,0
2024-03-15,P001,S001,158,31600,0,0
2024-03-15,P001,S002,142,28400,0,0
2024-03-15,P001,S003,124,24800,0,0
2024-03-15,P002,S001,219,54750,1,0
2024-03-15,P002,S002,255,63750,1,0
2024-03-15,P002,S003,157,39250,0,0
2024-03-15,P003,S001,127,19050,0,0
2024-03-15,P003,S002,137,20550,0,0
2024-03-15,P003,S003,110,16500,0,0
2024-03-15,P004,S001,214,64200,0,0
2024-03-15,P004,S002,249,74700,0,0
2024-03-15,P004,S003,183,54900,0,0
2024-03-15,P005,S001,196,35280,1,0
2024-03-15,P005,S002,230,41400,1,0
2024-03-15,P005,S003,128,23040,0,0
2024-03-16,P001,S001,185,37000,1,0
2024-03-16,P001,S002,187,37400,0,0
2024-03-16,P001,S003,164,32800,0,0
2024-03-16,P002,S001,186,46500,0,0
2024-03-16,P002,S002,227,56750,0,0
2024-03-16,P002,S003,175,43750,0,0
2024-03-16,P003,S001,165,24750,1,0
2024-03-16,P003,S002,142,21300,0,0
2024-03-16,P003,S003,115,17250,0,0
2024-03-16,P004,S001,284,85200,0,0
2024-03-16,P004,S002,236,70800,0,0
2024-03-16,P004,S003,217,65100,0,0
2024-03-16,P005,S001,175,31500,0,0
2024-03-16,P005,S002,194,34920,0,0
2024-03-16,P005,S003,171,30780,0,0
2024-03-17,P001,S001,197,39400,1,0
2024-03-17,P001,S002,212,42400,0,0
2024-03-17,P001,S003,126,25200,0,0
2024-03-17,P002,S001,251,62750,1,0
2024-03-17,P002,S002,237,59250,0,0
2024-03-17,P002,S003,189,47250,0,0
2024-03-17,P003,S001,174,26100,1,0
2024-03-17,P003,S002,172,25800,0,0
2024-03-17,P003,S003,140,21000,0,0
2024-03-17,P004,S001,219,65700,0,0
2024-03-17,P004,S002,289,86700,0,0
2024-03-17,P004,S003,238,71400,0,0
2024-03-17,P005,S001,174,31320,0,0
2024-03-17,P005,S002,186,33480,0,0
2024-03-17,P005,S003,175,31500,1,0
2024-03-18,P001,S001,167,33400,0,0
2024-03-18,P001,S002,192,38400,1,0
2024-03-18,P001,S003,136,27200,0,0
2024-03-18,P002,S001,209,52250,1,0
2024-03-18,P002,S002,254,63500,1,0
2024-03-18,P002,S003,146,36500,0,0
2024-03-18,P003,S001,108,16200,0,0
2024-03-18,P003,S002,148,22200,0,0
2024-03-18,P003,S003,88,13200,0,0
2024-03-18,P004,S001,247,74100,0,0
2024-03-18,P004,S002,261,78300,0,0
2024-03-18,P004,S003,213,63900,1,0
2024-03-18,P005,S001,163,29340,0,0
2024-03-18,P005,S002,177,31860,0,0
2024-03-18,P005,S003,159,28620,1,0
2024-03-19,P001,S001,161,32200,0,0
2024-03-19,P001,S002,176,35200,0,0
2024-03-19,P001,S003,126,25200,0,0
2024-03-19,P002,S001,172,43000,0,0
2024-03-19,P002,S002,242,60500,0,0
2024-03-19,P002,S003,171,42750,0,0
2024-03-19,P003,S001,123,18450,0,0
2024-03-19,P003,S002,132,19800,0,0
2024-03-19,P003,S003,103,15450,0,0
2024-03-19,P004,S001,310,93000,1,0
2024-03-19,P004,S002,267,80100,0,0
2024-03-19,P004,S003,198,59400,0,0
2024-03-19,P005,S001,142,25560,0,0
2024-03-19,P005,S002,211,37980,1,0
2024-03-19,P005,S003,148,26640,0,0
2024-03-20,P001,S001,193,38600,1,0
2024-03-20,P001,S002,171,34200,0,0
2024-03-20,P001,S003,144,28800,0,0
2024-03-20,P002,S001,186,46500,0,0
2024-03-20,P002,S002,229,57250,0,0
2024-03-20,P002,S003,195,48750,1,0
2024-03-20,P003,S001,159,23850,1,0
2024-03-20,P003,S002,163,24450,1,0
2024-03-20,P003,S003,117,17550,0,0
2024-03-20,P004,S001,224,67200,0,0
2024-03-20,P004,S002,209,62700,0,0
2024-03-20,P004,S003,187,56100,0,0
2024-03-20,P005,S001,139,25020,0,0
2024-03-20,P005,S002,266,47880,1,0
2024-03-20,P005,S003,149,26820,0,0
2024-03-21,P001,S001,141,28200,0,0
2024-03-21,P001,S002,180,36000,1,0
2024-03-21,P001,S003,160,32000,1,0
2024-03-21,P002,S001,191,47750,0,0
2024-03-21,P002,S002,203,50750,0,0
2024-03-21,P002,S003,169,42250,0,0
2024-03-21,P003,S001,135,20250,0,0
2024-03-21,P003,S002,131,19650,0,0
2024-03-21,P003,S003,105,15750,0,0
2024-03-21,P004,S001,192,57600,0,0
2024-03-21,P004,S002,336,100800,1,0
2024-03-21,P004,S003,158,47400,0,0
2024-03-21,P005,S001,155,27900,0,0
2024-03-21,P005,S002,208,37440,0,0
2024-03-21,P005,S003,117,21060,0,0
2024-03-22,P001,S001,151,30200,0,0
2024-03-22,P001,S002,213,42600,1,0
2024-03-22,P001,S003,138,27600,0,0
2024-03-22,P002,S001,197,49250,0,0
2024-03-22,P002,S002,215,53750,0,0
2024-03-22,P002,S003,168,42000,0,0
2024-03-22,P003,S001,107,16050,0,0
2024-03-22,P003,S002,140,21000,0,0
2024-03-22,P003,S003,112,16800,0,0
2024-03-22,P004,S001,250,75000,1,0
2024-03-22,P004,S002,284,85200,1,0
2024-03-22,P004,S003,207,62100,0,0
2024-03-22,P005,S001,169,30420,0,0
2024-03-22,P005,S002,172,30960,0,0
2024-03-22,P005,S003,169,30420,1,0
2024-03-23,P001,S001,166,33200,0,0
2024-03-23,P001,S002,176,35200,0,0
2024-03-23,P001,S003,175,35000,1,0
2024-03-23,P002,S001,206,51500,0,0
2024-03-23,P002,S002,322,80500,1,0
2024-03-23,P002,S003,179,44750,0,0
2024-03-23,P003,S001,116,17400,0,0
2024-03-23,P003,S002,137,20550,0,0
2024-03-23,P003,S003,115,17250,0,0
2024-03-23,P004,S001,236,70800,0,0
2024-03-23,P004,S002,305,91500,0,0
2024-03-23,P004,S003,258,77400,0,0
2024-03-23,P005,S001,208,37440,1,0
2024-03-23,P005,S002,210,37800,0,0
2024-03-23,P005,S003,211,37980,1,0
2024-03-24,P001,S001,171,34200,0,0
2024-03-24,P001,S002,181,36200,0,0
2024-03-24,P001,S003,144,28800,0,0
2024-03-24,P002,S001,202,50500,0,0
2024-03-24,P002,S002,261,65250,0,0
2024-03-24,P002,S003,197,49250,0,0
2024-03-24,P003,S001,145,21750,0,0
2024-03-24,P003,S002,161,24150,0,0
2024-03-24,P003,S003,148,22200,1,0
2024-03-24,P004,S001,240,72000,0,0
2024-03-24,P004,S002,253,75900,0,0
2024-03-24,P004,S003,231,69300,0,0
2024-03-24,P005,S001,168,30240,0,0
2024-03-24,P005,S002,259,46620,1,0
2024-03-24,P005,S003,160,28800,1,0
2024-03-25,P001,S001,162,32400,1,0
2024-03-25,P001,S002,183,36600,0,0
2024-03-25,P001,S003,148,29600,0,0
2024-03-25,P002,S001,236,59000,1,0
2024-03-25,P002,S002,197,49250,0,0
2024-03-25,P002,S003,180,45000,0,0
2024-03-25,P003,S001,115,17250,0,0
2024-03-25,P003,S002,184,27600,1,0
2024-03-25,P003,S003,121,18150,1,0
2024-03-25,P004,S001,213,63900,0,0
2024-03-25,P004,S002,203,60900,0,0
2024-03-25,P004,S003,182,54600,0,0
2024-03-25,P005,S001,168,30240,0,0
2024-03-25,P005,S002,256,46080,1,0
2024-03-25,P005,S003,157,28260,0,0
2024-03-26,P001,S001,188,37600,1,0
2024-03-26,P001,S002,179,35800,1,0
2024-03-26,P001,S003,128,25600,0,0
2024-03-26,P002,S001,209,52250,0,0
2024-03-26,P002,S002,255,63750,1,0
2024-03-26,P002,S003,149,37250,0,0
2024-03-26,P003,S001,119,17850,0,0
2024-03-26,P003,S002,118,17700,0,0
2024-03-26,P003,S003,119,17850,0,0
2024-03-26,P004,S001,186,55800,0,0
2024-03-26,P004,S002,271,81300,1,0
2024-03-26,P004,S003,199,59700,0,0
2024-03-26,P005,S001,172,30960,1,0
2024-03-26,P005,S002,223,40140,1,0
2024-03-26,P005,S003,153,27540,0,0
2024-03-27,P001,S001,141,28200,0,0
2024-03-27,P001,S002,226,45200,1,0
2024-03-27,P001,S003,169,33800,1,0
2024-03-27,P002,S001,192,48000,0,0
2024-03-27,P002,S002,234,58500,0,0
2024-03-27,P002,S003,168,42000,0,0
2024-03-27,P003,S001,119,17850,0,0
2024-03-27,P003,S002,175,26250,1,0
2024-03-27,P003,S003,100,15000,0,0
2024-03-27,P004,S001,238,71400,0,0
2024-03-27,P004,S002,328,98400,1,0
2024-03-27,P004,S003,234,70200,1,0
2024-03-27,P005,S001,152,27360,0,0
2024-03-27,P005,S002,187,33660,0,0
2024-03-27,P005,S003,128,23040,0,0
2024-03-28,P001,S001,143,28600,0,0
2024-03-28,P001,S002,187,37400,0,0
2024-03-28,P001,S003,122,24400,0,0
2024-03-28,P002,S001,246,61500,1,0
2024-03-28,P002,S002,220,55000,0,0
2024-03-28,P002,S003,174,43500,0,0
2024-03-28,P003,S001,117,17550,0,0
2024-03-28,P003,S002,157,23550,1,0
2024-03-28,P003,S003,130,19500,1,0
2024-03-28,P004,S001,252,75600,0,0
2024-03-28,P004,S002,241,72300,0,0
2024-03-28,P004,S003,164,49200,0,0
2024-03-28,P005,S001,161,28980,0,0
2024-03-28,P005,S002,201,36180,0,0
2024-03-28,P005,S003,176,31680,1,0
2024-03-29,P001,S001,169,33800,0,0
2024-03-29,P001,S002,179,35800,0,0
2024-03-29,P001,S003,135,27000,0,0
2024-03-29,P002,S001,180,45000,0,0
2024-03-29,P002,S002,221,55250,0,0
2024-03-29,P002,S003,145,36250,0,0
2024-03-29,P003,S001,140,21000,0,0
2024-03-29,P003,S002,151,22650,0,0
2024-03-29,P003,S003,118,17700,0,0
2024-03-29,P004,S001,220,66000,0,0
2024-03-29,P004,S002,282,84600,0,0
2024-03-29,P004,S003,196,58800,0,0
2024-03-29,P005,S001,184,33120,1,0
2024-03-29,P005,S002,221,39780,1,0
2024-03-29,P005,S003,154,27720,0,0
2024-03-30,P001,S001,184,36800,1,0
2024-03-30,P001,S002,174,34800,0,0
2024-03-30,P001,S003,136,27200,0,0
2024-03-30,P002,S001,195,48750,0,0
2024-03-30,P002,S002,302,75500,1,0
2024-03-30,P002,S003,185,46250,0,0
2024-03-30,P003,S001,123,18450,0,0
2024-03-30,P003,S002,185,27750,0,0
2024-03-30,P003,S003,131,19650,1,0
2024-03-30,P004,S001,234,70200,0,0
2024-03-30,P004,S002,259,77700,0,0
2024-03-30,P004,S003,207,62100,0,0
2024-03-30,P005,S001,177,31860,0,0
2024-03-30,P005,S002,199,35820,0,0
2024-03-30,P005,S003,148,26640,0,0
2024-03-31,P001,S001,166,33200,0,0
2024-03-31,P001,S002,194,38800,0,0
2024-03-31,P001,S003,154,30800,0,0
2024-03-31,P002,S001,204,51000,0,0
2024-03-31,P002,S002,289,72250,1,0
2024-03-31,P002,S003,192,48000,0,0
2024-03-31,P003,S001,128,19200,0,0
2024-03-31,P003,S002,181,27150,0,0
2024-03-31,P003,S003,138,20700,0,0
2024-03-31,P004,S001,260,78000,0,0
2024-03-31,P004,S002,272,81600,0,0
2024-03-31,P004,S003,186,55800,0,0
2024-03-31,P005,S001,182,32760,1,0
2024-03-31,P005,S002,237,42660,1,0
2024-03-31,P005,S003,180,32400,0,0
2024-04-01,P001,S001,143,28600,0,0
2024-04-01,P001,S002,154,30800,0,0
2024-04-01,P001,S003,145,29000,1,0
2024-04-01,P002,S001,206,51500,0,0
2024-04-01,P002,S002,204,51000,0,0
2024-04-01,P002,S003,184,46000,0,0
2024-04-01,P003,S001,133,19950,1,0
2024-04-01,P003,S002,155,23250,1,0
2024-04-01,P003,S003,125,18750,1,0
2024-04-01,P004,S001,226,67800,0,0
2024-04-01,P004,S002,265,79500,0,0
2024-04-01,P004,S003,184,55200,0,0
2024-04-01,P005,S001,149,26820,0,0
2024-04-01,P005,S002,191,34380,1,0
2024-04-01,P005,S003,125,22500,0,0
2024-04-02,P001,S001,134,26800,0,0
2024-04-02,P001,S002,187,37400,0,0
2024-04-02,P001,S003,145,29000,1,0
2024-04-02,P002,S001,182,45500,0,0
2024-04-02,P002,S002,202,50500,0,0
2024-04-02,P002,S003,150,37500,0,0
2024-04-02,P003,S001,152,22800,1,0
2024-04-02,P003,S002,159,23850,1,0
2024-04-02,P003,S003,117,17550,0,0
2024-04-02,P004,S001,281,84300,1,0
2024-04-02,P004,S002,239,71700,0,0
2024-04-02,P004,S003,208,62400,0,0
2024-04-02,P005,S001,200,36000,1,0
2024-04-02,P005,S002,211,37980,1,0
2024-04-02,P005,S003,164,29520,1,0
2024-04-03,P001,S001,149,29800,0,0
2024-04-03,P001,S002,193,38600,0,0
2024-04-03,P001,S003,143,28600,0,0
2024-04-03,P002,S001,182,45500,0,0
2024-04-03,P002,S002,177,44250,0,0
2024-04-03,P002,S003,163,40750,0,0
2024-04-03,P003,S001,102,15300,0,0
2024-04-03,P003,S002,121,18150,0,0
2024-04-03,P003,S003,102,15300,0,0
2024-04-03,P004,S001,263,78900,1,0
2024-04-03,P004,S002,236,70800,0,0
2024-04-03,P004,S003,216,64800,0,0
2024-04-03,P005,S001,157,28260,0,0
2024-04-03,P005,S002,171,30780,0,0
2024-04-03,P005,S003,149,26820,0,0
2024-04-04,P001,S001,163,32600,1,0
2024-04-04,P001,S002,202,40400,1,0
2024-04-04,P001,S003,106,21200,0,0
2024-04-04,P002,S001,170,42500,0,0
2024-04-04,P002,S002,229,57250,0,0
2024-04-04,P002,S003,169,42250,0,0
2024-04-04,P003,S001,123,18450,0,0
2024-04-04,P003,S002,146,21900,0,0
2024-04-04,P003,S003,119,17850,0,0
2024-04-04,P004,S001,217,65100,0,0
2024-04-04,P004,S002,287,86100,1,0
2024-04-04,P004,S003,208,62400,0,0
2024-04-04,P005,S001,185,33300,1,0
2024-04-04,P005,S002,172,30960,0,0
2024-04-04,P005,S003,137,24660,0,0
2024-04-05,P001,S001,150,30000,0,0
2024-04-05,P001,S002,143,28600,0,0
2024-04-05,P001,S003,135,27000,0,0
2024-04-05,P002,S001,165,41250,0,0
2024-04-05,P002,S002,197,49250,0,0
2024-04-05,P002,S003,145,36250,0,0
2024-04-05,P003,S001,127,19050,0,0
2024-04-05,P003,S002,142,21300,0,0
2024-04-05,P003,S003,99,14850,0,0
2024-04-05,P004,S001,232,69600,0,0
2024-04-05,P004,S002,218,65400,0,0
2024-04-05,P004,S003,189,56700,0,0
2024-04-05,P005,S001,139,25020,0,0
2024-04-05,P005,S002,213,38340,1,0
2024-04-05,P005,S003,135,24300,0,0
2024-04-06,P001,S001,173,34600,1,0
2024-04-06,P001,S002,183,36600,0,0
2024-04-06,P001,S003,131,26200,0,0
2024-04-06,P002,S001,165,41250,0,0
2024-04-06,P002,S002,200,50000,0,0
2024-04-06,P002,S003,173,43250,0,0
2024-04-06,P003,S001,130,19500,0,0
2024-04-06,P003,S002,142,21300,0,0
2024-04-06,P003,S003,133,19950,0,0
2024-04-06,P004,S001,245,73500,0,0
2024-04-06,P004,S002,284,85200,0,0
2024-04-06,P004,S003,199,59700,0,0
2024-04-06,P005,S001,158,28440,0,0
2024-04-06,P005,S002,201,36180,0,0
2024-04-06,P005,S003,152,27360,0,0
2024-04-07,P001,S001,163,32600,0,0
2024-04-07,P001,S002,179,35800,0,0
2024-04-07,P001,S003,182,36400,1,0
2024-04-07,P002,S001,239,59750,1,0
2024-04-07,P002,S002,226,56500,0,0
2024-04-07,P002,S003,186,46500,0,0
2024-04-07,P003,S001,150,22500,0,0
2024-04-07,P003,S002,193,28950,1,0
2024-04-07,P003,S003,107,16050,0,0
2024-04-07,P004,S001,235,70500,0,0
2024-04-07,P004,S002,271,81300,0,0
2024-04-07,P004,S003,220,66000,0,0
2024-04-07,P005,S001,200,36000,1,0
2024-04-07,P005,S002,198,35640,0,0
2024-04-07,P005,S003,156,28080,0,0
2024-04-08,P001,S001,148,29600,0,0
2024-04-08,P001,S002,150,30000,0,0
2024-04-08,P001,S003,118,23600,0,0
2024-04-08,P002,S001,148,37000,0,0
2024-04-08,P002,S002,289,72250,1,0
2024-04-08,P002,S003,137,34250,0,0
2024-04-08,P003,S001,121,18150,0,0
2024-04-08,P003,S002,175,26250,1,0
2024-04-08,P003,S003,100,15000,0,0
2024-04-08,P004,S001,238,71400,0,0
2024-04-08,P004,S002,250,75000,0,0
2024-04-08,P004,S003,221,66300,0,0
2024-04-08,P005,S001,175,31500,1,0
2024-04-08,P005,S002,178,32040,0,0
2024-04-08,P005,S003,136,24480,0,0
2024-04-09,P001,S001,138,27600,0,0
2024-04-09,P001,S002,159,31800,0,0
2024-04-09,P001,S003,152,30400,1,0
2024-04-09,P002,S001,175,43750,0,0
2024-04-09,P002,S002,265,66250,1,0
2024-04-09,P002,S003,172,43000,0,0
2024-04-09,P003,S001,127,19050,1,0
2024-04-09,P003,S002,132,19800,0,0
2024-04-09,P003,S003,134,20100,1,0
2024-04-09,P004,S001,266,79800,1,0
2024-04-09,P004,S002,245,73500,0,0
2024-04-09,P004,S003,234,70200,1,0
2024-04-09,P005,S001,152,27360,0,0
2024-04-09,P005,S002,193,34740,0,0
2024-04-09,P005,S003,150,27000,0,0
2024-04-10,P001,S001,141,28200,0,0
2024-04-10,P001,S002,166,33200,0,0
2024-04-10,P001,S003,127,25400,0,0
2024-04-10,P002,S001,179,44750,0,0
2024-04-10,P002,S002,225,56250,0,0
2024-04-10,P002,S003,158,39500,0,0
2024-04-10,P003,S001,115,17250,0,0
2024-04-10,P003,S002,138,20700,0,0
2024-04-10,P003,S003,152,22800,1,0
2024-04-10,P004,S001,254,76200,1,0
2024-04-10,P004,S002,235,70500,0,0
2024-04-10,P004,S003,205,61500,0,0
2024-04-10,P005,S001,166,29880,0,0
2024-04-10,P005,S002,182,32760,0,0
2024-04-10,P005,S003,160,28800,1,0
2024-04-11,P001,S001,155,31000,0,0
2024-04-11,P001,S002,151,30200,0,0
2024-04-11,P001,S003,106,21200,0,0
2024-04-11,P002,S001,178,44500,0,0
2024-04-11,P002,S002,288,72000,1,0
2024-04-11,P002,S003,198,49500,1,0
2024-04-11,P003,S001,117,17550,0,0
2024-04-11,P003,S002,143,21450,0,0
2024-04-11,P003,S003,112,16800,0,0
2024-04-11,P004,S001,256,76800,0,0
2024-04-11,P004,S002,328,98400,1,0
2024-04-11,P004,S003,183,54900,0,0
2024-04-11,P005,S001,162,29160,0,0
2024-04-11,P005,S002,179,32220,0,0
2024-04-11,P005,S003,170,30600,1,0
2024-04-12,P001,S001,144,28800,0,0
2024-04-12,P001,S002,165,33000,0,0
2024-04-12,P001,S003,115,23000,0,0
2024-04-12,P002,S001,174,43500,0,0
2024-04-12,P002,S002,206,51500,0,0
2024-04-12,P002,S003,167,41750,0,0
2024-04-12,P003,S001,145,21750,1,0
2024-04-12,P003,S002,167,25050,1,0
2024-04-12,P003,S003,113,16950,0,0
2024-04-12,P004,S001,241,72300,0,0
2024-04-12,P004,S002,245,73500,0,0
2024-04-12,P004,S003,183,54900,0,0
2024-04-12,P005,S001,201,36180,1,0
2024-04-12,P005,S002,187,33660,0,0
2024-04-12,P005,S003,138,24840,0,0
2024-04-13,P001,S001,158,31600,1,0
2024-04-13,P001,S002,236,47200,1,0
2024-04-13,P001,S003,134,26800,0,0
2024-04-13,P002,S001,235,58750,1,0
2024-04-13,P002,S002,223,55750,0,0
2024-04-13,P002,S003,193,48250,0,0
2024-04-13,P003,S001,162,24300,1,0
2024-04-13,P003,S002,167,25050,1,0
2024-04-13,P003,S003,170,25500,1,0
2024-04-13,P004,S001,298,89400,1,0
2024-04-13,P004,S002,312,93600,1,0
2024-04-13,P004,S003,284,85200,1,0
2024-04-13,P005,S001,172,30960,0,0
2024-04-13,P005,S002,196,35280,0,0
2024-04-13,P005,S003,154,27720,0,0
2024-04-14,P001,S001,159,31800,0,0
2024-04-14,P001,S002,182,36400,0,0
2024-04-14,P001,S003,142,28400,0,0
2024-04-14,P002,S001,229,57250,1,0
2024-04-14,P002,S002,215,53750,0,0
2024-04-14,P002,S003,217,54250,1,0
2024-04-14,P003,S001,125,18750,0,0
2024-04-14,P003,S002,156,23400,0,0
2024-04-14,P003,S003,157,23550,1,0
2024-04-14,P004,S001,238,71400,0,0
2024-04-14,P004,S002,279,83700,0,0
2024-04-14,P004,S003,232,69600,0,0
2024-04-14,P005,S001,203,36540,1,0
2024-04-14,P005,S002,189,34020,0,0
2024-04-14,P005,S003,151,27180,1,0
2024-04-15,P001,S001,146,29200,0,0
2024-04-15,P001,S002,159,31800,0,0
2024-04-15,P001,S003,153,30600,1,0
2024-04-15,P002,S001,182,45500,1,0
2024-04-15,P002,S002,203,50750,0,0
2024-04-15,P002,S003,149,37250,0,0
2024-04-15,P003,S001,109,16350,0,0
2024-04-15,P003,S002,128,19200,0,0
2024-04-15,P003,S003,119,17850,1,0
2024-04-15,P004,S001,231,69300,0,0
2024-04-15,P004,S002,270,81000,0,0
2024-04-15,P004,S003,197,59100,0,0
2024-04-15,P005,S001,213,38340,1,0
2024-04-15,P005,S002,210,37800,1,0
2024-04-15,P005,S003,134,24120,1,0
2024-04-16,P001,S001,135,27000,0,0
2024-04-16,P001,S002,198,39600,1,0
2024-04-16,P001,S003,120,24000,0,0
2024-04-16,P002,S001,217,54250,1,0
2024-04-16,P002,S002,218,54500,0,0
2024-04-16,P002,S003,180,45000,1,0
2024-04-16,P003,S001,161,24150,1,0
2024-04-16,P003,S002,193,28950,1,0
2024-04-16,P003,S003,124,18600,0,0
2024-04-16,P004,S001,186,55800,0,0
2024-04-16,P004,S002,239,71700,0,0
2024-04-16,P004,S003,199,59700,0,0
2024-04-16,P005,S001,140,25200,0,0
2024-04-16,P005,S002,162,29160,0,0
2024-04-16,P005,S003,145,26100,1,0
2024-04-17,P001,S001,145,29000,0,0
2024-04-17,P001,S002,170,34000,0,0
2024-04-17,P001,S003,141,28200,0,0
2024-04-17,P002,S001,225,56250,1,0
2024-04-17,P002,S002,262,65500,1,0
2024-04-17,P002,S003,142,35500,0,0
2024-04-17,P003,S001,123,18450,0,0
2024-04-17,P003,S002,165,24750,1,0
2024-04-17,P003,S003,103,15450,0,0
2024-04-17,P004,S001,210,63000,0,0
2024-04-17,P004,S002,256,76800,0,0
2024-04-17,P004,S003,206,61800,0,0
2024-04-17,P005,S001,180,32400,0,0
2024-04-17,P005,S002,186,33480,0,0
2024-04-17,P005,S003,150,27000,0,0
2024-04-18,P001,S001,184,36800,1,0
2024-04-18,P001,S002,180,36000,0,0
2024-04-18,P001,S003,119,23800,0,0
2024-04-18,P002,S001,218,54500,1,0
2024-04-18,P002,S002,193,48250,0,0
2024-04-18,P002,S003,152,38000,0,0
2024-04-18,P003,S001,124,18600,0,0
2024-04-18,P003,S002,172,25800,1,0
2024-04-18,P003,S003,112,16800,0,0
2024-04-18,P004,S001,207,62100,0,0
2024-04-18,P004,S002,301,90300,1,0
2024-04-18,P004,S003,191,57300,0,0
2024-04-18,P005,S001,161,28980,0,0
2024-04-18,P005,S002,195,35100,0,0
2024-04-18,P005,S003,130,23400,0,0
2024-04-19,P001,S001,144,28800,0,0
2024-04-19,P001,S002,177,35400,0,0
2024-04-19,P001,S003,114,22800,0,0
2024-04-19,P002,S001,194,48500,0,0
2024-04-19,P002,S002,174,43500,0,0
2024-04-19,P002,S003,149,37250,0,0
2024-04-19,P003,S001,120,18000,0,0
2024-04-19,P003,S002,135,20250,0,0
2024-04-19,P003,S003,105,15750,0,0
2024-04-19,P004,S001,297,89100,1,0
2024-04-19,P004,S002,271,81300,1,0
2024-04-19,P004,S003,243,72900,1,0
2024-04-19,P005,S001,215,38700,1,0
2024-04-19,P005,S002,192,34560,0,0
2024-04-19,P005,S003,145,26100,0,0
2024-04-20,P001,S001,162,32400,0,0
2024-04-20,P001,S002,212,42400,1,0
2024-04-20,P001,S003,137,27400,0,0
2024-04-20,P002,S001,177,44250,0,0
2024-04-20,P002,S002,296,74000,1,0
2024-04-20,P002,S003,193,48250,1,0
2024-04-20,P003,S001,132,19800,0,0
2024-04-20,P003,S002,178,26700,1,0
2024-04-20,P003,S003,121,18150,0,0
2024-04-20,P004,S001,250,75000,0,0
2024-04-20,P004,S002,317,95100,1,0
2024-04-20,P004,S003,196,58800,0,0
2024-04-20,P005,S001,195,35100,1,0
2024-04-20,P005,S002,184,33120,0,0
2024-04-20,P005,S003,178,32040,0,0
2024-04-21,P001,S001,175,35000,0,0
2024-04-21,P001,S002,163,32600,0,0
2024-04-21,P001,S003,139,27800,0,0
2024-04-21,P002,S001,184,46000,0,0
2024-04-21,P002,S002,216,54000,0,0
2024-04-21,P002,S003,171,42750,0,0
2024-04-21,P003,S001,123,18450,0,0
2024-04-21,P003,S002,163,24450,0,0
2024-04-21,P003,S003,147,22050,1,0
2024-04-21,P004,S001,243,72900,0,0
2024-04-21,P004,S002,305,91500,0,0
2024-04-21,P004,S003,274,82200,1,0
2024-04-21,P005,S001,172,30960,0,0
2024-04-21,P005,S002,202,36360,0,0
2024-04-21,P005,S003,167,30060,0,0
2024-04-22,P001,S001,155,31000,0,0
2024-04-22,P001,S002,137,27400,0,0
2024-04-22,P001,S003,134,26800,0,0
2024-04-22,P002,S001,182,45500,0,0
2024-04-22,P002,S002,262,65500,1,0
2024-04-22,P002,S003,140,35000,0,0
2024-04-22,P003,S001,157,23550,1,0
2024-04-22,P003,S002,146,21900,0,0
2024-04-22,P003,S003,105,15750,0,0
2024-04-22,P004,S001,246,73800,0,0
2024-04-22,P004,S002,228,68400,0,0
2024-04-22,P004,S003,198,59400,0,0
2024-04-22,P005,S001,179,32220,1,0
2024-04-22,P005,S002,169,30420,0,0
2024-04-22,P005,S003,140,25200,0,0
2024-04-23,P001,S001,178,35600,0,0
2024-04-23,P001,S002,173,34600,1,0
2024-04-23,P001,S003,138,27600,0,0
2024-04-23,P002,S001,217,54250,0,0
2024-04-23,P002,S002,227,56750,1,0
2024-04-23,P002,S003,181,45250,0,0
2024-04-23,P003,S001,130,19500,0,0
2024-04-23,P003,S002,122,18300,0,0
2024-04-23,P003,S003,84,12600,0,0
2024-04-23,P004,S001,236,70800,1,0
2024-04-23,P004,S002,253,75900,0,0
2024-04-23,P004,S003,246,73800,1,0
2024-04-23,P005,S001,170,30600,0,0
2024-04-23,P005,S002,215,38700,1,0
2024-04-23,P005,S003,141,25380,0,0
2024-04-24,P001,S001,155,31000,1,0
2024-04-24,P001,S002,185,37000,0,0
2024-04-24,P001,S003,169,33800,1,0
2024-04-24,P002,S001,188,47000,0,0
2024-04-24,P002,S002,207,51750,0,0
2024-04-24,P002,S003,181,45250,0,0
2024-04-24,P003,S001,110,16500,0,0
2024-04-24,P003,S002,141,21150,0,0
2024-04-24,P003,S003,125,18750,0,0
2024-04-24,P004,S001,197,59100,0,0
2024-04-24,P004,S002,293,87900,0,0
2024-04-24,P004,S003,210,63000,0,0
2024-04-24,P005,S001,165,29700,0,0
2024-04-24,P005,S002,199,35820,0,0
2024-04-24,P005,S003,154,27720,0,0
2024-04-25,P001,S001,127,25400,0,0
2024-04-25,P001,S002,146,29200,0,0
2024-04-25,P001,S003,125,25000,0,0
2024-04-25,P002,S001,223,55750,1,0
2024-04-25,P002,S002,273,68250,1,0
2024-04-25,P002,S003,160,40000,0,0
2024-04-25,P003,S001,113,16950,0,0
2024-04-25,P003,S002,148,22200,0,0
2024-04-25,P003,S003,106,15900,0,0
2024-04-25,P004,S001,224,67200,0,0
2024-04-25,P004,S002,250,75000,0,0
2024-04-25,P004,S003,184,55200,0,0
2024-04-25,P005,S001,148,26640,0,0
2024-04-25,P005,S002,164,29520,0,0
2024-04-25,P005,S003,155,27900,0,0
2024-04-26,P001,S001,140,28000,0,0
2024-04-26,P001,S002,156,31200,0,0
2024-04-26,P001,S003,112,22400,0,0
2024-04-26,P002,S001,153,38250,0,0
2024-04-26,P002,S002,190,47500,0,0
2024-04-26,P002,S003,201,50250,1,0
2024-04-26,P003,S001,121,18150,0,0
2024-04-26,P003,S002,135,20250,0,0
2024-04-26,P003,S003,99,14850,0,0
2024-04-26,P004,S001,185,55500,0,0
2024-04-26,P004,S002,235,70500,0,0
2024-04-26,P004,S003,191,57300,0,0
2024-04-26,P005,S001,166,29880,0,0
2024-04-26,P005,S002,159,28620,0,0
2024-04-26,P005,S003,137,24660,0,0
2024-04-27,P001,S001,145,29000,0,0
2024-04-27,P001,S002,175,35000,0,0
2024-04-27,P001,S003,201,40200,1,0
2024-04-27,P002,S001,184,46000,0,0
2024-04-27,P002,S002,251,62750,1,0
2024-04-27,P002,S003,264,66000,1,0
2024-04-27,P003,S001,139,20850,0,0
2024-04-27,P003,S002,159,23850,0,0
2024-04-27,P003,S003,111,16650,0,0
2024-04-27,P004,S001,279,83700,0,0
2024-04-27,P004,S002,244,73200,0,0
2024-04-27,P004,S003,234,70200,0,0
2024-04-27,P005,S001,190,34200,0,0
2024-04-27,P005,S002,222,39960,0,0
2024-04-27,P005,S003,176,31680,0,0
2024-04-28,P001,S001,156,31200,0,0
2024-04-28,P001,S002,188,37600,0,0
2024-04-28,P001,S003,144,28800,0,0
2024-04-28,P002,S001,183,45750,0,0
2024-04-28,P002,S002,268,67000,1,0
2024-04-28,P002,S003,237,59250,1,0
2024-04-28,P003,S001,118,17700,0,0
2024-04-28,P003,S002,195,29250,1,0
2024-04-28,P003,S003,128,19200,0,0
2024-04-28,P004,S001,289,86700,1,0
2024-04-28,P004,S002,296,88800,0,0
2024-04-28,P004,S003,238,71400,1,0
2024-04-28,P005,S001,157,28260,0,0
2024-04-28,P005,S002,230,41400,1,0
2024-04-28,P005,S003,191,34380,1,0
2024-04-29,P001,S001,168,33600,0,0
2024-04-29,P001,S002,168,33600,0,0
2024-04-29,P001,S003,126,25200,0,0
2024-04-29,P002,S001,238,59500,1,0
2024-04-29,P002,S002,187,46750,0,0
2024-04-29,P002,S003,173,43250,1,0
2024-04-29,P003,S001,140,21000,0,0
2024-04-29,P003,S002,130,19500,0,0
2024-04-29,P003,S003,122,18300,0,0
2024-04-29,P004,S001,289,86700,1,0
2024-04-29,P004,S002,270,81000,0,0
2024-04-29,P004,S003,257,77100,1,0
2024-04-29,P005,S001,185,33300,0,0
2024-04-29,P005,S002,237,42660,1,0
2024-04-29,P005,S003,118,21240,0,0
2024-04-30,P001,S001,149,29800,0,0
2024-04-30,P001,S002,169,33800,0,0
2024-04-30,P001,S003,125,25000,0,0
2024-04-30,P002,S001,177,44250,0,0
2024-04-30,P002,S002,248,62000,1,0
2024-04-30,P002,S003,160,40000,0,0
2024-04-30,P003,S001,160,24000,1,0
2024-04-30,P003,S002,136,20400,0,0
2024-04-30,P003,S003,133,19950,0,0
2024-04-30,P004,S001,206,61800,0,0
2024-04-30,P004,S002,242,72600,0,0
2024-04-30,P004,S003,193,57900,0,0
2024-04-30,P005,S001,147,26460,0,0
2024-04-30,P005,S002,214,38520,1,0
2024-04-30,P005,S003,162,29160,1,0
2024-05-01,P001,S001,147,29400,0,0
2024-05-01,P001,S002,153,30600,0,0
2024-05-01,P001,S003,115,23000,0,0
2024-05-01,P002,S001,168,42000,0,0
2024-05-01,P002,S002,198,49500,0,0
2024-05-01,P002,S003,183,45750,1,0
2024-05-01,P003,S001,169,25350,1,0
2024-05-01,P003,S002,138,20700,0,0
2024-05-01,P003,S003,94,14100,0,0
2024-05-01,P004,S001,218,65400,0,0
2024-05-01,P004,S002,244,73200,0,0
2024-05-01,P004,S003,195,58500,0,0
2024-05-01,P005,S001,158,28440,0,0
2024-05-01,P005,S002,192,34560,0,0
2024-05-01,P005,S003,133,23940,0,0
2024-05-02,P001,S001,138,27600,0,0
2024-05-02,P001,S002,180,36000,1,0
2024-05-02,P001,S003,152,30400,1,0
2024-05-02,P002,S001,162,40500,0,0
2024-05-02,P002,S002,183,45750,0,0
2024-05-02,P002,S003,178,44500,0,0
2024-05-02,P003,S001,115,17250,0,0
2024-05-02,P003,S002,166,24900,1,0
2024-05-02,P003,S003,99,14850,0,0
2024-05-02,P004,S001,242,72600,0,0
2024-05-02,P004,S002,234,70200,0,0
2024-05-02,P004,S003,253,75900,1,0
2024-05-02,P005,S001,156,28080,0,0
2024-05-02,P005,S002,208,37440,1,0
2024-05-02,P005,S003,139,25020,0,0
2024-05-03,P001,S001,138,27600,0,0
2024-05-03,P001,S002,159,31800,1,0
2024-05-03,P001,S003,148,29600,1,0
2024-05-03,P002,S001,177,44250,0,0
2024-05-03,P002,S002,170,42500,0,0
2024-05-03,P002,S003,148,37000,0,0
2024-05-03,P003,S001,123,18450,0,0
2024-05-03,P003,S002,170,25500,1,0
2024-05-03,P003,S003,124,18600,0,0
2024-05-03,P004,S001,225,67500,0,0
2024-05-03,P004,S002,257,77100,0,0
2024-05-03,P004,S003,231,69300,1,0
2024-05-03,P005,S001,165,29700,0,0
2024-05-03,P005,S002,175,31500,0,0
2024-05-03,P005,S003,136,24480,0,0
2024-05-04,P001,S001,184,36800,1,0
2024-05-04,P001,S002,192,38400,0,0
2024-05-04,P001,S003,138,27600,0,0
2024-05-04,P002,S001,237,59250,1,0
2024-05-04,P002,S002,210,52500,0,0
2024-05-04,P002,S003,198,49500,0,0
2024-05-04,P003,S001,124,18600,0,0
2024-05-04,P003,S002,146,21900,0,0
2024-05-04,P003,S003,123,18450,0,0
2024-05-04,P004,S001,254,76200,0,0
2024-05-04,P004,S002,265,79500,0,0
2024-05-04,P004,S003,219,65700,0,0
2024-05-04,P005,S001,155,27900,0,0
2024-05-04,P005,S002,233,41940,1,0
2024-05-04,P005,S003,158,28440,0,0
2024-05-05,P001,S001,171,34200,0,0
2024-05-05,P001,S002,190,38000,1,0
2024-05-05,P001,S003,127,25400,0,0
2024-05-05,P002,S001,167,41750,0,0
2024-05-05,P002,S002,148,37000,0,0
2024-05-05,P002,S003,156,39000,0,0
2024-05-05,P003,S001,136,20400,0,0
2024-05-05,P003,S002,179,26850,1,0
2024-05-05,P003,S003,105,15750,0,0
2024-05-05,P004,S001,251,75300,0,0
2024-05-05,P004,S002,265,79500,0,0
2024-05-05,P004,S003,221,66300,0,0
2024-05-05,P005,S001,203,36540,1,0
2024-05-05,P005,S002,232,41760,1,0
2024-05-05,P005,S003,151,27180,0,0
2024-05-06,P001,S001,133,26600,0,0
2024-05-06,P001,S002,210,42000,1,0
2024-05-06,P001,S003,107,21400,0,0
2024-05-06,P002,S001,174,43500,0,0
2024-05-06,P002,S002,225,56250,1,0
2024-05-06,P002,S003,138,34500,0,0
2024-05-06,P003,S001,117,17550,0,0
2024-05-06,P003,S002,134,20100,0,0
2024-05-06,P003,S003,98,14700,0,0
2024-05-06,P004,S001,244,73200,0,0
2024-05-06,P004,S002,262,78600,0,0
2024-05-06,P004,S003,195,58500,0,0
2024-05-06,P005,S001,159,28620,0,0
2024-05-06,P005,S002,170,30600,0,0
2024-05-06,P005,S003,163,29340,1,0
2024-05-07,P001,S001,170,34000,1,0
2024-05-07,P001,S002,163,32600,0,0
2024-05-07,P001,S003,135,27000,0,0
2024-05-07,P002,S001,181,45250,0,0
2024-05-07,P002,S002,212,53000,0,0
2024-05-07,P002,S003,153,38250,0,0
2024-05-07,P003,S001,116,17400,0,0
2024-05-07,P003,S002,160,24000,1,0
2024-05-07,P003,S003,100,15000,0,0
2024-05-07,P004,S001,179,53700,0,0
2024-05-07,P004,S002,201,60300,0,0
2024-05-07,P004,S003,170,51000,0,0
2024-05-07,P005,S001,166,29880,1,0
2024-05-07,P005,S002,163,29340,0,0
2024-05-07,P005,S003,136,24480,0,0
2024-05-08,P001,S001,152,30400,0,0
2024-05-08,P001,S002,141,28200,0,0
2024-05-08,P001,S003,121,24200,0,0
2024-05-08,P002,S001,181,45250,0,0
2024-05-08,P002,S002,211,52750,0,0
2024-05-08,P002,S003,161,40250,0,0
2024-05-08,P003,S001,115,17250,0,0
2024-05-08,P003,S002,139,20850,0,0
2024-05-08,P003,S003,93,13950,0,0
2024-05-08,P004,S001,217,65100,0,0
2024-05-08,P004,S002,255,76500,0,0
2024-05-08,P004,S003,196,58800,0,0
2024-05-08,P005,S001,177,31860,1,0
2024-05-08,P005,S002,170,30600,0,0
2024-05-08,P005,S003,122,21960,0,0
2024-05-09,P001,S001,138,27600,0,0
2024-05-09,P001,S002,163,32600,0,0
2024-05-09,P001,S003,155,31000,1,0
2024-05-09,P002,S001,176,44000,0,0
2024-05-09,P002,S002,152,38000,0,0
2024-05-09,P002,S003,147,36750,0,0
2024-05-09,P003,S001,144,21600,1,0
2024-05-09,P003,S002,144,21600,0,0
2024-05-09,P003,S003,99,14850,0,0
2024-05-09,P004,S001,282,84600,1,0
2024-05-09,P004,S002,236,70800,0,0
2024-05-09,P004,S003,223,66900,1,0
2024-05-09,P005,S001,139,25020,0,0
2024-05-09,P005,S002,166,29880,0,0
2024-05-09,P005,S003,118,21240,0,0
2024-05-10,P001,S001,135,27000,0,0
2024-05-10,P001,S002,218,43600,1,0
2024-05-10,P001,S003,126,25200,0,0
2024-05-10,P002,S001,154,38500,0,0
2024-05-10,P002,S002,198,49500,0,0
2024-05-10,P002,S003,192,48000,1,0
2024-05-10,P003,S001,114,17100,0,0
2024-05-10,P003,S002,120,18000,0,0
2024-05-10,P003,S003,103,15450,0,0
2024-05-10,P004,S001,254,76200,1,0
2024-05-10,P004,S002,305,91500,1,0
2024-05-10,P004,S003,202,60600,0,0
2024-05-10,P005,S001,156,28080,0,0
2024-05-10,P005,S002,183,32940,0,0
2024-05-10,P005,S003,126,22680,0,0
2024-05-11,P001,S001,160,32000,0,0
2024-05-11,P001,S002,227,45400,1,0
2024-05-11,P001,S003,123,24600,0,0
2024-05-11,P002,S001,242,60500,1,0
2024-05-11,P002,S002,239,59750,0,0
2024-05-11,P002,S003,180,45000,0,0
2024-05-11,P003,S001,147,22050,1,0
2024-05-11,P003,S002,155,23250,0,0
2024-05-11,P003,S003,120,18000,0,0
2024-05-11,P004,S001,267,80100,1,0
2024-05-11,P004,S002,316,94800,0,0
2024-05-11,P004,S003,181,54300,0,0
2024-05-11,P005,S001,170,30600,0,0
2024-05-11,P005,S002,160,28800,0,0
2024-05-11,P005,S003,152,27360,0,0
2024-05-12,P001,S001,149,29800,0,0
2024-05-12,P001,S002,226,45200,1,0
2024-05-12,P001,S003,163,32600,1,0
2024-05-12,P002,S001,200,50000,0,0
2024-05-12,P002,S002,216,54000,0,0
2024-05-12,P002,S003,214,53500,1,0
2024-05-12,P003,S001,140,21000,0,0
2024-05-12,P003,S002,149,22350,0,0
2024-05-12,P003,S003,109,16350,0,0
2024-05-12,P004,S001,223,66900,0,0
2024-05-12,P004,S002,224,67200,0,0
2024-05-12,P004,S003,264,79200,1,0
2024-05-12,P005,S001,191,34380,1,0
2024-05-12,P005,S002,193,34740,0,0
2024-05-12,P005,S003,124,22320,0,0
2024-05-13,P001,S001,138,27600,0,0
2024-05-13,P001,S002,210,42000,1,0
2024-05-13,P001,S003,128,25600,0,0
2024-05-13,P002,S001,210,52500,0,0
2024-05-13,P002,S002,192,48000,0,0
2024-05-13,P002,S003,159,39750,0,0
2024-05-13,P003,S001,116,17400,0,0
2024-05-13,P003,S002,142,21300,0,0
2024-05-13,P003,S003,104,15600,0,0
2024-05-13,P004,S001,200,60000,0,0
2024-05-13,P004,S002,242,72600,0,0
2024-05-13,P004,S003,192,57600,0,0
2024-05-13,P005,S001,159,28620,0,0
2024-05-13,P005,S002,177,31860,0,0
2024-05-13,P005,S003,183,32940,1,0
2024-05-14,P001,S001,196,39200,1,0
2024-05-14,P001,S002,154,30800,0,0
2024-05-14,P001,S003,134,26800,0,0
2024-05-14,P002,S001,183,45750,0,0
2024-05-14,P002,S002,170,42500,0,0
2024-05-14,P002,S003,173,43250,0,0
2024-05-14,P003,S001,131,19650,1,0
2024-05-14,P003,S002,125,18750,0,0
2024-05-14,P003,S003,128,19200,1,0
2024-05-14,P004,S001,219,65700,0,0
2024-05-14,P004,S002,251,75300,0,0
2024-05-14,P004,S003,189,56700,0,0
2024-05-14,P005,S001,151,27180,0,0
2024-05-14,P005,S002,208,37440,1,0
2024-05-14,P005,S003,136,24480,0,0
2024-05-15,P001,S001,143,28600,0,0
2024-05-15,P001,S002,172,34400,0,0
2024-05-15,P001,S003,133,26600,0,0
2024-05-15,P002,S001,223,55750,1,0
2024-05-15,P002,S002,208,52000,0,0
2024-05-15,P002,S003,165,41250,0,0
2024-05-15,P003,S001,118,17700,0,0
2024-05-15,P003,S002,141,21150,0,0
2024-05-15,P003,S003,107,16050,0,0
2024-05-15,P004,S001,178,53400,0,0
2024-05-15,P004,S002,215,64500,0,0
2024-05-15,P004,S003,227,68100,1,0
2024-05-15,P005,S001,137,24660,0,0
2024-05-15,P005,S002,176,31680,0,0
2024-05-15,P005,S003,142,25560,0,0
2024-05-16,P001,S001,146,29200,0,0
2024-05-16,P001,S002,161,32200,0,0
2024-05-16,P001,S003,131,26200,0,0
2024-05-16,P002,S001,224,56000,1,0
2024-05-16,P002,S002,260,65000,1,0
2024-05-16,P002,S003,169,42250,0,0
2024-05-16,P003,S001,119,17850,0,0
2024-05-16,P003,S002,126,18900,0,0
2024-05-16,P003,S003,93,13950,0,0
2024-05-16,P004,S001,209,62700,0,0
2024-05-16,P004,S002,239,71700,0,0
2024-05-16,P004,S003,242,72600,1,0
2024-05-16,P005,S001,144,25920,0,0
2024-05-16,P005,S002,179,32220,0,0
2024-05-16,P005,S003,116,20880,0,0
2024-05-17,P001,S001,139,27800,0,0
2024-05-17,P001,S002,192,38400,1,0
2024-05-17,P001,S003,144,28800,1,0
2024-05-17,P002,S001,151,37750,0,0
2024-05-17,P002,S002,190,47500,0,0
2024-05-17,P002,S003,177,44250,0,0
2024-05-17,P003,S001,132,19800,1,0
2024-05-17,P003,S002,156,23400,0,0
2024-05-17,P003,S003,100,15000,0,0
2024-05-17,P004,S001,223,66900,1,0
2024-05-17,P004,S002,229,68700,0,0
2024-05-17,P004,S003,179,53700,0,0
2024-05-17,P005,S001,136,24480,0,0
2024-05-17,P005,S002,171,30780,0,0
2024-05-17,P005,S003,125,22500,0,0
2024-05-18,P001,S001,184,36800,1,0
2024-05-18,P001,S002,167,33400,0,0
2024-05-18,P001,S003,155,31000,0,0
2024-05-18,P002,S001,218,54500,0,0
2024-05-18,P002,S002,270,67500,0,0
2024-05-18,P002,S003,179,44750,0,0
2024-05-18,P003,S001,134,20100,0,0
2024-05-18,P003,S002,149,22350,0,0
2024-05-18,P003,S003,110,16500,0,0
2024-05-18,P004,S001,235,70500,0,0
2024-05-18,P004,S002,284,85200,0,0
2024-05-18,P004,S003,219,65700,0,0
2024-05-18,P005,S001,166,29880,0,0
2024-05-18,P005,S002,232,41760,1,0
2024-05-18,P005,S003,163,29340,1,0
2024-05-19,P001,S001,155,31000,0,0
2024-05-19,P001,S002,164,32800,0,0
2024-05-19,P001,S003,146,29200,0,0
2024-05-19,P002,S001,202,50500,0,0
2024-05-19,P002,S002,244,61000,0,0
2024-05-19,P002,S003,198,49500,1,0
2024-05-19,P003,S001,108,16200,0,0
2024-05-19,P003,S002,151,22650,0,0
2024-05-19,P003,S003,120,18000,0,0
2024-05-19,P004,S001,286,85800,1,0
2024-05-19,P004,S002,232,69600,0,0
2024-05-19,P004,S003,237,71100,0,0
2024-05-19,P005,S001,176,31680,0,0
2024-05-19,P005,S002,202,36360,0,0
2024-05-19,P005,S003,190,34200,1,0
2024-05-20,P001,S001,136,27200,0,0
2024-05-20,P001,S002,135,27000,0,0
2024-05-20,P001,S003,130,26000,0,0
2024-05-20,P002,S001,175,43750,0,0
2024-05-20,P002,S002,218,54500,0,0
2024-05-20,P002,S003,162,40500,0,0
2024-05-20,P003,S001,92,13800,0,0
2024-05-20,P003,S002,127,19050,0,0
2024-05-20,P003,S003,93,13950,0,0
2024-05-20,P004,S001,198,59400,0,0
2024-05-20,P004,S002,260,78000,0,0
2024-05-20,P004,S003,199,59700,0,0
2024-05-20,P005,S001,139,25020,0,0
2024-05-20,P005,S002,165,29700,0,0
2024-05-20,P005,S003,172,30960,1,0
2024-05-21,P001,S001,149,29800,0,0
2024-05-21,P001,S002,196,39200,1,0
2024-05-21,P001,S003,121,24200,0,0
2024-05-21,P002,S001,195,48750,0,0
2024-05-21,P002,S002,210,52500,0,0
2024-05-21,P002,S003,136,34000,0,0
2024-05-21,P003,S001,175,26250,1,0
2024-05-21,P003,S002,155,23250,0,0
2024-05-21,P003,S003,111,16650,0,0
2024-05-21,P004,S001,212,63600,0,0
2024-05-21,P004,S002,239,71700,0,0
2024-05-21,P004,S003,216,64800,1,0
2024-05-21,P005,S001,161,28980,0,0
2024-05-21,P005,S002,163,29340,0,0
2024-05-21,P005,S003,123,22140,0,0
2024-05-22,P001,S001,172,34400,1,0
2024-05-22,P001,S002,149,29800,0,0
2024-05-22,P001,S003,119,23800,0,0
2024-05-22,P002,S001,187,46750,0,0
2024-05-22,P002,S002,210,52500,0,0
2024-05-22,P002,S003,147,36750,0,0
2024-05-22,P003,S001,134,20100,0,0
2024-05-22,P003,S002,136,20400,0,0
2024-05-22,P003,S003,101,15150,0,0
2024-05-22,P004,S001,200,60000,0,0
2024-05-22,P004,S002,226,67800,0,0
2024-05-22,P004,S003,197,59100,0,0
2024-05-22,P005,S001,143,25740,0,0
2024-05-22,P005,S002,173,31140,0,0
2024-05-22,P005,S003,135,24300,0,0
2024-05-23,P001,S001,158,31600,1,0
2024-05-23,P001,S002,152,30400,0,0
2024-05-23,P001,S003,113,22600,0,0
2024-05-23,P002,S001,223,55750,1,0
2024-05-23,P002,S002,208,52000,0,0
2024-05-23,P002,S003,156,39000,0,0
2024-05-23,P003,S001,108,16200,0,0
2024-05-23,P003,S002,141,21150,0,0
2024-05-23,P003,S003,109,16350,0,0
2024-05-23,P004,S001,230,69000,0,0
2024-05-23,P004,S002,305,91500,1,0
2024-05-23,P004,S003,210,63000,1,0
2024-05-23,P005,S001,174,31320,1,0
2024-05-23,P005,S002,230,41400,1,0
2024-05-23,P005,S003,124,22320,0,0
2024-05-24,P001,S001,172,34400,1,0
2024-05-24,P001,S002,169,33800,0,0
2024-05-24,P001,S003,132,26400,0,0
2024-05-24,P002,S001,160,40000,0,0
2024-05-24,P002,S002,199,49750,0,0
2024-05-24,P002,S003,144,36000,0,0
2024-05-24,P003,S001,112,16800,0,0
2024-05-24,P003,S002,134,20100,0,0
2024-05-24,P003,S003,111,16650,0,0
2024-05-24,P004,S001,220,66000,0,0
2024-05-24,P004,S002,243,72900,0,0
2024-05-24,P004,S003,187,56100,0,0
2024-05-24,P005,S001,153,27540,0,0
2024-05-24,P005,S002,178,32040,0,0
2024-05-24,P005,S003,160,28800,1,0
2024-05-25,P001,S001,122,24400,0,0
2024-05-25,P001,S002,169,33800,0,0
2024-05-25,P001,S003,138,27600,0,0
2024-05-25,P002,S001,202,50500,0,0
2024-05-25,P002,S002,255,63750,1,0
2024-05-25,P002,S003,164,41000,0,0
2024-05-25,P003,S001,107,16050,0,0
2024-05-25,P003,S002,148,22200,0,0
2024-05-25,P003,S003,139,20850,1,0
2024-05-25,P004,S001,207,62100,0,0
2024-05-25,P004,S002,278,83400,0,0
2024-05-25,P004,S003,207,62100,0,0
2024-05-25,P005,S001,152,27360,0,0
2024-05-25,P005,S002,185,33300,0,0
2024-05-25,P005,S003,148,26640,0,0
2024-05-26,P001,S001,144,28800,0,0
2024-05-26,P001,S002,193,38600,0,0
2024-05-26,P001,S003,131,26200,0,0
2024-05-26,P002,S001,167,41750,0,0
2024-05-26,P002,S002,200,50000,0,0
2024-05-26,P002,S003,176,44000,0,0
2024-05-26,P003,S001,134,20100,0,0
2024-05-26,P003,S002,150,22500,0,0
2024-05-26,P003,S003,120,18000,0,0
2024-05-26,P004,S001,266,79800,1,0
2024-05-26,P004,S002,225,67500,0,0
2024-05-26,P004,S003,193,57900,1,0
2024-05-26,P005,S001,193,34740,0,0
2024-05-26,P005,S002,196,35280,0,0
2024-05-26,P005,S003,147,26460,0,0
2024-05-27,P001,S001,140,28000,0,0
2024-05-27,P001,S002,185,37000,0,0
2024-05-27,P001,S003,118,23600,0,0
2024-05-27,P002,S001,171,42750,0,0
2024-05-27,P002,S002,212,53000,0,0
2024-05-27,P002,S003,157,39250,0,0
2024-05-27,P003,S001,101,15150,0,0
2024-05-27,P003,S002,181,27150,1,0
2024-05-27,P003,S003,118,17700,0,0
2024-05-27,P004,S001,259,77700,1,0
2024-05-27,P004,S002,339,101700,1,0
2024-05-27,P004,S003,190,57000,0,0
2024-05-27,P005,S001,154,27720,0,0
2024-05-27,P005,S002,171,30780,1,0
2024-05-27,P005,S003,135,24300,0,0
2024-05-28,P001,S001,141,28200,0,0
2024-05-28,P001,S002,210,42000,1,0
2024-05-28,P001,S003,125,25000,0,0
2024-05-28,P002,S001,170,42500,0,0
2024-05-28,P002,S002,186,46500,0,0
2024-05-28,P002,S003,176,44000,1,0
2024-05-28,P003,S001,104,15600,0,0
2024-05-28,P003,S002,134,20100,0,0
2024-05-28,P003,S003,107,16050,0,0
2024-05-28,P004,S001,212,63600,0,0
2024-05-28,P004,S002,231,69300,0,0
2024-05-28,P004,S003,190,57000,0,0
2024-05-28,P005,S001,184,33120,1,0
2024-05-28,P005,S002,208,37440,1,0
2024-05-28,P005,S003,137,24660,0,0
2024-05-29,P001,S001,139,27800,0,0
2024-05-29,P001,S002,182,36400,0,0
2024-05-29,P001,S003,116,23200,0,0
2024-05-29,P002,S001,190,47500,0,0
2024-05-29,P002,S002,167,41750,0,0
2024-05-29,P002,S003,167,41750,0,0
2024-05-29,P003,S001,110,16500,0,0
2024-05-29,P003,S002,141,21150,0,0
2024-05-29,P003,S003,116,17400,1,0
2024-05-29,P004,S001,218,65400,0,0
2024-05-29,P004,S002,272,81600,1,0
2024-05-29,P004,S003,204,61200,0,0
2024-05-29,P005,S001,146,26280,0,0
2024-05-29,P005,S002,173,31140,0,0
2024-05-29,P005,S003,108,19440,0,0
2024-05-30,P001,S001,130,26000,0,0
2024-05-30,P001,S002,176,35200,0,0
2024-05-30,P001,S003,118,23600,0,0
2024-05-30,P002,S001,158,39500,0,0
2024-05-30,P002,S002,170,42500,0,0
2024-05-30,P002,S003,196,49000,1,0
2024-05-30,P003,S001,140,21000,1,0
2024-05-30,P003,S002,156,23400,0,0
2024-05-30,P003,S003,100,15000,0,0
2024-05-30,P004,S001,215,64500,0,0
2024-05-30,P004,S002,250,75000,0,0
2024-05-30,P004,S003,178,53400,0,0
2024-05-30,P005,S001,176,31680,0,0
2024-05-30,P005,S002,172,30960,0,0
2024-05-30,P005,S003,146,26280,1,0
2024-05-31,P001,S001,115,23000,0,0
2024-05-31,P001,S002,164,32800,0,0
2024-05-31,P001,S003,139,27800,1,0
2024-05-31,P002,S001,230,57500,1,0
2024-05-31,P002,S002,206,51500,0,0
2024-05-31,P002,S003,165,41250,1,0
2024-05-31,P003,S001,113,16950,0,0
2024-05-31,P003,S002,162,24300,1,0
2024-05-31,P003,S003,104,15600,0,0
2024-05-31,P004,S001,223,66900,0,0
2024-05-31,P004,S002,288,86400,1,0
2024-05-31,P004,S003,171,51300,0,0
2024-05-31,P005,S001,147,26460,0,0
2024-05-31,P005,S002,174,31320,0,0
2024-05-31,P005,S003,137,24660,0,0
2024-06-01,P001,S001,131,26200,0,0
2024-06-01,P001,S002,166,33200,0,0
2024-06-01,P001,S003,121,24200,0,0
2024-06-01,P002,S001,188,47000,0,0
2024-06-01,P002,S002,221,55250,0,0
2024-06-01,P002,S003,166,41500,0,0
2024-06-01,P003,S001,151,22650,1,0
2024-06-01,P003,S002,142,21300,0,0
2024-06-01,P003,S003,104,15600,0,0
2024-06-01,P004,S001,197,59100,0,0
2024-06-01,P004,S002,301,90300,1,0
2024-06-01,P004,S003,197,59100,0,0
2024-06-01,P005,S001,159,28620,0,0
2024-06-01,P005,S002,171,30780,0,0
2024-06-01,P005,S003,185,33300,1,0
2024-06-02,P001,S001,149,29800,0,0
2024-06-02,P001,S002,169,33800,0,0
2024-06-02,P001,S003,114,22800,0,0
2024-06-02,P002,S001,160,40000,0,0
2024-06-02,P002,S002,218,54500,0,0
2024-06-02,P002,S003,163,40750,0,0
2024-06-02,P003,S001,123,18450,0,0
2024-06-02,P003,S002,173,25950,1,0
2024-06-02,P003,S003,108,16200,0,0
2024-06-02,P004,S001,194,58200,0,0
2024-06-02,P004,S002,222,66600,0,0
2024-06-02,P004,S003,198,59400,0,0
2024-06-02,P005,S001,177,31860,0,0
2024-06-02,P005,S002,167,30060,0,0
2024-06-02,P005,S003,130,23400,0,0
2024-06-03,P001,S001,112,22400,0,0
2024-06-03,P001,S002,144,28800,0,0
2024-06-03,P001,S003,126,25200,0,0
2024-06-03,P002,S001,185,46250,1,0
2024-06-03,P002,S002,180,45000,0,0
2024-06-03,P002,S003,153,38250,0,0
2024-06-03,P003,S001,93,13950,0,0
2024-06-03,P003,S002,136,20400,0,0
2024-06-03,P003,S003,90,13500,0,0
2024-06-03,P004,S001,201,60300,0,0
2024-06-03,P004,S002,246,73800,1,0
2024-06-03,P004,S003,158,47400,0,0
2024-06-03,P005,S001,144,25920,0,0
2024-06-03,P005,S002,154,27720,0,0
2024-06-03,P005,S003,168,30240,1,0
2024-06-04,P001,S001,124,24800,0,0
2024-06-04,P001,S002,159,31800,0,0
2024-06-04,P001,S003,149,29800,1,0
2024-06-04,P002,S001,168,42000,0,0
2024-06-04,P002,S002,182,45500,0,0
2024-06-04,P002,S003,147,36750,0,0
2024-06-04,P003,S001,103,15450,0,0
2024-06-04,P003,S002,121,18150,0,0
2024-06-04,P003,S003,101,15150,0,0
2024-06-04,P004,S001,189,56700,0,0
2024-06-04,P004,S002,231,69300,0,0
2024-06-04,P004,S003,178,53400,0,0
2024-06-04,P005,S001,122,21960,0,0
2024-06-04,P005,S002,208,37440,1,0
2024-06-04,P005,S003,134,24120,1,0
2024-06-05,P001,S001,127,25400,0,0
2024-06-05,P001,S002,156,31200,0,0
2024-06-05,P001,S003,113,22600,0,0
2024-06-05,P002,S001,171,42750,0,0
2024-06-05,P002,S002,164,41000,0,0
2024-06-05,P002,S003,157,39250,0,0
2024-06-05,P003,S001,111,16650,0,0
2024-06-05,P003,S002,158,23700,1,0
2024-06-05,P003,S003,88,13200,0,0
2024-06-05,P004,S001,180,54000,0,0
2024-06-05,P004,S002,236,70800,0,0
2024-06-05,P004,S003,158,47400,0,0
2024-06-05,P005,S001,148,26640,0,0
2024-06-05,P005,S002,128,23040,0,0
2024-06-05,P005,S003,116,20880,0,0
2024-06-06,P001,S001,144,28800,0,0
2024-06-06,P001,S002,145,29000,0,0
2024-06-06,P001,S003,138,27600,1,0
2024-06-06,P002,S001,140,35000,0,0
2024-06-06,P002,S002,193,48250,0,0
2024-06-06,P002,S003,184,46000,1,0
2024-06-06,P003,S001,100,15000,0,0
2024-06-06,P003,S002,148,22200,1,0
2024-06-06,P003,S003,91,13650,0,0
2024-06-06,P004,S001,220,66000,0,0
2024-06-06,P004,S002,257,77100,1,0
2024-06-06,P004,S003,163,48900,0,0
2024-06-06,P005,S001,170,30600,1,0
2024-06-06,P005,S002,137,24660,0,0
2024-06-06,P005,S003,136,24480,0,0
2024-06-07,P001,S001,120,24000,0,0
2024-06-07,P001,S002,148,29600,0,0
2024-06-07,P001,S003,100,20000,0,0
2024-06-07,P002,S001,161,40250,0,0
2024-06-07,P002,S002,207,51750,0,0
2024-06-07,P002,S003,123,30750,0,0
2024-06-07,P003,S001,111,16650,0,0
2024-06-07,P003,S002,141,21150,1,0
2024-06-07,P003,S003,107,16050,0,0
2024-06-07,P004,S001,214,64200,1,0
2024-06-07,P004,S002,230,69000,0,0
2024-06-07,P004,S003,175,52500,0,0
2024-06-07,P005,S001,152,27360,0,0
2024-06-07,P005,S002,172,30960,0,0
2024-06-07,P005,S003,124,22320,0,0
2024-06-08,P001,S001,141,28200,0,0
2024-06-08,P001,S002,173,34600,0,0
2024-06-08,P001,S003,115,23000,0,0
2024-06-08,P002,S001,176,44000,0,0
2024-06-08,P002,S002,196,49000,0,0
2024-06-08,P002,S003,173,43250,1,0
2024-06-08,P003,S001,120,18000,0,0
2024-06-08,P003,S002,144,21600,0,0
2024-06-08,P003,S003,102,15300,0,0
2024-06-08,P004,S001,222,66600,0,0
2024-06-08,P004,S002,254,76200,0,0
2024-06-08,P004,S003,201,60300,0,0
2024-06-08,P005,S001,162,29160,0,0
2024-06-08,P005,S002,194,34920,0,0
2024-06-08,P005,S003,171,30780,1,0
2024-06-09,P001,S001,152,30400,0,0
2024-06-09,P001,S002,139,27800,0,0
2024-06-09,P001,S003,142,28400,0,0
2024-06-09,P002,S001,153,38250,0,0
2024-06-09,P002,S002,234,58500,0,0
2024-06-09,P002,S003,181,45250,1,0
2024-06-09,P003,S001,119,17850,0,0
2024-06-09,P003,S002,153,22950,1,0
2024-06-09,P003,S003,140,21000,1,0
2024-06-09,P004,S001,213,63900,0,0
2024-06-09,P004,S002,242,72600,0,0
2024-06-09,P004,S003,200,60000,0,0
2024-06-09,P005,S001,159,28620,0,0
2024-06-09,P005,S002,169,30420,0,0
2024-06-09,P005,S003,141,25380,0,0
2024-06-10,P001,S001,131,26200,0,0
2024-06-10,P001,S002,132,26400,0,0
2024-06-10,P001,S003,115,23000,0,0
2024-06-10,P002,S001,180,45000,0,0
2024-06-10,P002,S002,195,48750,0,0
2024-06-10,P002,S003,137,34250,0,0
2024-06-10,P003,S001,112,16800,0,0
2024-06-10,P003,S002,132,19800,0,0
2024-06-10,P003,S003,110,16500,0,0
2024-06-10,P004,S001,200,60000,0,0
2024-06-10,P004,S002,288,86400,1,0
2024-06-10,P004,S003,228,68400,1,0
2024-06-10,P005,S001,132,23760,0,0
2024-06-10,P005,S002,130,23400,0,0
2024-06-10,P005,S003,141,25380,1,0
2024-06-11,P001,S001,140,28000,1,0
2024-06-11,P001,S002,155,31000,0,0
2024-06-11,P001,S003,128,25600,1,0
2024-06-11,P002,S001,182,45500,1,0
2024-06-11,P002,S002,235,58750,1,0
2024-06-11,P002,S003,142,35500,0,0
2024-06-11,P003,S001,114,17100,0,0
2024-06-11,P003,S002,133,19950,0,0
2024-06-11,P003,S003,107,16050,1,0
2024-06-11,P004,S001,192,57600,0,0
2024-06-11,P004,S002,289,86700,1,0
2024-06-11,P004,S003,211,63300,1,0
2024-06-11,P005,S001,161,28980,0,0
2024-06-11,P005,S002,171,30780,0,0
2024-06-11,P005,S003,144,25920,1,0
2024-06-12,P001,S001,140,28000,0,0
2024-06-12,P001,S002,160,32000,0,0
2024-06-12,P001,S003,115,23000,0,0
2024-06-12,P002,S001,175,43750,0,0
2024-06-12,P002,S002,239,59750,1,0
2024-06-12,P002,S003,151,37750,0,0
2024-06-12,P003,S001,112,16800,0,0
2024-06-12,P003,S002,129,19350,0,0
2024-06-12,P003,S003,103,15450,0,0
2024-06-12,P004,S001,199,59700,0,0
2024-06-12,P004,S002,209,62700,0,0
2024-06-12,P004,S003,208,62400,1,0
2024-06-12,P005,S001,158,28440,1,0
2024-06-12,P005,S002,170,30600,0,0
2024-06-12,P005,S003,130,23400,0,0
2024-06-13,P001,S001,141,28200,0,0
2024-06-13,P001,S002,135,27000,0,0
2024-06-13,P001,S003,128,25600,0,0
2024-06-13,P002,S001,134,33500,0,0
2024-06-13,P002,S002,172,43000,0,0
2024-06-13,P002,S003,134,33500,0,0
2024-06-13,P003,S001,110,16500,0,0
2024-06-13,P003,S002,119,17850,0,0
2024-06-13,P003,S003,117,17550,1,0
2024-06-13,P004,S001,178,53400,0,0
2024-06-13,P004,S002,228,68400,0,0
2024-06-13,P004,S003,163,48900,0,0
2024-06-13,P005,S001,143,25740,0,0
2024-06-13,P005,S002,162,29160,0,0
2024-06-13,P005,S003,114,20520,0,0
2024-06-14,P001,S001,112,22400,0,0
2024-06-14,P001,S002,151,30200,0,0
2024-06-14,P001,S003,119,23800,0,0
2024-06-14,P002,S001,201,50250,1,0
2024-06-14,P002,S002,195,48750,1,0
2024-06-14,P002,S003,161,40250,0,0
2024-06-14,P003,S001,108,16200,0,0
2024-06-14,P003,S002,126,18900,0,0
2024-06-14,P003,S003,82,12300,0,0
2024-06-14,P004,S001,171,51300,0,0
2024-06-14,P004,S002,233,69900,0,0
2024-06-14,P004,S003,216,64800,1,0
2024-06-14,P005,S001,137,24660,0,0
2024-06-14,P005,S002,171,30780,0,0
2024-06-14,P005,S003,123,22140,0,0
2024-06-15,P001,S001,141,28200,0,0
2024-06-15,P001,S002,178,35600,0,0
2024-06-15,P001,S003,113,22600,0,0
2024-06-15,P002,S001,176,44000,0,0
2024-06-15,P002,S002,220,55000,0,0
2024-06-15,P002,S003,182,45500,0,0
2024-06-15,P003,S001,114,17100,0,0
2024-06-15,P003,S002,144,21600,0,0
2024-06-15,P003,S003,116,17400,0,0
2024-06-15,P004,S001,270,81000,1,0
2024-06-15,P004,S002,267,80100,0,0
2024-06-15,P004,S003,206,61800,1,0
2024-06-15,P005,S001,158,28440,0,0
2024-06-15,P005,S002,174,31320,0,0
2024-06-15,P005,S003,144,25920,0,0
2024-06-16,P001,S001,152,30400,0,0
2024-06-16,P001,S002,159,31800,0,0
2024-06-16,P001,S003,121,24200,0,0
2024-06-16,P002,S001,165,41250,0,0
2024-06-16,P002,S002,194,48500,0,0
2024-06-16,P002,S003,200,50000,1,0
2024-06-16,P003,S001,108,16200,0,0
2024-06-16,P003,S002,144,21600,0,0
2024-06-16,P003,S003,120,18000,0,0
2024-06-16,P004,S001,264,79200,1,0
2024-06-16,P004,S002,265,79500,0,0
2024-06-16,P004,S003,190,57000,0,0
2024-06-16,P005,S001,196,35280,1,0
2024-06-16,P005,S002,152,27360,0,0
2024-06-16,P005,S003,131,23580,0,0
2024-06-17,P001,S001,139,27800,0,0
2024-06-17,P001,S002,170,34000,0,0
2024-06-17,P001,S003,123,24600,0,0
2024-06-17,P002,S001,150,37500,0,0
2024-06-17,P002,S002,208,52000,0,0
2024-06-17,P002,S003,171,42750,1,0
2024-06-17,P003,S001,110,16500,0,0
2024-06-17,P003,S002,131,19650,0,0
2024-06-17,P003,S003,102,15300,0,0
2024-06-17,P004,S001,218,65400,0,0
2024-06-17,P004,S002,234,70200,0,0
2024-06-17,P004,S003,161,48300,0,0
2024-06-17,P005,S001,152,27360,0,0
2024-06-17,P005,S002,172,30960,0,0
2024-06-17,P005,S003,109,19620,0,0
2024-06-18,P001,S001,127,25400,0,0
2024-06-18,P001,S002,143,28600,0,0
2024-06-18,P001,S003,107,21400,0,0
2024-06-18,P002,S001,164,41000,0,0
2024-06-18,P002,S002,189,47250,0,0
2024-06-18,P002,S003,140,35000,0,0
2024-06-18,P003,S001,140,21000,1,0
2024-06-18,P003,S002,117,17550,0,0
2024-06-18,P003,S003,93,13950,0,0
2024-06-18,P004,S001,229,68700,1,0
2024-06-18,P004,S002,235,70500,0,0
2024-06-18,P004,S003,191,57300,0,0
2024-06-18,P005,S001,129,23220,0,0
2024-06-18,P005,S002,167,30060,0,0
2024-06-18,P005,S003,133,23940,0,0
2024-06-19,P001,S001,141,28200,0,0
2024-06-19,P001,S002,145,29000,0,0
2024-06-19,P001,S003,116,23200,0,0
2024-06-19,P002,S001,188,47000,1,0
2024-06-19,P002,S002,183,45750,0,0
2024-06-19,P002,S003,167,41750,1,0
2024-06-19,P003,S001,130,19500,1,0
2024-06-19,P003,S002,124,18600,1,0
2024-06-19,P003,S003,91,13650,0,0
2024-06-19,P004,S001,224,67200,1,0
2024-06-19,P004,S002,272,81600,1,0
2024-06-19,P004,S003,185,55500,0,0
2024-06-19,P005,S001,155,27900,0,0
2024-06-19,P005,S002,159,28620,0,0
2024-06-19,P005,S003,137,24660,0,0
2024-06-20,P001,S001,128,25600,0,0
2024-06-20,P001,S002,170,34000,0,0
2024-06-20,P001,S003,116,23200,0,0
2024-06-20,P002,S001,177,44250,0,0
2024-06-20,P002,S002,215,53750,1,0
2024-06-20,P002,S003,139,34750,0,0
2024-06-20,P003,S001,121,18150,1,0
2024-06-20,P003,S002,116,17400,0,0
2024-06-20,P003,S003,106,15900,0,0
2024-06-20,P004,S001,205,61500,0,0
2024-06-20,P004,S002,188,56400,0,0
2024-06-20,P004,S003,190,57000,1,0
2024-06-20,P005,S001,162,29160,1,0
2024-06-20,P005,S002,145,26100,0,0
2024-06-20,P005,S003,140,25200,0,0
2024-06-21,P001,S001,154,30800,1,0
2024-06-21,P001,S002,154,30800,0,0
2024-06-21,P001,S003,147,29400,1,0
2024-06-21,P002,S001,180,45000,1,0
2024-06-21,P002,S002,207,51750,1,0
2024-06-21,P002,S003,161,40250,1,0
2024-06-21,P003,S001,111,16650,0,0
2024-06-21,P003,S002,110,16500,0,0
2024-06-21,P003,S003,108,16200,0,0
2024-06-21,P004,S001,177,53100,0,0
2024-06-21,P004,S002,242,72600,1,0
2024-06-21,P004,S003,188,56400,0,0
2024-06-21,P005,S001,187,33660,1,0
2024-06-21,P005,S002,184,33120,0,0
2024-06-21,P005,S003,136,24480,0,0
2024-06-22,P001,S001,117,23400,0,0
2024-06-22,P001,S002,207,41400,1,0
2024-06-22,P001,S003,121,24200,0,0
2024-06-22,P002,S001,223,55750,1,0
2024-06-22,P002,S002,189,47250,0,0
2024-06-22,P002,S003,159,39750,0,0
2024-06-22,P003,S001,129,19350,0,0
2024-06-22,P003,S002,132,19800,0,0
2024-06-22,P003,S003,131,19650,1,0
2024-06-22,P004,S001,215,64500,0,0
2024-06-22,P004,S002,237,71100,0,0
2024-06-22,P004,S003,208,62400,0,0
2024-06-22,P005,S001,154,27720,0,0
2024-06-22,P005,S002,215,38700,1,0
2024-06-22,P005,S003,140,25200,0,0
2024-06-23,P001,S001,148,29600,0,0
2024-06-23,P001,S002,150,30000,0,0
2024-06-23,P001,S003,136,27200,0,0
2024-06-23,P002,S001,158,39500,0,0
2024-06-23,P002,S002,181,45250,0,0
2024-06-23,P002,S003,205,51250,1,0
2024-06-23,P003,S001,127,19050,0,0
2024-06-23,P003,S002,126,18900,0,0
2024-06-23,P003,S003,151,22650,1,0
2024-06-23,P004,S001,228,68400,0,0
2024-06-23,P004,S002,227,68100,0,0
2024-06-23,P004,S003,172,51600,0,0
2024-06-23,P005,S001,151,27180,0,0
2024-06-23,P005,S002,205,36900,0,0
2024-06-23,P005,S003,147,26460,0,0
2024-06-24,P001,S001,149,29800,1,0
2024-06-24,P001,S002,142,28400,0,0
2024-06-24,P001,S003,107,21400,0,0
2024-06-24,P002,S001,195,48750,1,0
2024-06-24,P002,S002,182,45500,0,0
2024-06-24,P002,S003,162,40500,1,0
2024-06-24,P003,S001,106,15900,0,0
2024-06-24,P003,S002,116,17400,0,0
2024-06-24,P003,S003,96,14400,0,0
2024-06-24,P004,S001,213,63900,0,0
2024-06-24,P004,S002,304,91200,1,0
2024-06-24,P004,S003,202,60600,0,0
2024-06-24,P005,S001,119,21420,0,0
2024-06-24,P005,S002,215,38700,1,0
2024-06-24,P005,S003,155,27900,1,0
2024-06-25,P001,S001,147,29400,0,0
2024-06-25,P001,S002,161,32200,0,0
2024-06-25,P001,S003,110,22000,0,0
2024-06-25,P002,S001,195,48750,1,0
2024-06-25,P002,S002,169,42250,0,0
2024-06-25,P002,S003,150,37500,0,0
2024-06-25,P003,S001,101,15150,0,0
2024-06-25,P003,S002,141,21150,0,0
2024-06-25,P003,S003,105,15750,1,0
2024-06-25,P004,S001,181,54300,0,0
2024-06-25,P004,S002,225,67500,0,0
2024-06-25,P004,S003,188,56400,0,0
2024-06-25,P005,S001,167,30060,1,0
2024-06-25,P005,S002,216,38880,1,0
2024-06-25,P005,S003,118,21240,0,0
2024-06-26,P001,S001,124,24800,0,0
2024-06-26,P001,S002,147,29400,0,0
2024-06-26,P001,S003,116,23200,0,0
2024-06-26,P002,S001,198,49500,1,0
2024-06-26,P002,S002,188,47000,0,0
2024-06-26,P002,S003,130,32500,0,0
2024-06-26,P003,S001,106,15900,0,0
2024-06-26,P003,S002,109,16350,0,0
2024-06-26,P003,S003,88,13200,0,0
2024-06-26,P004,S001,234,70200,1,0
2024-06-26,P004,S002,239,71700,0,0
2024-06-26,P004,S003,222,66600,1,0
2024-06-26,P005,S001,123,22140,0,0
2024-06-26,P005,S002,176,31680,0,0
2024-06-26,P005,S003,138,24840,0,0
2024-06-27,P001,S001,128,25600,0,0
2024-06-27,P001,S002,179,35800,1,0
2024-06-27,P001,S003,128,25600,0,0
2024-06-27,P002,S001,184,46000,0,0
2024-06-27,P002,S002,239,59750,1,0
2024-06-27,P002,S003,163,40750,1,0
2024-06-27,P003,S001,111,16650,0,0
2024-06-27,P003,S002,128,19200,0,0
2024-06-27,P003,S003,122,18300,1,0
2024-06-27,P004,S001,176,52800,0,0
2024-06-27,P004,S002,224,67200,0,0
2024-06-27,P004,S003,165,49500,0,0
2024-06-27,P005,S001,146,26280,0,0
2024-06-27,P005,S002,147,26460,0,0
2024-06-27,P005,S003,125,22500,0,0
2024-06-28,P001,S001,123,24600,0,0
2024-06-28,P001,S002,184,36800,1,0
2024-06-28,P001,S003,147,29400,1,0
2024-06-28,P002,S001,151,37750,0,0
2024-06-28,P002,S002,180,45000,0,0
2024-06-28,P002,S003,142,35500,0,0
2024-06-28,P003,S001,114,17100,0,0
2024-06-28,P003,S002,159,23850,1,0
2024-06-28,P003,S003,90,13500,0,0
2024-06-28,P004,S001,176,52800,0,0
2024-06-28,P004,S002,199,59700,0,0
2024-06-28,P004,S003,191,57300,0,0
2024-06-28,P005,S001,180,32400,1,0
2024-06-28,P005,S002,162,29160,0,0
2024-06-28,P005,S003,141,25380,0,0
2024-06-29,P001,S001,137,27400,0,0
2024-06-29,P001,S002,161,32200,0,0
2024-06-29,P001,S003,136,27200,0,0
2024-06-29,P002,S001,164,41000,0,0
2024-06-29,P002,S002,239,59750,0,0
2024-06-29,P002,S003,185,46250,1,0
2024-06-29,P003,S001,122,18300,0,0
2024-06-29,P003,S002,170,25500,1,0
2024-06-29,P003,S003,109,16350,0,0
2024-06-29,P004,S001,197,59100,0,0
2024-06-29,P004,S002,267,80100,0,0
2024-06-29,P004,S003,213,63900,0,0
2024-06-29,P005,S001,185,33300,1,0
2024-06-29,P005,S002,213,38340,1,0
2024-06-29,P005,S003,155,27900,0,0
2024-06-30,P001,S001,149,29800,1,0
2024-06-30,P001,S002,163,32600,0,0
2024-06-30,P001,S003,117,23400,0,0
2024-06-30,P002,S001,196,49000,0,0
2024-06-30,P002,S002,260,65000,1,0
2024-06-30,P002,S003,169,42250,0,0
2024-06-30,P003,S001,149,22350,1,0
2024-06-30,P003,S002,183,27450,1,0
2024-06-30,P003,S003,106,15900,0,0
2024-06-30,P004,S001,225,67500,0,0
2024-06-30,P004,S002,291,87300,0,0
2024-06-30,P004,S003,246,73800,1,0
2024-06-30,P005,S001,184,33120,1,0
2024-06-30,P005,S002,218,39240,1,0
2024-06-30,P005,S003,135,24300,0,0
2024-07-01,P001,S001,125,25000,0,0
2024-07-01,P001,S002,168,33600,1,0
2024-07-01,P001,S003,133,26600,1,0
2024-07-01,P002,S001,160,40000,0,0
2024-07-01,P002,S002,193,48250,0,0
2024-07-01,P002,S003,139,34750,0,0
2024-07-01,P003,S001,96,14400,0,0
2024-07-01,P003,S002,122,18300,0,0
2024-07-01,P003,S003,75,11250,0,0
2024-07-01,P004,S001,138,41400,0,0
2024-07-01,P004,S002,228,68400,0,0
2024-07-01,P004,S003,176,52800,1,0
2024-07-01,P005,S001,121,21780,0,0
2024-07-01,P005,S002,144,25920,0,0
2024-07-01,P005,S003,126,22680,0,0
2024-07-02,P001,S001,105,21000,0,0
2024-07-02,P001,S002,151,30200,1,0
2024-07-02,P001,S003,143,28600,1,0
2024-07-02,P002,S001,148,37000,0,0
2024-07-02,P002,S002,212,53000,1,0
2024-07-02,P002,S003,155,38750,0,0
2024-07-02,P003,S001,99,14850,0,0
2024-07-02,P003,S002,113,16950,0,0
2024-07-02,P003,S003,111,16650,1,0
2024-07-02,P004,S001,233,69900,1,0
2024-07-02,P004,S002,205,61500,0,0
2024-07-02,P004,S003,175,52500,0,0
2024-07-02,P005,S001,157,28260,1,0
2024-07-02,P005,S002,120,21600,0,0
2024-07-02,P005,S003,107,19260,0,0
2024-07-03,P001,S001,139,27800,1,0
2024-07-03,P001,S002,118,23600,0,0
2024-07-03,P001,S003,112,22400,0,0
2024-07-03,P002,S001,170,42500,1,0
2024-07-03,P002,S002,163,40750,0,0
2024-07-03,P002,S003,131,32750,0,0
2024-07-03,P003,S001,88,13200,0,0
2024-07-03,P003,S002,144,21600,1,0
2024-07-03,P003,S003,99,14850,0,0
2024-07-03,P004,S001,185,55500,0,0
2024-07-03,P004,S002,271,81300,1,0
2024-07-03,P004,S003,139,41700,0,0
2024-07-03,P005,S001,137,24660,0,0
2024-07-03,P005,S002,157,28260,0,0
2024-07-03,P005,S003,147,26460,1,0
2024-07-04,P001,S001,125,25000,0,0
2024-07-04,P001,S002,142,28400,0,0
2024-07-04,P001,S003,125,25000,0,0
2024-07-04,P002,S001,160,40000,1,0
2024-07-04,P002,S002,197,49250,0,0
2024-07-04,P002,S003,172,43000,1,0
2024-07-04,P003,S001,120,18000,1,0
2024-07-04,P003,S002,143,21450,1,0
2024-07-04,P003,S003,79,11850,0,0
2024-07-04,P004,S001,208,62400,1,0
2024-07-04,P004,S002,258,77400,1,0
2024-07-04,P004,S003,213,63900,1,0
2024-07-04,P005,S001,130,23400,0,0
2024-07-04,P005,S002,140,25200,0,0
2024-07-04,P005,S003,114,20520,0,0
2024-07-05,P001,S001,116,23200,0,0
2024-07-05,P001,S002,160,32000,1,0
2024-07-05,P001,S003,112,22400,1,0
2024-07-05,P002,S001,168,42000,0,0
2024-07-05,P002,S002,222,55500,1,0
2024-07-05,P002,S003,173,43250,1,0
2024-07-05,P003,S001,103,15450,0,0
2024-07-05,P003,S002,116,17400,0,0
2024-07-05,P003,S003,117,17550,1,0
2024-07-05,P004,S001,188,56400,0,0
2024-07-05,P004,S002,205,61500,0,0
2024-07-05,P004,S003,225,67500,1,0
2024-07-05,P005,S001,167,30060,1,0
2024-07-05,P005,S002,181,32580,1,0
2024-07-05,P005,S003,117,21060,0,0
2024-07-06,P001,S001,131,26200,1,0
2024-07-06,P001,S002,169,33800,1,0
2024-07-06,P001,S003,103,20600,0,0
2024-07-06,P002,S001,158,39500,0,0
2024-07-06,P002,S002,197,49250,0,0
2024-07-06,P002,S003,141,35250,0,0
2024-07-06,P003,S001,107,16050,0,0
2024-07-06,P003,S002,126,18900,0,0
2024-07-06,P003,S003,113,16950,0,0
2024-07-06,P004,S001,179,53700,0,0
2024-07-06,P004,S002,254,76200,1,0
2024-07-06,P004,S003,197,59100,0,0
2024-07-06,P005,S001,168,30240,1,0
2024-07-06,P005,S002,157,28260,0,0
2024-07-06,P005,S003,110,19800,0,0
2024-07-07,P001,S001,136,27200,0,0
2024-07-07,P001,S002,140,28000,0,0
2024-07-07,P001,S003,121,24200,0,0
2024-07-07,P002,S001,176,44000,0,0
2024-07-07,P002,S002,190,47500,0,0
2024-07-07,P002,S003,164,41000,0,0
2024-07-07,P003,S001,130,19500,1,0
2024-07-07,P003,S002,124,18600,0,0
2024-07-07,P003,S003,86,12900,0,0
2024-07-07,P004,S001,264,79200,1,0
2024-07-07,P004,S002,247,74100,0,0
2024-07-07,P004,S003,178,53400,0,0
2024-07-07,P005,S001,191,34380,1,0
2024-07-07,P005,S002,167,30060,0,0
2024-07-07,P005,S003,124,22320,0,0
2024-07-08,P001,S001,133,26600,0,0
2024-07-08,P001,S002,129,25800,0,0
2024-07-08,P001,S003,97,19400,0,0
2024-07-08,P002,S001,206,51500,1,0
2024-07-08,P002,S002,160,40000,0,0
2024-07-08,P002,S003,172,43000,1,0
2024-07-08,P003,S001,115,17250,0,0
2024-07-08,P003,S002,110,16500,0,0
2024-07-08,P003,S003,89,13350,0,0
2024-07-08,P004,S001,228,68400,1,0
2024-07-08,P004,S002,218,65400,0,0
2024-07-08,P004,S003,184,55200,0,0
2024-07-08,P005,S001,143,25740,1,0
2024-07-08,P005,S002,192,34560,1,0
2024-07-08,P005,S003,113,20340,0,0
2024-07-09,P001,S001,158,31600,1,0
2024-07-09,P001,S002,143,28600,0,0
2024-07-09,P001,S003,100,20000,0,0
2024-07-09,P002,S001,153,38250,0,0
2024-07-09,P002,S002,153,38250,0,0
2024-07-09,P002,S003,144,36000,0,0
2024-07-09,P003,S001,91,13650,0,0
2024-07-09,P003,S002,118,17700,0,0
2024-07-09,P003,S003,96,14400,0,0
2024-07-09,P004,S001,178,53400,0,0
2024-07-09,P004,S002,209,62700,0,0
2024-07-09,P004,S003,174,52200,0,0
2024-07-09,P005,S001,134,24120,0,0
2024-07-09,P005,S002,147,26460,0,0
2024-07-09,P005,S003,110,19800,0,0
2024-07-10,P001,S001,158,31600,1,0
2024-07-10,P001,S002,139,27800,0,0
2024-07-10,P001,S003,102,20400,0,0
2024-07-10,P002,S001,160,40000,1,0
2024-07-10,P002,S002,174,43500,0,0
2024-07-10,P002,S003,133,33250,0,0
2024-07-10,P003,S001,94,14100,0,0
2024-07-10,P003,S002,119,17850,0,0
2024-07-10,P003,S003,101,15150,1,0
2024-07-10,P004,S001,201,60300,0,0
2024-07-10,P004,S002,200,60000,0,0
2024-07-10,P004,S003,143,42900,0,0
2024-07-10,P005,S001,132,23760,0,0
2024-07-10,P005,S002,193,34740,1,0
2024-07-10,P005,S003,107,19260,0,0
2024-07-11,P001,S001,126,25200,0,0
2024-07-11,P001,S002,147,29400,0,0
2024-07-11,P001,S003,109,21800,0,0
2024-07-11,P002,S001,170,42500,0,0
2024-07-11,P002,S002,162,40500,0,0
2024-07-11,P002,S003,149,37250,1,0
2024-07-11,P003,S001,96,14400,0,0
2024-07-11,P003,S002,112,16800,0,0
2024-07-11,P003,S003,87,13050,0,0
2024-07-11,P004,S001,168,50400,0,0
2024-07-11,P004,S002,200,60000,0,0
2024-07-11,P004,S003,194,58200,1,0
2024-07-11,P005,S001,165,29700,1,0
2024-07-11,P005,S002,152,27360,0,0
2024-07-11,P005,S003,149,26820,1,0
2024-07-12,P001,S001,137,27400,1,0
2024-07-12,P001,S002,138,27600,0,0
2024-07-12,P001,S003,105,21000,0,0
2024-07-12,P002,S001,135,33750,0,0
2024-07-12,P002,S002,146,36500,0,0
2024-07-12,P002,S003,128,32000,0,0
2024-07-12,P003,S001,105,15750,0,0
2024-07-12,P003,S002,117,17550,0,0
2024-07-12,P003,S003,90,13500,0,0
2024-07-12,P004,S001,237,71100,1,0
2024-07-12,P004,S002,194,58200,0,0
2024-07-12,P004,S003,199,59700,1,0
2024-07-12,P005,S001,152,27360,1,0
2024-07-12,P005,S002,154,27720,0,0
2024-07-12,P005,S003,125,22500,0,0
2024-07-13,P001,S001,119,23800,0,0
2024-07-13,P001,S002,159,31800,0,0
2024-07-13,P001,S003,121,24200,0,0
2024-07-13,P002,S001,158,39500,0,0
2024-07-13,P002,S002,159,39750,0,0
2024-07-13,P002,S003,149,37250,0,0
2024-07-13,P003,S001,131,19650,0,0
2024-07-13,P003,S002,111,16650,0,0
2024-07-13,P003,S003,89,13350,0,0
2024-07-13,P004,S001,202,60600,0,0
2024-07-13,P004,S002,246,73800,1,0
2024-07-13,P004,S003,189,56700,0,0
2024-07-13,P005,S001,145,26100,0,0
2024-07-13,P005,S002,182,32760,1,0
2024-07-13,P005,S003,121,21780,0,0
2024-07-14,P001,S001,117,23400,0,0
2024-07-14,P001,S002,164,32800,0,0
2024-07-14,P001,S003,128,25600,0,0
2024-07-14,P002,S001,181,45250,0,0
2024-07-14,P002,S002,181,45250,0,0
2024-07-14,P002,S003,166,41500,1,0
2024-07-14,P003,S001,111,16650,0,0
2024-07-14,P003,S002,135,20250,0,0
2024-07-14,P003,S003,92,13800,0,0
2024-07-14,P004,S001,182,54600,0,0
2024-07-14,P004,S002,241,72300,0,0
2024-07-14,P004,S003,161,48300,0,0
2024-07-14,P005,S001,146,26280,0,0
2024-07-14,P005,S002,193,34740,1,0
2024-07-14,P005,S003,122,21960,0,0
2024-07-15,P001,S001,142,28400,1,0
2024-07-15,P001,S002,136,27200,0,0
2024-07-15,P001,S003,111,22200,0,0
2024-07-15,P002,S001,155,38750,0,0
2024-07-15,P002,S002,141,35250,0,0
2024-07-15,P002,S003,149,37250,0,0
2024-07-15,P003,S001,102,15300,0,0
2024-07-15,P003,S002,145,21750,1,0
2024-07-15,P003,S003,94,14100,0,0
2024-07-15,P004,S001,198,59400,0,0
2024-07-15,P004,S002,269,80700,1,0
2024-07-15,P004,S003,174,52200,0,0
2024-07-15,P005,S001,142,25560,1,0
2024-07-15,P005,S002,156,28080,0,0
2024-07-15,P005,S003,99,17820,0,0
2024-07-16,P001,S001,129,25800,0,0
2024-07-16,P001,S002,134,26800,0,0
2024-07-16,P001,S003,108,21600,0,0
2024-07-16,P002,S001,184,46000,1,0
2024-07-16,P002,S002,183,45750,0,0
2024-07-16,P002,S003,149,37250,0,0
2024-07-16,P003,S001,111,16650,0,0
2024-07-16,P003,S002,102,15300,0,0
2024-07-16,P003,S003,90,13500,0,0
2024-07-16,P004,S001,162,48600,0,0
2024-07-16,P004,S002,194,58200,0,0
2024-07-16,P004,S003,180,54000,0,0
2024-07-16,P005,S001,148,26640,0,0
2024-07-16,P005,S002,156,28080,0,0
2024-07-16,P005,S003,119,21420,0,0
2024-07-17,P001,S001,125,25000,0,0
2024-07-17,P001,S002,152,30400,0,0
2024-07-17,P001,S003,112,22400,0,0
2024-07-17,P002,S001,136,34000,0,0
2024-07-17,P002,S002,171,42750,0,0
2024-07-17,P002,S003,159,39750,1,0
2024-07-17,P003,S001,111,16650,1,0
2024-07-17,P003,S002,122,18300,0,0
2024-07-17,P003,S003,119,17850,1,0
2024-07-17,P004,S001,173,51900,0,0
2024-07-17,P004,S002,184,55200,0,0
2024-07-17,P004,S003,186,55800,1,0
2024-07-17,P005,S001,131,23580,0,0
2024-07-17,P005,S002,151,27180,0,0
2024-07-17,P005,S003,121,21780,0,0
2024-07-18,P001,S001,127,25400,0,0
2024-07-18,P001,S002,153,30600,0,0
2024-07-18,P001,S003,140,28000,1,0
2024-07-18,P002,S001,193,48250,1,0
2024-07-18,P002,S002,208,52000,1,0
2024-07-18,P002,S003,122,30500,0,0
2024-07-18,P003,S001,104,15600,0,0
2024-07-18,P003,S002,121,18150,0,0
2024-07-18,P003,S003,116,17400,1,0
2024-07-18,P004,S001,168,50400,0,0
2024-07-18,P004,S002,228,68400,0,0
2024-07-18,P004,S003,167,50100,0,0
2024-07-18,P005,S001,119,21420,0,0
2024-07-18,P005,S002,158,28440,1,0
2024-07-18,P005,S003,117,21060,0,0
2024-07-19,P001,S001,146,29200,1,0
2024-07-19,P001,S002,130,26000,0,0
2024-07-19,P001,S003,109,21800,0,0
2024-07-19,P002,S001,154,38500,0,0
2024-07-19,P002,S002,225,56250,1,0
2024-07-19,P002,S003,136,34000,0,0
2024-07-19,P003,S001,104,15600,0,0
2024-07-19,P003,S002,127,19050,0,0
2024-07-19,P003,S003,90,13500,0,0
2024-07-19,P004,S001,206,61800,1,0
2024-07-19,P004,S002,217,65100,0,0
2024-07-19,P004,S003,185,55500,0,0
2024-07-19,P005,S001,167,30060,1,0
2024-07-19,P005,S002,164,29520,0,0
2024-07-19,P005,S003,137,24660,1,0
2024-07-20,P001,S001,129,25800,0,0
2024-07-20,P001,S002,161,32200,0,0
2024-07-20,P001,S003,124,24800,0,0
2024-07-20,P002,S001,175,43750,0,0
2024-07-20,P002,S002,197,49250,0,0
2024-07-20,P002,S003,148,37000,0,0
2024-07-20,P003,S001,131,19650,1,0
2024-07-20,P003,S002,127,19050,0,0
2024-07-20,P003,S003,107,16050,0,0
2024-07-20,P004,S001,215,64500,0,0
2024-07-20,P004,S002,238,71400,1,0
2024-07-20,P004,S003,188,56400,0,0
2024-07-20,P005,S001,156,28080,0,0
2024-07-20,P005,S002,200,36000,1,0
2024-07-20,P005,S003,102,18360,0,0
2024-07-21,P001,S001,135,27000,0,0
2024-07-21,P001,S002,177,35400,1,0
2024-07-21,P001,S003,122,24400,0,0
2024-07-21,P002,S001,220,55000,1,0
2024-07-21,P002,S002,237,59250,1,0
2024-07-21,P002,S003,166,41500,0,0
2024-07-21,P003,S001,103,15450,0,0
2024-07-21,P003,S002,137,20550,0,0
2024-07-21,P003,S003,105,15750,0,0
2024-07-21,P004,S001,200,60000,0,0
2024-07-21,P004,S002,194,58200,0,0
2024-07-21,P004,S003,179,53700,0,0
2024-07-21,P005,S001,136,24480,0,0
2024-07-21,P005,S002,143,25740,0,0
2024-07-21,P005,S003,148,26640,1,0
2024-07-22,P001,S001,125,25000,0,0
2024-07-22,P001,S002,141,28200,0,0
2024-07-22,P001,S003,130,26000,1,0
2024-07-22,P002,S001,138,34500,0,0
2024-07-22,P002,S002,145,36250,0,0
2024-07-22,P002,S003,126,31500,0,0
2024-07-22,P003,S001,118,17700,1,0
2024-07-22,P003,S002,110,16500,0,0
2024-07-22,P003,S003,88,13200,0,0
2024-07-22,P004,S001,202,60600,0,0
2024-07-22,P004,S002,208,62400,0,0
2024-07-22,P004,S003,176,52800,0,0
2024-07-22,P005,S001,123,22140,0,0
2024-07-22,P005,S002,141,25380,0,0
2024-07-22,P005,S003,125,22500,1,0
2024-07-23,P001,S001,121,24200,0,0
2024-07-23,P001,S002,128,25600,0,0
2024-07-23,P001,S003,126,25200,0,0
2024-07-23,P002,S001,148,37000,0,0
2024-07-23,P002,S002,172,43000,0,0
2024-07-23,P002,S003,133,33250,0,0
2024-07-23,P003,S001,114,17100,1,0
2024-07-23,P003,S002,125,18750,0,0
2024-07-23,P003,S003,93,13950,0,0
2024-07-23,P004,S001,190,57000,1,0
2024-07-23,P004,S002,181,54300,0,0
2024-07-23,P004,S003,146,43800,0,0
2024-07-23,P005,S001,119,21420,0,0
2024-07-23,P005,S002,146,26280,0,0
2024-07-23,P005,S003,126,22680,0,0
2024-07-24,P001,S001,121,24200,0,0
2024-07-24,P001,S002,124,24800,0,0
2024-07-24,P001,S003,121,24200,1,0
2024-07-24,P002,S001,131,32750,0,0
2024-07-24,P002,S002,205,51250,1,0
2024-07-24,P002,S003,144,36000,0,0
2024-07-24,P003,S001,116,17400,0,0
2024-07-24,P003,S002,106,15900,0,0
2024-07-24,P003,S003,93,13950,0,0
2024-07-24,P004,S001,206,61800,0,0
2024-07-24,P004,S002,283,84900,1,0
2024-07-24,P004,S003,174,52200,0,0
2024-07-24,P005,S001,166,29880,1,0
2024-07-24,P005,S002,154,27720,0,0
2024-07-24,P005,S003,130,23400,0,0
2024-07-25,P001,S001,113,22600,0,0
2024-07-25,P001,S002,143,28600,0,0
2024-07-25,P001,S003,107,21400,0,0
2024-07-25,P002,S001,172,43000,1,0
2024-07-25,P002,S002,189,47250,1,0
2024-07-25,P002,S003,104,26000,0,0
2024-07-25,P003,S001,140,21000,1,0
2024-07-25,P003,S002,107,16050,0,0
2024-07-25,P003,S003,92,13800,0,0
2024-07-25,P004,S001,225,67500,1,0
2024-07-25,P004,S002,187,56100,0,0
2024-07-25,P004,S003,204,61200,1,0
2024-07-25,P005,S001,146,26280,0,0
2024-07-25,P005,S002,191,34380,1,0
2024-07-25,P005,S003,117,21060,0,0
2024-07-26,P001,S001,121,24200,0,0
2024-07-26,P001,S002,137,27400,0,0
2024-07-26,P001,S003,104,20800,0,0
2024-07-26,P002,S001,166,41500,1,0
2024-07-26,P002,S002,168,42000,0,0
2024-07-26,P002,S003,138,34500,0,0
2024-07-26,P003,S001,113,16950,0,0
2024-07-26,P003,S002,113,16950,0,0
2024-07-26,P003,S003,89,13350,0,0
2024-07-26,P004,S001,172,51600,0,0
2024-07-26,P004,S002,235,70500,0,0
2024-07-26,P004,S003,162,48600,0,0
2024-07-26,P005,S001,138,24840,0,0
2024-07-26,P005,S002,188,33840,1,0
2024-07-26,P005,S003,125,22500,0,0
2024-07-27,P001,S001,141,28200,0,0
2024-07-27,P001,S002,150,30000,0,0
2024-07-27,P001,S003,115,23000,0,0
2024-07-27,P002,S001,225,56250,1,0
2024-07-27,P002,S002,183,45750,0,0
2024-07-27,P002,S003,150,37500,0,0
2024-07-27,P003,S001,104,15600,0,0
2024-07-27,P003,S002,162,24300,1,0
2024-07-27,P003,S003,97,14550,0,0
2024-07-27,P004,S001,190,57000,0,0
2024-07-27,P004,S002,231,69300,0,0
2024-07-27,P004,S003,198,59400,0,0
2024-07-27,P005,S001,135,24300,0,0
2024-07-27,P005,S002,177,31860,0,0
2024-07-27,P005,S003,147,26460,1,0
2024-07-28,P001,S001,136,27200,1,0
2024-07-28,P001,S002,186,37200,1,0
2024-07-28,P001,S003,111,22200,0,0
2024-07-28,P002,S001,158,39500,0,0
2024-07-28,P002,S002,175,43750,0,0
2024-07-28,P002,S003,171,42750,0,0
2024-07-28,P003,S001,105,15750,1,0
2024-07-28,P003,S002,129,19350,0,0
2024-07-28,P003,S003,97,14550,0,0
2024-07-28,P004,S001,183,54900,0,0
2024-07-28,P004,S002,230,69000,0,0
2024-07-28,P004,S003,193,57900,0,0
2024-07-28,P005,S001,147,26460,0,0
2024-07-28,P005,S002,181,32580,0,0
2024-07-28,P005,S003,149,26820,0,0
2024-07-29,P001,S001,119,23800,0,0
2024-07-29,P001,S002,133,26600,0,0
2024-07-29,P001,S003,150,30000,1,0
2024-07-29,P002,S001,188,47000,1,0
2024-07-29,P002,S002,173,43250,0,0
2024-07-29,P002,S003,151,37750,0,0
2024-07-29,P003,S001,87,13050,0,0
2024-07-29,P003,S002,115,17250,0,0
2024-07-29,P003,S003,108,16200,1,0
2024-07-29,P004,S001,238,71400,1,0
2024-07-29,P004,S002,229,68700,0,0
2024-07-29,P004,S003,186,55800,0,0
2024-07-29,P005,S001,124,22320,0,0
2024-07-29,P005,S002,159,28620,0,0
2024-07-29,P005,S003,125,22500,1,0
2024-07-30,P001,S001,91,18200,0,0
2024-07-30,P001,S002,141,28200,0,0
2024-07-30,P001,S003,124,24800,1,0
2024-07-30,P002,S001,149,37250,0,0
2024-07-30,P002,S002,196,49000,0,0
2024-07-30,P002,S003,128,32000,0,0
2024-07-30,P003,S001,92,13800,0,0
2024-07-30,P003,S002,123,18450,0,0
2024-07-30,P003,S003,76,11400,0,0
2024-07-30,P004,S001,175,52500,0,0
2024-07-30,P004,S002,211,63300,1,0
2024-07-30,P004,S003,146,43800,0,0
2024-07-30,P005,S001,110,19800,0,0
2024-07-30,P005,S002,157,28260,0,0
2024-07-30,P005,S003,119,21420,0,0
2024-07-31,P001,S001,107,21400,0,0
2024-07-31,P001,S002,120,24000,0,0
2024-07-31,P001,S003,105,21000,0,0
2024-07-31,P002,S001,151,37750,0,0
2024-07-31,P002,S002,203,50750,0,0
2024-07-31,P002,S003,114,28500,0,0
2024-07-31,P003,S001,91,13650,0,0
2024-07-31,P003,S002,126,18900,0,0
2024-07-31,P003,S003,98,14700,0,0
2024-07-31,P004,S001,190,57000,0,0
2024-07-31,P004,S002,171,51300,0,0
2024-07-31,P004,S003,205,61500,1,0
2024-07-31,P005,S001,134,24120,0,0
2024-07-31,P005,S002,185,33300,1,0
2024-07-31,P005,S003,119,21420,0,0
2024-08-01,P001,S001,116,23200,0,0
2024-08-01,P001,S002,131,26200,0,0
2024-08-01,P001,S003,120,24000,0,0
2024-08-01,P002,S001,145,36250,0,0
2024-08-01,P002,S002,150,37500,0,0
2024-08-01,P002,S003,115,28750,0,0
2024-08-01,P003,S001,96,14400,0,0
2024-08-01,P003,S002,106,15900,0,0
2024-08-01,P003,S003,82,12300,1,0
2024-08-01,P004,S001,176,52800,0,0
2024-08-01,P004,S002,184,55200,0,0
2024-08-01,P004,S003,156,46800,0,0
2024-08-01,P005,S001,123,22140,0,0
2024-08-01,P005,S002,137,24660,0,0
2024-08-01,P005,S003,103,18540,0,0
2024-08-02,P001,S001,116,23200,0,0
2024-08-02,P001,S002,132,26400,0,0
2024-08-02,P001,S003,117,23400,1,0
2024-08-02,P002,S001,146,36500,0,0
2024-08-02,P002,S002,159,39750,0,0
2024-08-02,P002,S003,153,38250,1,0
2024-08-02,P003,S001,89,13350,0,0
2024-08-02,P003,S002,114,17100,0,0
2024-08-02,P003,S003,94,14100,0,0
2024-08-02,P004,S001,151,45300,0,0
2024-08-02,P004,S002,234,70200,1,0
2024-08-02,P004,S003,189,56700,1,0
2024-08-02,P005,S001,105,18900,0,0
2024-08-02,P005,S002,167,30060,1,0
2024-08-02,P005,S003,139,25020,1,0
2024-08-03,P001,S001,131,26200,0,0
2024-08-03,P001,S002,142,28400,0,0
2024-08-03,P001,S003,102,20400,0,0
2024-08-03,P002,S001,167,41750,0,0
2024-08-03,P002,S002,232,58000,1,0
2024-08-03,P002,S003,146,36500,0,0
2024-08-03,P003,S001,104,15600,0,0
2024-08-03,P003,S002,108,16200,0,0
2024-08-03,P003,S003,105,15750,0,0
2024-08-03,P004,S001,231,69300,1,0
2024-08-03,P004,S002,200,60000,0,0
2024-08-03,P004,S003,147,44100,0,0
2024-08-03,P005,S001,116,20880,0,0
2024-08-03,P005,S002,190,34200,1,0
2024-08-03,P005,S003,131,23580,0,0
2024-08-04,P001,S001,161,32200,1,0
2024-08-04,P001,S002,134,26800,0,0
2024-08-04,P001,S003,125,25000,0,0
2024-08-04,P002,S001,175,43750,0,0
2024-08-04,P002,S002,192,48000,0,0
2024-08-04,P002,S003,122,30500,0,0
2024-08-04,P003,S001,100,15000,0,0
2024-08-04,P003,S002,119,17850,0,0
2024-08-04,P003,S003,76,11400,0,0
2024-08-04,P004,S001,239,71700,1,0
2024-08-04,P004,S002,231,69300,0,0
2024-08-04,P004,S003,174,52200,0,0
2024-08-04,P005,S001,136,24480,0,0
2024-08-04,P005,S002,153,27540,0,0
2024-08-04,P005,S003,124,22320,0,0
2024-08-05,P001,S001,106,21200,0,0
2024-08-05,P001,S002,140,28000,0,0
2024-08-05,P001,S003,112,22400,1,0
2024-08-05,P002,S001,134,33500,0,0
2024-08-05,P002,S002,139,34750,0,0
2024-08-05,P002,S003,121,30250,0,0
2024-08-05,P003,S001,115,17250,1,0
2024-08-05,P003,S002,122,18300,0,0
2024-08-05,P003,S003,80,12000,0,0
2024-08-05,P004,S001,201,60300,1,0
2024-08-05,P004,S002,202,60600,0,0
2024-08-05,P004,S003,179,53700,1,0
2024-08-05,P005,S001,133,23940,0,0
2024-08-05,P005,S002,121,21780,0,0
2024-08-05,P005,S003,116,20880,0,0
2024-08-06,P001,S001,115,23000,0,0
2024-08-06,P001,S002,147,29400,1,0
2024-08-06,P001,S003,109,21800,0,0
2024-08-06,P002,S001,182,45500,1,0
2024-08-06,P002,S002,181,45250,1,0
2024-08-06,P002,S003,131,32750,0,0
2024-08-06,P003,S001,114,17100,1,0
2024-08-06,P003,S002,93,13950,0,0
2024-08-06,P003,S003,87,13050,0,0
2024-08-06,P004,S001,192,57600,0,0
2024-08-06,P004,S002,184,55200,1,0
2024-08-06,P004,S003,141,42300,0,0
2024-08-06,P005,S001,151,27180,1,0
2024-08-06,P005,S002,167,30060,1,0
2024-08-06,P005,S003,119,21420,0,0
2024-08-07,P001,S001,119,23800,0,0
2024-08-07,P001,S002,144,28800,1,0
2024-08-07,P001,S003,104,20800,0,0
2024-08-07,P002,S001,138,34500,0,0
2024-08-07,P002,S002,149,37250,0,0
2024-08-07,P002,S003,168,42000,1,0
2024-08-07,P003,S001,97,14550,0,0
2024-08-07,P003,S002,136,20400,1,0
2024-08-07,P003,S003,83,12450,0,0
2024-08-07,P004,S001,168,50400,0,0
2024-08-07,P004,S002,257,77100,1,0
2024-08-07,P004,S003,152,45600,0,0
2024-08-07,P005,S001,121,21780,0,0
2024-08-07,P005,S002,182,32760,1,0
2024-08-07,P005,S003,112,20160,0,0
2024-08-08,P001,S001,143,28600,1,0
2024-08-08,P001,S002,140,28000,0,0
2024-08-08,P001,S003,122,24400,1,0
2024-08-08,P002,S001,136,34000,0,0
2024-08-08,P002,S002,140,35000,0,0
2024-08-08,P002,S003,122,30500,0,0
2024-08-08,P003,S001,87,13050,0,0
2024-08-08,P003,S002,112,16800,0,0
2024-08-08,P003,S003,81,12150,0,0
2024-08-08,P004,S001,155,46500,0,0
2024-08-08,P004,S002,211,63300,1,0
2024-08-08,P004,S003,154,46200,0,0
2024-08-08,P005,S001,127,22860,0,0
2024-08-08,P005,S002,128,23040,0,0
2024-08-08,P005,S003,100,18000,0,0
2024-08-09,P001,S001,104,20800,0,0
2024-08-09,P001,S002,127,25400,0,0
2024-08-09,P001,S003,104,20800,0,0
2024-08-09,P002,S001,139,34750,0,0
2024-08-09,P002,S002,154,38500,0,0
2024-08-09,P002,S003,151,37750,1,0
2024-08-09,P003,S001,98,14700,0,0
2024-08-09,P003,S002,107,16050,0,0
2024-08-09,P003,S003,91,13650,0,0
2024-08-09,P004,S001,184,55200,0,0
2024-08-09,P004,S002,189,56700,0,0
2024-08-09,P004,S003,163,48900,0,0
2024-08-09,P005,S001,127,22860,0,0
2024-08-09,P005,S002,158,28440,0,0
2024-08-09,P005,S003,105,18900,0,0
2024-08-10,P001,S001,144,28800,0,0
2024-08-10,P001,S002,124,24800,0,0
2024-08-10,P001,S003,107,21400,0,0
2024-08-10,P002,S001,137,34250,0,0
2024-08-10,P002,S002,206,51500,0,0
2024-08-10,P002,S003,152,38000,0,0
2024-08-10,P003,S001,109,16350,0,0
2024-08-10,P003,S002,133,19950,0,0
2024-08-10,P003,S003,91,13650,0,0
2024-08-10,P004,S001,163,48900,0,0
2024-08-10,P004,S002,260,78000,1,0
2024-08-10,P004,S003,149,44700,0,0
2024-08-10,P005,S001,137,24660,0,0
2024-08-10,P005,S002,179,32220,0,0
2024-08-10,P005,S003,122,21960,0,0
2024-08-11,P001,S001,143,28600,0,0
2024-08-11,P001,S002,130,26000,0,0
2024-08-11,P001,S003,118,23600,0,0
2024-08-11,P002,S001,158,39500,0,0
2024-08-11,P002,S002,213,53250,1,0
2024-08-11,P002,S003,137,34250,0,0
2024-08-11,P003,S001,108,16200,0,0
2024-08-11,P003,S002,130,19500,0,0
2024-08-11,P003,S003,112,16800,1,0
2024-08-11,P004,S001,207,62100,0,0
2024-08-11,P004,S002,186,55800,0,0
2024-08-11,P004,S003,181,54300,0,0
2024-08-11,P005,S001,150,27000,0,0
2024-08-11,P005,S002,172,30960,1,0
2024-08-11,P005,S003,171,30780,1,0
2024-08-12,P001,S001,124,24800,0,0
2024-08-12,P001,S002,129,25800,0,0
2024-08-12,P001,S003,99,19800,0,0
2024-08-12,P002,S001,137,34250,0,0
2024-08-12,P002,S002,161,40250,0,0
2024-08-12,P002,S003,133,33250,0,0
2024-08-12,P003,S001,90,13500,0,0
2024-08-12,P003,S002,130,19500,1,0
2024-08-12,P003,S003,76,11400,0,0
2024-08-12,P004,S001,180,54000,0,0
2024-08-12,P004,S002,199,59700,0,0
2024-08-12,P004,S003,137,41100,0,0
2024-08-12,P005,S001,130,23400,0,0
2024-08-12,P005,S002,126,22680,0,0
2024-08-12,P005,S003,116,20880,0,0
2024-08-13,P001,S001,115,23000,0,0
2024-08-13,P001,S002,162,32400,1,0
2024-08-13,P001,S003,99,19800,0,0
2024-08-13,P002,S001,147,36750,1,0
2024-08-13,P002,S002,159,39750,0,0
2024-08-13,P002,S003,117,29250,0,0
2024-08-13,P003,S001,119,17850,1,0
2024-08-13,P003,S002,133,19950,1,0
2024-08-13,P003,S003,81,12150,0,0
2024-08-13,P004,S001,162,48600,0,0
2024-08-13,P004,S002,221,66300,0,0
2024-08-13,P004,S003,169,50700,0,0
2024-08-13,P005,S001,125,22500,0,0
2024-08-13,P005,S002,157,28260,0,0
2024-08-13,P005,S003,130,23400,1,0
2024-08-14,P001,S001,91,18200,0,0
2024-08-14,P001,S002,168,33600,1,0
2024-08-14,P001,S003,97,19400,0,0
2024-08-14,P002,S001,136,34000,0,0
2024-08-14,P002,S002,155,38750,0,0
2024-08-14,P002,S003,138,34500,0,0
2024-08-14,P003,S001,91,13650,0,0
2024-08-14,P003,S002,146,21900,1,0
2024-08-14,P003,S003,100,15000,1,0
2024-08-14,P004,S001,175,52500,0,0
2024-08-14,P004,S002,254,76200,1,0
2024-08-14,P004,S003,136,40800,0,0
2024-08-14,P005,S001,119,21420,0,0
2024-08-14,P005,S002,153,27540,0,0
2024-08-14,P005,S003,128,23040,1,0
2024-08-15,P001,S001,130,26000,0,1
2024-08-15,P001,S002,180,36000,1,1
2024-08-15,P001,S003,160,32000,1,1
2024-08-15,P002,S001,197,49250,0,1
2024-08-15,P002,S002,215,53750,0,1
2024-08-15,P002,S003,152,38000,0,1
2024-08-15,P003,S001,155,23250,1,1
2024-08-15,P003,S002,132,19800,0,1
2024-08-15,P003,S003,101,15150,0,1
2024-08-15,P004,S001,259,77700,1,1
2024-08-15,P004,S002,270,81000,0,1
2024-08-15,P004,S003,231,69300,1,1
2024-08-15,P005,S001,157,28260,0,1
2024-08-15,P005,S002,164,29520,0,1
2024-08-15,P005,S003,128,23040,0,1
2024-08-16,P001,S001,118,23600,1,0
2024-08-16,P001,S002,121,24200,0,0
2024-08-16,P001,S003,95,19000,0,0
2024-08-16,P002,S001,174,43500,1,0
2024-08-16,P002,S002,173,43250,0,0
2024-08-16,P002,S003,123,30750,0,0
2024-08-16,P003,S001,100,15000,1,0
2024-08-16,P003,S002,132,19800,1,0
2024-08-16,P003,S003,113,16950,1,0
2024-08-16,P004,S001,177,53100,0,0
2024-08-16,P004,S002,184,55200,0,0
2024-08-16,P004,S003,199,59700,1,0
2024-08-16,P005,S001,110,19800,0,0
2024-08-16,P005,S002,132,23760,0,0
2024-08-16,P005,S003,123,22140,0,0
2024-08-17,P001,S001,120,24000,0,0
2024-08-17,P001,S002,155,31000,0,0
2024-08-17,P001,S003,111,22200,0,0
2024-08-17,P002,S001,162,40500,0,0
2024-08-17,P002,S002,203,50750,1,0
2024-08-17,P002,S003,174,43500,1,0
2024-08-17,P003,S001,84,12600,0,0
2024-08-17,P003,S002,144,21600,1,0
2024-08-17,P003,S003,89,13350,0,0
2024-08-17,P004,S001,218,65400,1,0
2024-08-17,P004,S002,193,57900,0,0
2024-08-17,P004,S003,176,52800,0,0
2024-08-17,P005,S001,178,32040,1,0
2024-08-17,P005,S002,149,26820,0,0
2024-08-17,P005,S003,147,26460,1,0
2024-08-18,P001,S001,144,28800,1,0
2024-08-18,P001,S002,166,33200,1,0
2024-08-18,P001,S003,97,19400,0,0
2024-08-18,P002,S001,158,39500,1,0
2024-08-18,P002,S002,197,49250,0,0
2024-08-18,P002,S003,145,36250,1,0
2024-08-18,P003,S001,106,15900,0,0
2024-08-18,P003,S002,126,18900,0,0
2024-08-18,P003,S003,114,17100,1,0
2024-08-18,P004,S001,183,54900,0,0
2024-08-18,P004,S002,237,71100,0,0
2024-08-18,P004,S003,185,55500,1,0
2024-08-18,P005,S001,147,26460,1,0
2024-08-18,P005,S002,154,27720,0,0
2024-08-18,P005,S003,122,21960,0,0
2024-08-19,P001,S001,126,25200,0,0
2024-08-19,P001,S002,127,25400,0,0
2024-08-19,P001,S003,119,23800,0,0
2024-08-19,P002,S001,190,47500,1,0
2024-08-19,P002,S002,167,41750,0,0
2024-08-19,P002,S003,141,35250,0,0
2024-08-19,P003,S001,105,15750,0,0
2024-08-19,P003,S002,96,14400,0,0
2024-08-19,P003,S003,109,16350,1,0
2024-08-19,P004,S001,173,51900,0,0
2024-08-19,P004,S002,181,54300,0,0
2024-08-19,P004,S003,152,45600,0,0
2024-08-19,P005,S001,165,29700,1,0
2024-08-19,P005,S002,150,27000,0,0
2024-08-19,P005,S003,126,22680,1,0
2024-08-20,P001,S001,129,25800,0,0
2024-08-20,P001,S002,178,35600,1,0
2024-08-20,P001,S003,108,21600,0,0
2024-08-20,P002,S001,150,37500,0,0
2024-08-20,P002,S002,183,45750,0,0
2024-08-20,P002,S003,134,33500,0,0
2024-08-20,P003,S001,108,16200,1,0
2024-08-20,P003,S002,122,18300,1,0
2024-08-20,P003,S003,89,13350,1,0
2024-08-20,P004,S001,181,54300,0,0
2024-08-20,P004,S002,198,59400,0,0
2024-08-20,P004,S003,143,42900,0,0
2024-08-20,P005,S001,119,21420,1,0
2024-08-20,P005,S002,124,22320,0,0
2024-08-20,P005,S003,142,25560,1,0
2024-08-21,P001,S001,105,21000,0,0
2024-08-21,P001,S002,121,24200,0,0
2024-08-21,P001,S003,97,19400,0,0
2024-08-21,P002,S001,145,36250,0,0
2024-08-21,P002,S002,165,41250,0,0
2024-08-21,P002,S003,130,32500,0,0
2024-08-21,P003,S001,87,13050,0,0
2024-08-21,P003,S002,112,16800,0,0
2024-08-21,P003,S003,93,13950,0,0
2024-08-21,P004,S001,134,40200,0,0
2024-08-21,P004,S002,191,57300,0,0
2024-08-21,P004,S003,176,52800,1,0
2024-08-21,P005,S001,120,21600,0,0
2024-08-21,P005,S002,131,23580,0,0
2024-08-21,P005,S003,110,19800,0,0
2024-08-22,P001,S001,130,26000,1,0
2024-08-22,P001,S002,118,23600,0,0
2024-08-22,P001,S003,106,21200,0,0
2024-08-22,P002,S001,188,47000,1,0
2024-08-22,P002,S002,163,40750,0,0
2024-08-22,P002,S003,136,34000,0,0
2024-08-22,P003,S001,100,15000,0,0
2024-08-22,P003,S002,147,22050,1,0
2024-08-22,P003,S003,108,16200,1,0
2024-08-22,P004,S001,172,51600,0,0
2024-08-22,P004,S002,191,57300,0,0
2024-08-22,P004,S003,144,43200,0,0
2024-08-22,P005,S001,123,22140,0,0
2024-08-22,P005,S002,152,27360,0,0
2024-08-22,P005,S003,123,22140,0,0
2024-08-23,P001,S001,107,21400,0,0
2024-08-23,P001,S002,125,25000,0,0
2024-08-23,P001,S003,134,26800,1,0
2024-08-23,P002,S001,161,40250,0,0
2024-08-23,P002,S002,139,34750,0,0
2024-08-23,P002,S003,153,38250,1,0
2024-08-23,P003,S001,100,15000,0,0
2024-08-23,P003,S002,114,17100,0,0
2024-08-23,P003,S003,89,13350,1,0
2024-08-23,P004,S001,170,51000,0,0
2024-08-23,P004,S002,191,57300,0,0
2024-08-23,P004,S003,137,41100,0,0
2024-08-23,P005,S001,131,23580,0,0
2024-08-23,P005,S002,157,28260,0,0
2024-08-23,P005,S003,134,24120,1,0
2024-08-24,P001,S001,146,29200,1,0
2024-08-24,P001,S002,174,34800,1,0
2024-08-24,P001,S003,120,24000,0,0
2024-08-24,P002,S001,131,32750,0,0
2024-08-24,P002,S002,240,60000,1,0
2024-08-24,P002,S003,133,33250,0,0
2024-08-24,P003,S001,107,16050,0,0
2024-08-24,P003,S002,121,18150,0,0
2024-08-24,P003,S003,107,16050,1,0
2024-08-24,P004,S001,215,64500,0,0
2024-08-24,P004,S002,229,68700,0,0
2024-08-24,P004,S003,184,55200,0,0
2024-08-24,P005,S001,125,22500,0,0
2024-08-24,P005,S002,164,29520,0,0
2024-08-24,P005,S003,123,22140,0,0
2024-08-25,P001,S001,150,30000,1,0
2024-08-25,P001,S002,168,33600,0,0
2024-08-25,P001,S003,128,25600,1,0
2024-08-25,P002,S001,142,35500,0,0
2024-08-25,P002,S002,175,43750,0,0
2024-08-25,P002,S003,150,37500,0,0
2024-08-25,P003,S001,155,23250,1,0
2024-08-25,P003,S002,159,23850,1,0
2024-08-25,P003,S003,90,13500,0,0
2024-08-25,P004,S001,192,57600,0,0
2024-08-25,P004,S002,225,67500,0,0
2024-08-25,P004,S003,203,60900,1,0
2024-08-25,P005,S001,164,29520,1,0
2024-08-25,P005,S002,156,28080,0,0
2024-08-25,P005,S003,125,22500,0,0
2024-08-26,P001,S001,111,22200,0,0
2024-08-26,P001,S002,141,28200,0,0
2024-08-26,P001,S003,102,20400,0,0
2024-08-26,P002,S001,138,34500,0,0
2024-08-26,P002,S002,186,46500,1,0
2024-08-26,P002,S003,126,31500,0,0
2024-08-26,P003,S001,83,12450,1,0
2024-08-26,P003,S002,101,15150,0,0
2024-08-26,P003,S003,96,14400,0,0
2024-08-26,P004,S001,219,65700,1,0
2024-08-26,P004,S002,204,61200,0,0
2024-08-26,P004,S003,158,47400,0,0
2024-08-26,P005,S001,123,22140,0,0
2024-08-26,P005,S002,167,30060,1,0
2024-08-26,P005,S003,105,18900,0,0
2024-08-27,P001,S001,112,22400,0,0
2024-08-27,P001,S002,154,30800,1,0
2024-08-27,P001,S003,110,22000,0,0
2024-08-27,P002,S001,159,39750,0,0
2024-08-27,P002,S002,173,43250,0,0
2024-08-27,P002,S003,143,35750,1,0
2024-08-27,P003,S001,82,12300,0,0
2024-08-27,P003,S002,108,16200,0,0
2024-08-27,P003,S003,75,11250,0,0
2024-08-27,P004,S001,174,52200,0,0
2024-08-27,P004,S002,277,83100,1,0
2024-08-27,P004,S003,145,43500,0,0
2024-08-27,P005,S001,139,25020,0,0
2024-08-27,P005,S002,123,22140,0,0
2024-08-27,P005,S003,129,23220,1,0
2024-08-28,P001,S001,105,21000,0,0
2024-08-28,P001,S002,125,25000,0,0
2024-08-28,P001,S003,82,16400,0,0
2024-08-28,P002,S001,157,39250,0,0
2024-08-28,P002,S002,206,51500,0,0
2024-08-28,P002,S003,129,32250,1,0
2024-08-28,P003,S001,119,17850,1,0
2024-08-28,P003,S002,116,17400,1,0
2024-08-28,P003,S003,80,12000,0,0
2024-08-28,P004,S001,220,66000,1,0
2024-08-28,P004,S002,201,60300,0,0
2024-08-28,P004,S003,156,46800,0,0
2024-08-28,P005,S001,152,27360,1,0
2024-08-28,P005,S002,191,34380,1,0
2024-08-28,P005,S003,107,19260,1,0
2024-08-29,P001,S001,110,22000,0,0
2024-08-29,P001,S002,114,22800,0,0
2024-08-29,P001,S003,99,19800,0,0
2024-08-29,P002,S001,146,36500,0,0
2024-08-29,P002,S002,216,54000,1,0
2024-08-29,P002,S003,127,31750,0,0
2024-08-29,P003,S001,117,17550,1,0
2024-08-29,P003,S002,114,17100,0,0
2024-08-29,P003,S003,108,16200,1,0
2024-08-29,P004,S001,171,51300,0,0
2024-08-29,P004,S002,166,49800,0,0
2024-08-29,P004,S003,146,43800,0,0
2024-08-29,P005,S001,128,23040,0,0
2024-08-29,P005,S002,138,24840,0,0
2024-08-29,P005,S003,135,24300,1,0
2024-08-30,P001,S001,141,28200,1,0
2024-08-30,P001,S002,127,25400,0,0
2024-08-30,P001,S003,92,18400,0,0
2024-08-30,P002,S001,147,36750,1,0
2024-08-30,P002,S002,170,42500,0,0
2024-08-30,P002,S003,131,32750,0,0
2024-08-30,P003,S001,103,15450,1,0
2024-08-30,P003,S002,112,16800,1,0
2024-08-30,P003,S003,94,14100,0,0
2024-08-30,P004,S001,161,48300,0,0
2024-08-30,P004,S002,217,65100,0,0
2024-08-30,P004,S003,192,57600,1,0
2024-08-30,P005,S001,134,24120,0,0
2024-08-30,P005,S002,145,26100,0,0
2024-08-30,P005,S003,104,18720,0,0
2024-08-31,P001,S001,172,34400,1,0
2024-08-31,P001,S002,168,33600,1,0
2024-08-31,P001,S003,144,28800,1,0
2024-08-31,P002,S001,170,42500,0,0
2024-08-31,P002,S002,170,42500,0,0
2024-08-31,P002,S003,178,44500,1,0
2024-08-31,P003,S001,109,16350,0,0
2024-08-31,P003,S002,133,19950,0,0
2024-08-31,P003,S003,105,15750,0,0
2024-08-31,P004,S001,173,51900,0,0
2024-08-31,P004,S002,222,66600,0,0
2024-08-31,P004,S003,145,43500,0,0
2024-08-31,P005,S001,159,28620,1,0
2024-08-31,P005,S002,220,39600,1,0
2024-08-31,P005,S003,113,20340,0,0
2024-09-01,P001,S001,119,23800,0,0
2024-09-01,P001,S002,137,27400,0,0
2024-09-01,P001,S003,94,18800,0,0
2024-09-01,P002,S001,219,54750,1,0
2024-09-01,P002,S002,179,44750,0,0
2024-09-01,P002,S003,174,43500,1,0
2024-09-01,P003,S001,107,16050,1,0
2024-09-01,P003,S002,144,21600,1,0
2024-09-01,P003,S003,92,13800,0,0
2024-09-01,P004,S001,159,47700,0,0
2024-09-01,P004,S002,195,58500,0,0
2024-09-01,P004,S003,191,57300,1,0
2024-09-01,P005,S001,160,28800,1,0
2024-09-01,P005,S002,155,27900,0,0
2024-09-01,P005,S003,105,18900,0,0
2024-09-02,P001,S001,107,21400,0,0
2024-09-02,P001,S002,155,31000,1,0
2024-09-02,P001,S003,123,24600,1,0
2024-09-02,P002,S001,113,28250,0,0
2024-09-02,P002,S002,175,43750,1,0
2024-09-02,P002,S003,135,33750,0,0
2024-09-02,P003,S001,109,16350,0,0
2024-09-02,P003,S002,108,16200,0,0
2024-09-02,P003,S003,82,12300,0,0
2024-09-02,P004,S001,167,50100,0,0
2024-09-02,P004,S002,237,71100,1,0
2024-09-02,P004,S003,148,44400,0,0
2024-09-02,P005,S001,133,23940,0,0
2024-09-02,P005,S002,146,26280,0,0
2024-09-02,P005,S003,133,23940,1,0
2024-09-03,P001,S001,110,22000,0,0
2024-09-03,P001,S002,142,28400,1,0
2024-09-03,P001,S003,125,25000,1,0
2024-09-03,P002,S001,147,36750,0,0
2024-09-03,P002,S002,153,38250,0,0
2024-09-03,P002,S003,138,34500,0,0
2024-09-03,P003,S001,93,13950,0,0
2024-09-03,P003,S002,113,16950,0,0
2024-09-03,P003,S003,104,15600,1,0
2024-09-03,P004,S001,187,56100,1,0
2024-09-03,P004,S002,222,66600,0,0
2024-09-03,P004,S003,150,45000,0,0
2024-09-03,P005,S001,117,21060,0,0
2024-09-03,P005,S002,144,25920,0,0
2024-09-03,P005,S003,123,22140,0,0
2024-09-04,P001,S001,123,24600,1,0
2024-09-04,P001,S002,136,27200,0,0
2024-09-04,P001,S003,118,23600,1,0
2024-09-04,P002,S001,149,37250,0,0
2024-09-04,P002,S002,171,42750,0,0
2024-09-04,P002,S003,111,27750,0,0
2024-09-04,P003,S001,91,13650,0,0
2024-09-04,P003,S002,100,15000,0,0
2024-09-04,P003,S003,91,13650,0,0
2024-09-04,P004,S001,208,62400,1,0
2024-09-04,P004,S002,253,75900,1,0
2024-09-04,P004,S003,161,48300,0,0
2024-09-04,P005,S001,139,25020,1,0
2024-09-04,P005,S002,132,23760,0,0
2024-09-04,P005,S003,134,24120,1,0
2024-09-05,P001,S001,158,31600,1,0
2024-09-05,P001,S002,127,25400,0,0
2024-09-05,P001,S003,103,20600,0,0
2024-09-05,P002,S001,178,44500,1,0
2024-09-05,P002,S002,160,40000,0,0
2024-09-05,P002,S003,148,37000,0,0
2024-09-05,P003,S001,90,13500,0,0
2024-09-05,P003,S002,117,17550,1,0
2024-09-05,P003,S003,107,16050,1,0
2024-09-05,P004,S001,156,46800,0,0
2024-09-05,P004,S002,226,67800,1,0
2024-09-05,P004,S003,154,46200,0,0
2024-09-05,P005,S001,143,25740,1,0
2024-09-05,P005,S002,141,25380,0,0
2024-09-05,P005,S003,110,19800,0,0
2024-09-06,P001,S001,155,31000,1,0
2024-09-06,P001,S002,134,26800,0,0
2024-09-06,P001,S003,100,20000,0,0
2024-09-06,P002,S001,134,33500,0,0
2024-09-06,P002,S002,185,46250,1,0
2024-09-06,P002,S003,106,26500,0,0
2024-09-06,P003,S001,125,18750,1,0
2024-09-06,P003,S002,106,15900,0,0
2024-09-06,P003,S003,88,13200,0,0
2024-09-06,P004,S001,168,50400,0,0
2024-09-06,P004,S002,199,59700,0,0
2024-09-06,P004,S003,138,41400,0,0
2024-09-06,P005,S001,156,28080,1,0
2024-09-06,P005,S002,123,22140,0,0
2024-09-06,P005,S003,107,19260,0,0
2024-09-07,P001,S001,127,25400,0,0
2024-09-07,P001,S002,147,29400,0,0
2024-09-07,P001,S003,128,25600,1,0
2024-09-07,P002,S001,134,33500,0,0
2024-09-07,P002,S002,184,46000,0,0
2024-09-07,P002,S003,133,33250,0,0
2024-09-07,P003,S001,106,15900,0,0
2024-09-07,P003,S002,118,17700,0,0
2024-09-07,P003,S003,82,12300,0,0
2024-09-07,P004,S001,235,70500,1,0
2024-09-07,P004,S002,194,58200,0,0
2024-09-07,P004,S003,189,56700,1,0
2024-09-07,P005,S001,177,31860,1,0
2024-09-07,P005,S002,184,33120,1,0
2024-09-07,P005,S003,115,20700,0,0
2024-09-08,P001,S001,147,29400,0,0
2024-09-08,P001,S002,129,25800,0,0
2024-09-08,P001,S003,145,29000,1,0
2024-09-08,P002,S001,155,38750,0,0
2024-09-08,P002,S002,151,37750,0,0
2024-09-08,P002,S003,135,33750,0,0
2024-09-08,P003,S001,117,17550,0,0
2024-09-08,P003,S002,128,19200,0,0
2024-09-08,P003,S003,85,12750,0,0
2024-09-08,P004,S001,188,56400,0,0
2024-09-08,P004,S002,210,63000,0,0
2024-09-08,P004,S003,164,49200,0,0
2024-09-08,P005,S001,127,22860,0,0
2024-09-08,P005,S002,155,27900,0,0
2024-09-08,P005,S003,136,24480,1,0
2024-09-09,P001,S001,144,28800,1,0
2024-09-09,P001,S002,127,25400,0,0
2024-09-09,P001,S003,109,21800,0,0
2024-09-09,P002,S001,133,33250,0,0
2024-09-09,P002,S002,153,38250,0,0
2024-09-09,P002,S003,150,37500,1,0
2024-09-09,P003,S001,88,13200,0,0
2024-09-09,P003,S002,106,15900,0,0
2024-09-09,P003,S003,79,11850,0,0
2024-09-09,P004,S001,172,51600,0,0
2024-09-09,P004,S002,179,53700,0,0
2024-09-09,P004,S003,161,48300,0,0
2024-09-09,P005,S001,121,21780,0,0
2024-09-09,P005,S002,136,24480,0,0
2024-09-09,P005,S003,119,21420,1,0
2024-09-10,P001,S001,100,20000,0,0
2024-09-10,P001,S002,146,29200,0,0
2024-09-10,P001,S003,104,20800,0,0
2024-09-10,P002,S001,173,43250,1,0
2024-09-10,P002,S002,152,38000,0,0
2024-09-10,P002,S003,132,33000,0,0
2024-09-10,P003,S001,111,16650,1,0
2024-09-10,P003,S002,104,15600,0,0
2024-09-10,P003,S003,76,11400,0,0
2024-09-10,P004,S001,172,51600,0,0
2024-09-10,P004,S002,266,79800,1,0
2024-09-10,P004,S003,167,50100,0,0
2024-09-10,P005,S001,130,23400,0,0
2024-09-10,P005,S002,153,27540,1,0
2024-09-10,P005,S003,99,17820,0,0
2024-09-11,P001,S001,118,23600,0,0
2024-09-11,P001,S002,130,26000,0,0
2024-09-11,P001,S003,98,19600,0,0
2024-09-11,P002,S001,134,33500,0,0
2024-09-11,P002,S002,135,33750,0,0
2024-09-11,P002,S003,158,39500,1,0
2024-09-11,P003,S001,94,14100,0,0
2024-09-11,P003,S002,101,15150,0,0
2024-09-11,P003,S003,95,14250,0,0
2024-09-11,P004,S001,154,46200,0,0
2024-09-11,P004,S002,175,52500,0,0
2024-09-11,P004,S003,148,44400,0,0
2024-09-11,P005,S001,125,22500,0,0
2024-09-11,P005,S002,154,27720,0,0
2024-09-11,P005,S003,111,19980,0,0
2024-09-12,P001,S001,142,28400,1,0
2024-09-12,P001,S002,138,27600,0,0
2024-09-12,P001,S003,109,21800,0,0
2024-09-12,P002,S001,142,35500,0,0
2024-09-12,P002,S002,164,41000,0,0
2024-09-12,P002,S003,120,30000,0,0
2024-09-12,P003,S001,92,13800,0,0
2024-09-12,P003,S002,104,15600,0,0
2024-09-12,P003,S003,87,13050,0,0
2024-09-12,P004,S001,184,55200,0,0
2024-09-12,P004,S002,186,55800,0,0
2024-09-12,P004,S003,191,57300,1,0
2024-09-12,P005,S001,132,23760,1,0
2024-09-12,P005,S002,178,32040,1,0
2024-09-12,P005,S003,101,18180,0,0
2024-09-13,P001,S001,129,25800,0,0
2024-09-13,P001,S002,135,27000,0,0
2024-09-13,P001,S003,107,21400,0,0
2024-09-13,P002,S001,152,38000,0,0
2024-09-13,P002,S002,156,39000,0,0
2024-09-13,P002,S003,125,31250,0,0
2024-09-13,P003,S001,92,13800,1,0
2024-09-13,P003,S002,123,18450,1,0
2024-09-13,P003,S003,80,12000,0,0
2024-09-13,P004,S001,175,52500,1,0
2024-09-13,P004,S002,196,58800,0,0
2024-09-13,P004,S003,152,45600,0,0
2024-09-13,P005,S001,124,22320,1,0
2024-09-13,P005,S002,146,26280,0,0
2024-09-13,P005,S003,129,23220,1,0
2024-09-14,P001,S001,117,23400,0,0
2024-09-14,P001,S002,144,28800,0,0
2024-09-14,P001,S003,131,26200,1,0
2024-09-14,P002,S001,193,48250,0,0
2024-09-14,P002,S002,201,50250,0,0
2024-09-14,P002,S003,150,37500,0,0
2024-09-14,P003,S001,91,13650,0,0
2024-09-14,P003,S002,122,18300,0,0
2024-09-14,P003,S003,98,14700,0,0
2024-09-14,P004,S001,248,74400,1,0
2024-09-14,P004,S002,215,64500,0,0
2024-09-14,P004,S003,170,51000,0,0
2024-09-14,P005,S001,121,21780,0,0
2024-09-14,P005,S002,138,24840,0,0
2024-09-14,P005,S003,133,23940,1,0
2024-09-15,P001,S001,111,22200,0,0
2024-09-15,P001,S002,142,28400,0,0
2024-09-15,P001,S003,105,21000,1,0
2024-09-15,P002,S001,183,45750,1,0
2024-09-15,P002,S002,213,53250,1,0
2024-09-15,P002,S003,140,35000,0,0
2024-09-15,P003,S001,135,20250,1,0
2024-09-15,P003,S002,158,23700,1,0
2024-09-15,P003,S003,124,18600,1,0
2024-09-15,P004,S001,191,57300,0,0
2024-09-15,P004,S002,201,60300,0,0
2024-09-15,P004,S003,152,45600,0,0
2024-09-15,P005,S001,142,25560,1,0
2024-09-15,P005,S002,159,28620,0,0
2024-09-15,P005,S003,144,25920,1,0
2024-09-16,P001,S001,110,22000,0,0
2024-09-16,P001,S002,137,27400,0,0
2024-09-16,P001,S003,101,20200,0,0
2024-09-16,P002,S001,163,40750,0,0
2024-09-16,P002,S002,143,35750,0,0
2024-09-16,P002,S003,127,31750,0,0
2024-09-16,P003,S001,80,12000,0,0
2024-09-16,P003,S002,113,16950,0,0
2024-09-16,P003,S003,90,13500,1,0
2024-09-16,P004,S001,171,51300,0,0
2024-09-16,P004,S002,218,65400,1,0
2024-09-16,P004,S003,141,42300,0,0
2024-09-16,P005,S001,115,20700,0,0
2024-09-16,P005,S002,165,29700,1,0
2024-09-16,P005,S003,98,17640,0,0
2024-09-17,P001,S001,100,20000,0,0
2024-09-17,P001,S002,134,26800,0,0
2024-09-17,P001,S003,101,20200,1,0
2024-09-17,P002,S001,142,35500,0,0
2024-09-17,P002,S002,164,41000,1,0
2024-09-17,P002,S003,127,31750,0,0
2024-09-17,P003,S001,87,13050,0,0
2024-09-17,P003,S002,113,16950,0,0
2024-09-17,P003,S003,111,16650,1,0
2024-09-17,P004,S001,164,49200,0,0
2024-09-17,P004,S002,195,58500,0,0
2024-09-17,P004,S003,164,49200,0,0
2024-09-17,P005,S001,117,21060,0,0
2024-09-17,P005,S002,147,26460,0,0
2024-09-17,P005,S003,102,18360,0,0
2024-09-18,P001,S001,137,27400,1,0
2024-09-18,P001,S002,132,26400,0,0
2024-09-18,P001,S003,102,20400,0,0
2024-09-18,P002,S001,159,39750,0,0
2024-09-18,P002,S002,137,34250,0,0
2024-09-18,P002,S003,154,38500,1,0
2024-09-18,P003,S001,114,17100,1,0
2024-09-18,P003,S002,108,16200,0,0
2024-09-18,P003,S003,110,16500,1,0
2024-09-18,P004,S001,156,46800,0,0
2024-09-18,P004,S002,215,64500,0,0
2024-09-18,P004,S003,153,45900,0,0
2024-09-18,P005,S001,110,19800,0,0
2024-09-18,P005,S002,171,30780,1,0
2024-09-18,P005,S003,111,19980,0,0
2024-09-19,P001,S001,99,19800,0,0
2024-09-19,P001,S002,153,30600,1,0
2024-09-19,P001,S003,109,21800,0,0
2024-09-19,P002,S001,143,35750,0,0
2024-09-19,P002,S002,166,41500,1,0
2024-09-19,P002,S003,124,31000,0,0
2024-09-19,P003,S001,83,12450,0,0
2024-09-19,P003,S002,101,15150,0,0
2024-09-19,P003,S003,108,16200,0,0
2024-09-19,P004,S001,215,64500,1,0
2024-09-19,P004,S002,188,56400,0,0
2024-09-19,P004,S003,157,47100,0,0
2024-09-19,P005,S001,130,23400,0,0
2024-09-19,P005,S002,155,27900,0,0
2024-09-19,P005,S003,119,21420,0,0
2024-09-20,P001,S001,122,24400,0,0
2024-09-20,P001,S002,136,27200,0,0
2024-09-20,P001,S003,112,22400,0,0
2024-09-20,P002,S001,131,32750,0,0
2024-09-20,P002,S002,163,40750,0,0
2024-09-20,P002,S003,144,36000,1,0
2024-09-20,P003,S001,78,11700,0,0
2024-09-20,P003,S002,108,16200,0,0
2024-09-20,P003,S003,81,12150,0,0
2024-09-20,P004,S001,145,43500,0,0
2024-09-20,P004,S002,201,60300,0,0
2024-09-20,P004,S003,185,55500,1,0
2024-09-20,P005,S001,124,22320,0,0
2024-09-20,P005,S002,157,28260,1,0
2024-09-20,P005,S003,99,17820,0,0
2024-09-21,P001,S001,158,31600,1,0
2024-09-21,P001,S002,138,27600,0,0
2024-09-21,P001,S003,116,23200,0,0
2024-09-21,P002,S001,192,48000,1,0
2024-09-21,P002,S002,172,43000,0,0
2024-09-21,P002,S003,132,33000,0,0
2024-09-21,P003,S001,121,18150,1,0
2024-09-21,P003,S002,130,19500,0,0
2024-09-21,P003,S003,80,12000,0,0
2024-09-21,P004,S001,187,56100,0,0
2024-09-21,P004,S002,196,58800,0,0
2024-09-21,P004,S003,160,48000,0,0
2024-09-21,P005,S001,147,26460,0,0
2024-09-21,P005,S002,155,27900,0,0
2024-09-21,P005,S003,130,23400,0,0
2024-09-22,P001,S001,128,25600,0,0
2024-09-22,P001,S002,150,30000,0,0
2024-09-22,P001,S003,138,27600,1,0
2024-09-22,P002,S001,196,49000,1,0
2024-09-22,P002,S002,186,46500,0,0
2024-09-22,P002,S003,159,39750,0,0
2024-09-22,P003,S001,99,14850,0,0
2024-09-22,P003,S002,102,15300,0,0
2024-09-22,P003,S003,99,14850,0,0
2024-09-22,P004,S001,178,53400,0,0
2024-09-22,P004,S002,207,62100,0,0
2024-09-22,P004,S003,149,44700,0,0
2024-09-22,P005,S001,148,26640,0,0
2024-09-22,P005,S002,172,30960,0,0
2024-09-22,P005,S003,118,21240,0,0
2024-09-23,P001,S001,114,22800,0,0
2024-09-23,P001,S002,122,24400,0,0
2024-09-23,P001,S003,119,23800,0,0
2024-09-23,P002,S001,127,31750,0,0
2024-09-23,P002,S002,166,41500,0,0
2024-09-23,P002,S003,126,31500,0,0
2024-09-23,P003,S001,93,13950,0,0
2024-09-23,P003,S002,110,16500,0,0
2024-09-23,P003,S003,76,11400,0,0
2024-09-23,P004,S001,194,58200,0,0
2024-09-23,P004,S002,244,73200,1,0
2024-09-23,P004,S003,187,56100,1,0
2024-09-23,P005,S001,127,22860,0,0
2024-09-23,P005,S002,139,25020,0,0
2024-09-23,P005,S003,144,25920,1,0
2024-09-24,P001,S001,126,25200,0,0
2024-09-24,P001,S002,144,28800,1,0
2024-09-24,P001,S003,103,20600,0,0
2024-09-24,P002,S001,144,36000,0,0
2024-09-24,P002,S002,149,37250,0,0
2024-09-24,P002,S003,125,31250,0,0
2024-09-24,P003,S001,129,19350,1,0
2024-09-24,P003,S002,116,17400,0,0
2024-09-24,P003,S003,101,15150,1,0
2024-09-24,P004,S001,219,65700,1,0
2024-09-24,P004,S002,248,74400,1,0
2024-09-24,P004,S003,162,48600,0,0
2024-09-24,P005,S001,107,19260,0,0
2024-09-24,P005,S002,145,26100,0,0
2024-09-24,P005,S003,105,18900,0,0
2024-09-25,P001,S001,114,22800,0,0
2024-09-25,P001,S002,136,27200,0,0
2024-09-25,P001,S003,94,18800,0,0
2024-09-25,P002,S001,132,33000,0,0
2024-09-25,P002,S002,167,41750,0,0
2024-09-25,P002,S003,115,28750,0,0
2024-09-25,P003,S001,98,14700,0,0
2024-09-25,P003,S002,121,18150,0,0
2024-09-25,P003,S003,91,13650,0,0
2024-09-25,P004,S001,188,56400,0,0
2024-09-25,P004,S002,190,57000,0,0
2024-09-25,P004,S003,157,47100,0,0
2024-09-25,P005,S001,131,23580,0,0
2024-09-25,P005,S002,126,22680,0,0
2024-09-25,P005,S003,123,22140,1,0
2024-09-26,P001,S001,115,23000,0,0
2024-09-26,P001,S002,126,25200,0,0
2024-09-26,P001,S003,91,18200,0,0
2024-09-26,P002,S001,161,40250,1,0
2024-09-26,P002,S002,157,39250,0,0
2024-09-26,P002,S003,160,40000,1,0
2024-09-26,P003,S001,102,15300,0,0
2024-09-26,P003,S002,122,18300,1,0
2024-09-26,P003,S003,98,14700,1,0
2024-09-26,P004,S001,170,51000,1,0
2024-09-26,P004,S002,251,75300,1,0
2024-09-26,P004,S003,147,44100,0,0
2024-09-26,P005,S001,137,24660,1,0
2024-09-26,P005,S002,129,23220,0,0
2024-09-26,P005,S003,133,23940,0,0
2024-09-27,P001,S001,123,24600,0,0
2024-09-27,P001,S002,123,24600,0,0
2024-09-27,P001,S003,112,22400,0,0
2024-09-27,P002,S001,143,35750,0,0
2024-09-27,P002,S002,167,41750,0,0
2024-09-27,P002,S003,151,37750,1,0
2024-09-27,P003,S001,114,17100,1,0
2024-09-27,P003,S002,90,13500,0,0
2024-09-27,P003,S003,81,12150,0,0
2024-09-27,P004,S001,157,47100,0,0
2024-09-27,P004,S002,169,50700,0,0
2024-09-27,P004,S003,140,42000,0,0
2024-09-27,P005,S001,120,21600,0,0
2024-09-27,P005,S002,157,28260,0,0
2024-09-27,P005,S003,112,20160,0,0
2024-09-28,P001,S001,127,25400,0,0
2024-09-28,P001,S002,140,28000,0,0
2024-09-28,P001,S003,121,24200,0,0
2024-09-28,P002,S001,159,39750,1,0
2024-09-28,P002,S002,204,51000,1,0
2024-09-28,P002,S003,154,38500,0,0
2024-09-28,P003,S001,100,15000,0,0
2024-09-28,P003,S002,118,17700,0,0
2024-09-28,P003,S003,99,14850,1,0
2024-09-28,P004,S001,186,55800,0,0
2024-09-28,P004,S002,247,74100,0,0
2024-09-28,P004,S003,184,55200,0,0
2024-09-28,P005,S001,152,27360,0,0
2024-09-28,P005,S002,143,25740,0,0
2024-09-28,P005,S003,115,20700,0,0
2024-09-29,P001,S001,148,29600,1,0
2024-09-29,P001,S002,161,32200,0,0
2024-09-29,P001,S003,97,19400,0,0
2024-09-29,P002,S001,143,35750,0,0
2024-09-29,P002,S002,170,42500,0,0
2024-09-29,P002,S003,131,32750,0,0
2024-09-29,P003,S001,93,13950,0,0
2024-09-29,P003,S002,109,16350,0,0
2024-09-29,P003,S003,93,13950,0,0
2024-09-29,P004,S001,211,63300,1,0
2024-09-29,P004,S002,232,69600,0,0
2024-09-29,P004,S003,169,50700,0,0
2024-09-29,P005,S001,112,20160,0,0
2024-09-29,P005,S002,143,25740,0,0
2024-09-29,P005,S003,109,19620,0,0
2024-09-30,P001,S001,97,19400,0,0
2024-09-30,P001,S002,114,22800,0,0
2024-09-30,P001,S003,99,19800,0,0
2024-09-30,P002,S001,154,38500,0,0
2024-09-30,P002,S002,189,47250,1,0
2024-09-30,P002,S003,137,34250,0,0
2024-09-30,P003,S001,89,13350,0,0
2024-09-30,P003,S002,107,16050,0,0
2024-09-30,P003,S003,91,13650,0,0
2024-09-30,P004,S001,187,56100,1,0
2024-09-30,P004,S002,195,58500,0,0
2024-09-30,P004,S003,172,51600,0,0
2024-09-30,P005,S001,124,22320,0,0
2024-09-30,P005,S002,200,36000,1,0
2024-09-30,P005,S003,109,19620,0,0
2024-10-01,P001,S001,117,23400,0,0
2024-10-01,P001,S002,136,27200,0,0
2024-10-01,P001,S003,93,18600,0,0
2024-10-01,P002,S001,142,35500,0,0
2024-10-01,P002,S002,152,38000,0,0
2024-10-01,P002,S003,130,32500,0,0
2024-10-01,P003,S001,86,12900,0,0
2024-10-01,P003,S002,121,18150,1,0
2024-10-01,P003,S003,88,13200,0,0
2024-10-01,P004,S001,182,54600,0,0
2024-10-01,P004,S002,204,61200,0,0
2024-10-01,P004,S003,191,57300,1,0
2024-10-01,P005,S001,133,23940,0,0
2024-10-01,P005,S002,144,25920,0,0
2024-10-01,P005,S003,104,18720,0,0
2024-10-02,P001,S001,197,39400,1,1
2024-10-02,P001,S002,158,31600,0,1
2024-10-02,P001,S003,121,24200,0,1
2024-10-02,P002,S001,194,48500,1,1
2024-10-02,P002,S002,218,54500,0,1
2024-10-02,P002,S003,154,38500,0,1
2024-10-02,P003,S001,135,20250,0,1
2024-10-02,P003,S002,159,23850,1,1
2024-10-02,P003,S003,117,17550,1,1
2024-10-02,P004,S001,254,76200,1,1
2024-10-02,P004,S002,251,75300,0,1
2024-10-02,P004,S003,187,56100,0,1
2024-10-02,P005,S001,154,27720,0,1
2024-10-02,P005,S002,191,34380,0,1
2024-10-02,P005,S003,151,27180,0,1
2024-10-03,P001,S001,121,24200,0,0
2024-10-03,P001,S002,134,26800,0,0
2024-10-03,P001,S003,120,24000,1,0
2024-10-03,P002,S001,149,37250,0,0
2024-10-03,P002,S002,173,43250,0,0
2024-10-03,P002,S003,151,37750,0,0
2024-10-03,P003,S001,102,15300,0,0
2024-10-03,P003,S002,112,16800,0,0
2024-10-03,P003,S003,112,16800,1,0
2024-10-03,P004,S001,188,56400,0,0
2024-10-03,P004,S002,257,77100,1,0
2024-10-03,P004,S003,136,40800,0,0
2024-10-03,P005,S001,120,21600,0,0
2024-10-03,P005,S002,170,30600,1,0
2024-10-03,P005,S003,139,25020,1,0
2024-10-04,P001,S001,125,25000,1,0
2024-10-04,P001,S002,140,28000,0,0
2024-10-04,P001,S003,122,24400,1,0
2024-10-04,P002,S001,146,36500,0,0
2024-10-04,P002,S002,193,48250,1,0
2024-10-04,P002,S003,125,31250,0,0
2024-10-04,P003,S001,83,12450,0,0
2024-10-04,P003,S002,140,21000,1,0
2024-10-04,P003,S003,93,13950,1,0
2024-10-04,P004,S001,144,43200,0,0
2024-10-04,P004,S002,177,53100,0,0
2024-10-04,P004,S003,132,39600,0,0
2024-10-04,P005,S001,143,25740,0,0
2024-10-04,P005,S002,138,24840,0,0
2024-10-04,P005,S003,148,26640,1,0
2024-10-05,P001,S001,120,24000,0,0
2024-10-05,P001,S002,151,30200,0,0
2024-10-05,P001,S003,124,24800,0,0
2024-10-05,P002,S001,159,39750,0,0
2024-10-05,P002,S002,232,58000,1,0
2024-10-05,P002,S003,178,44500,1,0
2024-10-05,P003,S001,119,17850,0,0
2024-10-05,P003,S002,134,20100,0,0
2024-10-05,P003,S003,97,14550,0,0
2024-10-05,P004,S001,243,72900,1,0
2024-10-05,P004,S002,202,60600,0,0
2024-10-05,P004,S003,161,48300,0,0
2024-10-05,P005,S001,147,26460,0,0
2024-10-05,P005,S002,175,31500,0,0
2024-10-05,P005,S003,149,26820,1,0
2024-10-06,P001,S001,143,28600,0,0
2024-10-06,P001,S002,186,37200,1,0
2024-10-06,P001,S003,138,27600,1,0
2024-10-06,P002,S001,181,45250,0,0
2024-10-06,P002,S002,204,51000,0,0
2024-10-06,P002,S003,149,37250,0,0
2024-10-06,P003,S001,119,17850,0,0
2024-10-06,P003,S002,116,17400,0,0
2024-10-06,P003,S003,93,13950,0,0
2024-10-06,P004,S001,198,59400,1,0
2024-10-06,P004,S002,205,61500,0,0
2024-10-06,P004,S003,189,56700,1,0
2024-10-06,P005,S001,125,22500,0,0
2024-10-06,P005,S002,186,33480,0,0
2024-10-06,P005,S003,134,24120,0,0
2024-10-07,P001,S001,123,24600,0,0
2024-10-07,P001,S002,152,30400,1,0
2024-10-07,P001,S003,115,23000,1,0
2024-10-07,P002,S001,133,33250,0,0
2024-10-07,P002,S002,142,35500,0,0
2024-10-07,P002,S003,164,41000,1,0
2024-10-07,P003,S001,93,13950,0,0
2024-10-07,P003,S002,100,15000,0,0
2024-10-07,P003,S003,81,12150,0,0
2024-10-07,P004,S001,172,51600,0,0
2024-10-07,P004,S002,212,63600,0,0
2024-10-07,P004,S003,150,45000,0,0
2024-10-07,P005,S001,138,24840,0,0
2024-10-07,P005,S002,193,34740,1,0
2024-10-07,P005,S003,127,22860,0,0
2024-10-08,P001,S001,112,22400,0,0
2024-10-08,P001,S002,134,26800,0,0
2024-10-08,P001,S003,98,19600,0,0
2024-10-08,P002,S001,141,35250,0,0
2024-10-08,P002,S002,159,39750,0,0
2024-10-08,P002,S003,141,35250,1,0
2024-10-08,P003,S001,96,14400,0,0
2024-10-08,P003,S002,131,19650,1,0
2024-10-08,P003,S003,109,16350,1,0
2024-10-08,P004,S001,182,54600,0,0
2024-10-08,P004,S002,198,59400,0,0
2024-10-08,P004,S003,162,48600,0,0
2024-10-08,P005,S001,147,26460,1,0
2024-10-08,P005,S002,133,23940,0,0
2024-10-08,P005,S003,103,18540,0,0
2024-10-09,P001,S001,108,21600,0,0
2024-10-09,P001,S002,132,26400,0,0
2024-10-09,P001,S003,110,22000,0,0
2024-10-09,P002,S001,128,32000,0,0
2024-10-09,P002,S002,152,38000,0,0
2024-10-09,P002,S003,181,45250,1,0
2024-10-09,P003,S001,90,13500,0,0
2024-10-09,P003,S002,148,22200,1,0
2024-10-09,P003,S003,81,12150,0,0
2024-10-09,P004,S001,160,48000,0,0
2024-10-09,P004,S002,223,66900,0,0
2024-10-09,P004,S003,137,41100,0,0
2024-10-09,P005,S001,150,27000,1,0
2024-10-09,P005,S002,130,23400,0,0
2024-10-09,P005,S003,109,19620,0,0
2024-10-10,P001,S001,100,20000,0,0
2024-10-10,P001,S002,131,26200,0,0
2024-10-10,P001,S003,110,22000,1,0
2024-10-10,P002,S001,157,39250,0,0
2024-10-10,P002,S002,164,41000,1,0
2024-10-10,P002,S003,126,31500,0,0
2024-10-10,P003,S001,103,15450,1,0
2024-10-10,P003,S002,95,14250,0,0
2024-10-10,P003,S003,94,14100,1,0
2024-10-10,P004,S001,183,54900,0,0
2024-10-10,P004,S002,184,55200,0,0
2024-10-10,P004,S003,145,43500,0,0
2024-10-10,P005,S001,140,25200,0,0
2024-10-10,P005,S002,127,22860,0,0
2024-10-10,P005,S003,116,20880,0,0
2024-10-11,P001,S001,124,24800,0,0
2024-10-11,P001,S002,138,27600,0,0
2024-10-11,P001,S003,90,18000,0,0
2024-10-11,P002,S001,134,33500,0,0
2024-10-11,P002,S002,159,39750,0,0
2024-10-11,P002,S003,166,41500,1,0
2024-10-11,P003,S001,123,18450,1,0
2024-10-11,P003,S002,97,14550,0,0
2024-10-11,P003,S003,114,17100,1,0
2024-10-11,P004,S001,213,63900,1,0
2024-10-11,P004,S002,162,48600,0,0
2024-10-11,P004,S003,141,42300,0,0
2024-10-11,P005,S001,143,25740,1,0
2024-10-11,P005,S002,152,27360,0,0
2024-10-11,P005,S003,137,24660,1,0
2024-10-12,P001,S001,157,31400,1,0
2024-10-12,P001,S002,140,28000,0,0
2024-10-12,P001,S003,146,29200,1,0
2024-10-12,P002,S001,166,41500,0,0
2024-10-12,P002,S002,185,46250,0,0
2024-10-12,P002,S003,145,36250,0,0
2024-10-12,P003,S001,127,19050,1,0
2024-10-12,P003,S002,116,17400,0,0
2024-10-12,P003,S003,88,13200,0,0
2024-10-12,P004,S001,222,66600,1,0
2024-10-12,P004,S002,237,71100,1,0
2024-10-12,P004,S003,174,52200,0,0
2024-10-12,P005,S001,159,28620,0,0
2024-10-12,P005,S002,199,35820,1,0
2024-10-12,P005,S003,145,26100,0,0
2024-10-13,P001,S001,162,32400,1,0
2024-10-13,P001,S002,150,30000,1,0
2024-10-13,P001,S003,143,28600,1,0
2024-10-13,P002,S001,175,43750,0,0
2024-10-13,P002,S002,151,37750,0,0
2024-10-13,P002,S003,188,47000,1,0
2024-10-13,P003,S001,125,18750,1,0
2024-10-13,P003,S002,153,22950,1,0
2024-10-13,P003,S003,98,14700,0,0
2024-10-13,P004,S001,189,56700,0,0
2024-10-13,P004,S002,239,71700,0,0
2024-10-13,P004,S003,177,53100,0,0
2024-10-13,P005,S001,129,23220,0,0
2024-10-13,P005,S002,151,27180,0,0
2024-10-13,P005,S003,156,28080,1,0
2024-10-14,P001,S001,108,21600,0,0
2024-10-14,P001,S002,147,29400,0,0
2024-10-14,P001,S003,115,23000,1,0
2024-10-14,P002,S001,165,41250,0,0
2024-10-14,P002,S002,169,42250,0,0
2024-10-14,P002,S003,129,32250,0,0
2024-10-14,P003,S001,110,16500,0,0
2024-10-14,P003,S002,103,15450,0,0
2024-10-14,P003,S003,93,13950,0,0
2024-10-14,P004,S001,198,59400,0,0
2024-10-14,P004,S002,192,57600,0,0
2024-10-14,P004,S003,186,55800,1,0
2024-10-14,P005,S001,145,26100,1,0
2024-10-14,P005,S002,155,27900,1,0
2024-10-14,P005,S003,131,23580,1,0
2024-10-15,P001,S001,123,24600,0,0
2024-10-15,P001,S002,119,23800,0,0
2024-10-15,P001,S003,110,22000,0,0
2024-10-15,P002,S001,124,31000,0,0
2024-10-15,P002,S002,190,47500,1,0
2024-10-15,P002,S003,131,32750,0,0
2024-10-15,P003,S001,99,14850,0,0
2024-10-15,P003,S002,118,17700,0,0
2024-10-15,P003,S003,89,13350,1,0
2024-10-15,P004,S001,219,65700,1,0
2024-10-15,P004,S002,216,64800,0,0
2024-10-15,P004,S003,148,44400,0,0
2024-10-15,P005,S001,150,27000,1,0
2024-10-15,P005,S002,149,26820,0,0
2024-10-15,P005,S003,130,23400,1,0
2024-10-16,P001,S001,103,20600,0,0
2024-10-16,P001,S002,155,31000,1,0
2024-10-16,P001,S003,108,21600,0,0
2024-10-16,P002,S001,131,32750,0,0
2024-10-16,P002,S002,142,35500,1,0
2024-10-16,P002,S003,144,36000,0,0
2024-10-16,P003,S001,103,15450,0,0
2024-10-16,P003,S002,108,16200,0,0
2024-10-16,P003,S003,95,14250,1,0
2024-10-16,P004,S001,177,53100,0,0
2024-10-16,P004,S002,186,55800,0,0
2024-10-16,P004,S003,142,42600,0,0
2024-10-16,P005,S001,116,20880,0,0
2024-10-16,P005,S002,144,25920,0,0
2024-10-16,P005,S003,140,25200,1,0
2024-10-17,P001,S001,116,23200,0,0
2024-10-17,P001,S002,170,34000,1,0
2024-10-17,P001,S003,119,23800,0,0
2024-10-17,P002,S001,145,36250,0,0
2024-10-17,P002,S002,172,43000,0,0
2024-10-17,P002,S003,130,32500,0,0
2024-10-17,P003,S001,91,13650,0,0
2024-10-17,P003,S002,113,16950,0,0
2024-10-17,P003,S003,73,10950,0,0
2024-10-17,P004,S001,170,51000,0,0
2024-10-17,P004,S002,236,70800,1,0
2024-10-17,P004,S003,158,47400,0,0
2024-10-17,P005,S001,134,24120,0,0
2024-10-17,P005,S002,148,26640,0,0
2024-10-17,P005,S003,114,20520,0,0
2024-10-18,P001,S001,107,21400,0,0
2024-10-18,P001,S002,142,28400,0,0
2024-10-18,P001,S003,107,21400,0,0
2024-10-18,P002,S001,150,37500,0,0
2024-10-18,P002,S002,167,41750,0,0
2024-10-18,P002,S003,161,40250,1,0
2024-10-18,P003,S001,99,14850,0,0
2024-10-18,P003,S002,114,17100,0,0
2024-10-18,P003,S003,103,15450,1,0
2024-10-18,P004,S001,175,52500,0,0
2024-10-18,P004,S002,206,61800,0,0
2024-10-18,P004,S003,160,48000,0,0
2024-10-18,P005,S001,136,24480,1,0
2024-10-18,P005,S002,134,24120,0,0
2024-10-18,P005,S003,117,21060,0,0
2024-10-19,P001,S001,116,23200,0,0
2024-10-19,P001,S002,175,35000,1,0
2024-10-19,P001,S003,111,22200,0,0
2024-10-19,P002,S001,203,50750,1,0
2024-10-19,P002,S002,229,57250,1,0
2024-10-19,P002,S003,150,37500,0,0
2024-10-19,P003,S001,102,15300,0,0
2024-10-19,P003,S002,128,19200,0,0
2024-10-19,P003,S003,117,17550,1,0
2024-10-19,P004,S001,213,63900,1,0
2024-10-19,P004,S002,187,56100,0,0
2024-10-19,P004,S003,166,49800,0,0
2024-10-19,P005,S001,146,26280,0,0
2024-10-19,P005,S002,150,27000,0,0
2024-10-19,P005,S003,128,23040,0,0
2024-10-20,P001,S001,125,25000,0,0
2024-10-20,P001,S002,192,38400,1,0
2024-10-20,P001,S003,108,21600,0,0
2024-10-20,P002,S001,200,50000,1,0
2024-10-20,P002,S002,177,44250,0,0
2024-10-20,P002,S003,136,34000,0,0
2024-10-20,P003,S001,107,16050,0,0
2024-10-20,P003,S002,115,17250,0,0
2024-10-20,P003,S003,90,13500,0,0
2024-10-20,P004,S001,198,59400,0,0
2024-10-20,P004,S002,293,87900,1,0
2024-10-20,P004,S003,191,57300,0,0
2024-10-20,P005,S001,142,25560,0,0
2024-10-20,P005,S002,160,28800,0,0
2024-10-20,P005,S003,145,26100,1,0
2024-10-21,P001,S001,121,24200,1,0
2024-10-21,P001,S002,184,36800,1,0
2024-10-21,P001,S003,98,19600,0,0
2024-10-21,P002,S001,162,40500,0,0
2024-10-21,P002,S002,159,39750,0,0
2024-10-21,P002,S003,143,35750,1,0
2024-10-21,P003,S001,111,16650,0,0
2024-10-21,P003,S002,142,21300,1,0
2024-10-21,P003,S003,87,13050,0,0
2024-10-21,P004,S001,151,45300,0,0
2024-10-21,P004,S002,231,69300,1,0
2024-10-21,P004,S003,139,41700,0,0
2024-10-21,P005,S001,133,23940,0,0
2024-10-21,P005,S002,140,25200,0,0
2024-10-21,P005,S003,129,23220,0,0
2024-10-22,P001,S001,113,22600,0,0
2024-10-22,P001,S002,160,32000,1,0
2024-10-22,P001,S003,93,18600,0,0
2024-10-22,P002,S001,157,39250,0,0
2024-10-22,P002,S002,165,41250,0,0
2024-10-22,P002,S003,160,40000,1,0
2024-10-22,P003,S001,96,14400,0,0
2024-10-22,P003,S002,97,14550,0,0
2024-10-22,P003,S003,108,16200,1,0
2024-10-22,P004,S001,183,54900,0,0
2024-10-22,P004,S002,204,61200,0,0
2024-10-22,P004,S003,207,62100,1,0
2024-10-22,P005,S001,149,26820,1,0
2024-10-22,P005,S002,126,22680,0,0
2024-10-22,P005,S003,134,24120,1,0
2024-10-23,P001,S001,114,22800,0,0
2024-10-23,P001,S002,164,32800,1,0
2024-10-23,P001,S003,96,19200,0,0
2024-10-23,P002,S001,169,42250,0,0
2024-10-23,P002,S002,166,41500,0,0
2024-10-23,P002,S003,127,31750,0,0
2024-10-23,P003,S001,100,15000,0,0
2024-10-23,P003,S002,106,15900,0,0
2024-10-23,P003,S003,81,12150,0,0
2024-10-23,P004,S001,152,45600,0,0
2024-10-23,P004,S002,202,60600,0,0
2024-10-23,P004,S003,163,48900,0,0
2024-10-23,P005,S001,113,20340,0,0
2024-10-23,P005,S002,162,29160,0,0
2024-10-23,P005,S003,104,18720,1,0
2024-10-24,P001,S001,108,21600,0,0
2024-10-24,P001,S002,128,25600,0,0
2024-10-24,P001,S003,141,28200,1,0
2024-10-24,P002,S001,145,36250,0,0
2024-10-24,P002,S002,209,52250,1,0
2024-10-24,P002,S003,145,36250,1,0
2024-10-24,P003,S001,97,14550,0,0
2024-10-24,P003,S002,131,19650,1,0
2024-10-24,P003,S003,72,10800,0,0
2024-10-24,P004,S001,191,57300,0,0
2024-10-24,P004,S002,213,63900,0,0
2024-10-24,P004,S003,168,50400,1,0
2024-10-24,P005,S001,153,27540,1,0
2024-10-24,P005,S002,139,25020,0,0
2024-10-24,P005,S003,111,19980,0,0
2024-10-25,P001,S001,123,24600,0,0
2024-10-25,P001,S002,149,29800,0,0
2024-10-25,P001,S003,122,24400,1,0
2024-10-25,P002,S001,177,44250,1,0
2024-10-25,P002,S002,207,51750,1,0
2024-10-25,P002,S003,127,31750,0,0
2024-10-25,P003,S001,121,18150,1,0
2024-10-25,P003,S002,119,17850,0,0
2024-10-25,P003,S003,111,16650,1,0
2024-10-25,P004,S001,223,66900,1,0
2024-10-25,P004,S002,165,49500,0,0
2024-10-25,P004,S003,145,43500,0,0
2024-10-25,P005,S001,117,21060,0,0
2024-10-25,P005,S002,170,30600,1,0
2024-10-25,P005,S003,110,19800,0,0
2024-10-26,P001,S001,140,28000,0,0
2024-10-26,P001,S002,125,25000,0,0
2024-10-26,P001,S003,125,25000,0,0
2024-10-26,P002,S001,174,43500,1,0
2024-10-26,P002,S002,178,44500,0,0
2024-10-26,P002,S003,136,34000,0,0
2024-10-26,P003,S001,104,15600,0,0
2024-10-26,P003,S002,109,16350,0,0
2024-10-26,P003,S003,95,14250,0,0
2024-10-26,P004,S001,183,54900,0,0
2024-10-26,P004,S002,225,67500,0,0
2024-10-26,P004,S003,182,54600,0,0
2024-10-26,P005,S001,131,23580,0,0
2024-10-26,P005,S002,187,33660,0,0
2024-10-26,P005,S003,141,25380,1,0
2024-10-27,P001,S001,112,22400,0,0
2024-10-27,P001,S002,189,37800,1,0
2024-10-27,P001,S003,145,29000,1,0
2024-10-27,P002,S001,175,43750,0,0
2024-10-27,P002,S002,231,57750,1,0
2024-10-27,P002,S003,168,42000,1,0
2024-10-27,P003,S001,105,15750,0,0
2024-10-27,P003,S002,105,15750,0,0
2024-10-27,P003,S003,78,11700,0,0
2024-10-27,P004,S001,245,73500,1,0
2024-10-27,P004,S002,254,76200,1,0
2024-10-27,P004,S003,192,57600,0,0
2024-10-27,P005,S001,133,23940,0,0
2024-10-27,P005,S002,154,27720,0,0
2024-10-27,P005,S003,118,21240,0,0
2024-10-28,P001,S001,122,24400,0,0
2024-10-28,P001,S002,142,28400,1,0
2024-10-28,P001,S003,98,19600,0,0
2024-10-28,P002,S001,162,40500,0,0
2024-10-28,P002,S002,196,49000,1,0
2024-10-28,P002,S003,138,34500,0,0
2024-10-28,P003,S001,116,17400,1,0
2024-10-28,P003,S002,122,18300,0,0
2024-10-28,P003,S003,105,15750,1,0
2024-10-28,P004,S001,216,64800,0,0
2024-10-28,P004,S002,194,58200,0,0
2024-10-28,P004,S003,172,51600,0,0
2024-10-28,P005,S001,100,18000,0,0
2024-10-28,P005,S002,121,21780,0,0
2024-10-28,P005,S003,112,20160,0,0
2024-10-29,P001,S001,125,25000,1,0
2024-10-29,P001,S002,141,28200,0,0
2024-10-29,P001,S003,117,23400,0,0
2024-10-29,P002,S001,145,36250,0,0
2024-10-29,P002,S002,207,51750,1,0
2024-10-29,P002,S003,138,34500,0,0
2024-10-29,P003,S001,101,15150,0,0
2024-10-29,P003,S002,104,15600,0,0
2024-10-29,P003,S003,88,13200,0,0
2024-10-29,P004,S001,180,54000,0,0
2024-10-29,P004,S002,181,54300,0,0
2024-10-29,P004,S003,191,57300,1,0
2024-10-29,P005,S001,161,28980,1,0
2024-10-29,P005,S002,181,32580,1,0
2024-10-29,P005,S003,108,19440,0,0
2024-10-30,P001,S001,131,26200,0,0
2024-10-30,P001,S002,137,27400,0,0
2024-10-30,P001,S003,90,18000,0,0
2024-10-30,P002,S001,189,47250,1,0
2024-10-30,P002,S002,158,39500,0,0
2024-10-30,P002,S003,125,31250,0,0
2024-10-30,P003,S001,92,13800,0,0
2024-10-30,P003,S002,102,15300,0,0
2024-10-30,P003,S003,97,14550,0,0
2024-10-30,P004,S001,176,52800,0,0
2024-10-30,P004,S002,234,70200,1,0
2024-10-30,P004,S003,142,42600,0,0
2024-10-30,P005,S001,135,24300,0,0
2024-10-30,P005,S002,154,27720,0,0
2024-10-30,P005,S003,122,21960,0,0
2024-10-31,P001,S001,148,29600,1,0
2024-10-31,P001,S002,134,26800,0,0
2024-10-31,P001,S003,144,28800,1,0
2024-10-31,P002,S001,180,45000,1,0
2024-10-31,P002,S002,183,45750,0,0
2024-10-31,P002,S003,139,34750,0,0
2024-10-31,P003,S001,101,15150,0,0
2024-10-31,P003,S002,119,17850,0,0
2024-10-31,P003,S003,81,12150,0,0
2024-10-31,P004,S001,161,48300,0,0
2024-10-31,P004,S002,203,60900,0,0
2024-10-31,P004,S003,178,53400,1,0
2024-10-31,P005,S001,163,29340,1,0
2024-10-31,P005,S002,170,30600,1,0
2024-10-31,P005,S003,106,19080,0,0
2024-11-01,P001,S001,166,33200,1,0
2024-11-01,P001,S002,131,26200,0,0
2024-11-01,P001,S003,131,26200,1,0
2024-11-01,P002,S001,161,40250,0,0
2024-11-01,P002,S002,193,48250,1,0
2024-11-01,P002,S003,125,31250,0,0
2024-11-01,P003,S001,119,17850,0,0
2024-11-01,P003,S002,117,17550,0,0
2024-11-01,P003,S003,93,13950,0,0
2024-11-01,P004,S001,230,69000,1,0
2024-11-01,P004,S002,206,61800,0,0
2024-11-01,P004,S003,168,50400,0,0
2024-11-01,P005,S001,115,20700,0,0
2024-11-01,P005,S002,161,28980,0,0
2024-11-01,P005,S003,122,21960,0,0
2024-11-02,P001,S001,145,29000,0,0
2024-11-02,P001,S002,150,30000,0,0
2024-11-02,P001,S003,131,26200,0,0
2024-11-02,P002,S001,150,37500,0,0
2024-11-02,P002,S002,178,44500,0,0
2024-11-02,P002,S003,148,37000,0,0
2024-11-02,P003,S001,111,16650,0,0
2024-11-02,P003,S002,130,19500,0,0
2024-11-02,P003,S003,126,18900,1,0
2024-11-02,P004,S001,182,54600,0,0
2024-11-02,P004,S002,241,72300,0,0
2024-11-02,P004,S003,204,61200,0,0
2024-11-02,P005,S001,185,33300,1,0
2024-11-02,P005,S002,216,38880,1,0
2024-11-02,P005,S003,144,25920,1,0
2024-11-03,P001,S001,127,25400,0,0
2024-11-03,P001,S002,164,32800,0,0
2024-11-03,P001,S003,119,23800,0,0
2024-11-03,P002,S001,170,42500,0,0
2024-11-03,P002,S002,189,47250,0,0
2024-11-03,P002,S003,142,35500,0,0
2024-11-03,P003,S001,139,20850,1,0
2024-11-03,P003,S002,135,20250,0,0
2024-11-03,P003,S003,96,14400,0,0
2024-11-03,P004,S001,188,56400,0,0
2024-11-03,P004,S002,227,68100,0,0
2024-11-03,P004,S003,208,62400,1,0
2024-11-03,P005,S001,124,22320,0,0
2024-11-03,P005,S002,205,36900,1,0
2024-11-03,P005,S003,139,25020,0,0
2024-11-04,P001,S001,115,23000,0,0
2024-11-04,P001,S002,155,31000,0,0
2024-11-04,P001,S003,117,23400,0,0
2024-11-04,P002,S001,146,36500,0,0
2024-11-04,P002,S002,189,47250,1,0
2024-11-04,P002,S003,133,33250,0,0
2024-11-04,P003,S001,98,14700,0,0
2024-11-04,P003,S002,110,16500,0,0
2024-11-04,P003,S003,109,16350,1,0
2024-11-04,P004,S001,205,61500,1,0
2024-11-04,P004,S002,256,76800,1,0
2024-11-04,P004,S003,208,62400,1,0
2024-11-04,P005,S001,147,26460,1,0
2024-11-04,P005,S002,149,26820,0,0
2024-11-04,P005,S003,100,18000,0,0
2024-11-05,P001,S001,123,24600,0,0
2024-11-05,P001,S002,143,28600,0,0
2024-11-05,P001,S003,103,20600,0,0
2024-11-05,P002,S001,158,39500,0,0
2024-11-05,P002,S002,187,46750,1,0
2024-11-05,P002,S003,141,35250,0,0
2024-11-05,P003,S001,86,12900,0,0
2024-11-05,P003,S002,122,18300,0,0
2024-11-05,P003,S003,93,13950,0,0
2024-11-05,P004,S001,167,50100,0,0
2024-11-05,P004,S002,261,78300,1,0
2024-11-05,P004,S003,154,46200,0,0
2024-11-05,P005,S001,132,23760,0,0
2024-11-05,P005,S002,172,30960,0,0
2024-11-05,P005,S003,133,23940,0,0
2024-11-06,P001,S001,127,25400,0,0
2024-11-06,P001,S002,154,30800,0,0
2024-11-06,P001,S003,93,18600,0,0
2024-11-06,P002,S001,167,41750,0,0
2024-11-06,P002,S002,171,42750,0,0
2024-11-06,P002,S003,137,34250,0,0
2024-11-06,P003,S001,119,17850,1,0
2024-11-06,P003,S002,117,17550,0,0
2024-11-06,P003,S003,88,13200,0,0
2024-11-06,P004,S001,213,63900,0,0
2024-11-06,P004,S002,203,60900,0,0
2024-11-06,P004,S003,193,57900,1,0
2024-11-06,P005,S001,121,21780,0,0
2024-11-06,P005,S002,193,34740,1,0
2024-11-06,P005,S003,128,23040,0,0
2024-11-07,P001,S001,127,25400,0,0
2024-11-07,P001,S002,164,32800,1,0
2024-11-07,P001,S003,133,26600,1,0
2024-11-07,P002,S001,143,35750,0,0
2024-11-07,P002,S002,193,48250,0,0
2024-11-07,P002,S003,145,36250,0,0
2024-11-07,P003,S001,96,14400,0,0
2024-11-07,P003,S002,115,17250,0,0
2024-11-07,P003,S003,87,13050,0,0
2024-11-07,P004,S001,178,53400,0,0
2024-11-07,P004,S002,226,67800,1,0
2024-11-07,P004,S003,201,60300,1,0
2024-11-07,P005,S001,130,23400,0,0
2024-11-07,P005,S002,158,28440,0,0
2024-11-07,P005,S003,106,19080,0,0
2024-11-08,P001,S001,126,25200,0,0
2024-11-08,P001,S002,187,37400,1,0
2024-11-08,P001,S003,115,23000,0,0
2024-11-08,P002,S001,174,43500,0,0
2024-11-08,P002,S002,201,50250,1,0
2024-11-08,P002,S003,114,28500,0,0
2024-11-08,P003,S001,100,15000,0,0
2024-11-08,P003,S002,152,22800,1,0
2024-11-08,P003,S003,87,13050,0,0
2024-11-08,P004,S001,223,66900,1,0
2024-11-08,P004,S002,265,79500,1,0
2024-11-08,P004,S003,182,54600,0,0
2024-11-08,P005,S001,139,25020,0,0
2024-11-08,P005,S002,159,28620,0,0
2024-11-08,P005,S003,124,22320,0,0
2024-11-09,P001,S001,146,29200,0,0
2024-11-09,P001,S002,144,28800,0,0
2024-11-09,P001,S003,110,22000,0,0
2024-11-09,P002,S001,164,41000,0,0
2024-11-09,P002,S002,210,52500,0,0
2024-11-09,P002,S003,156,39000,0,0
2024-11-09,P003,S001,127,19050,0,0
2024-11-09,P003,S002,126,18900,0,0
2024-11-09,P003,S003,97,14550,0,0
2024-11-09,P004,S001,179,53700,0,0
2024-11-09,P004,S002,245,73500,0,0
2024-11-09,P004,S003,203,60900,0,0
2024-11-09,P005,S001,154,27720,0,0
2024-11-09,P005,S002,167,30060,0,0
2024-11-09,P005,S003,122,21960,0,0
2024-11-10,P001,S001,171,34200,1,0
2024-11-10,P001,S002,144,28800,0,0
2024-11-10,P001,S003,125,25000,0,0
2024-11-10,P002,S001,168,42000,0,0
2024-11-10,P002,S002,162,40500,0,0
2024-11-10,P002,S003,149,37250,0,0
2024-11-10,P003,S001,112,16800,0,0
2024-11-10,P003,S002,122,18300,0,0
2024-11-10,P003,S003,99,14850,0,0
2024-11-10,P004,S001,200,60000,0,0
2024-11-10,P004,S002,245,73500,0,0
2024-11-10,P004,S003,184,55200,0,0
2024-11-10,P005,S001,137,24660,0,0
2024-11-10,P005,S002,183,32940,0,0
2024-11-10,P005,S003,126,22680,0,0
2024-11-11,P001,S001,117,23400,0,0
2024-11-11,P001,S002,192,38400,1,0
2024-11-11,P001,S003,111,22200,0,0
2024-11-11,P002,S001,145,36250,1,0
2024-11-11,P002,S002,188,47000,0,0
2024-11-11,P002,S003,137,34250,0,0
2024-11-11,P003,S001,115,17250,1,0
2024-11-11,P003,S002,140,21000,1,0
2024-11-11,P003,S003,91,13650,0,0
2024-11-11,P004,S001,169,50700,0,0
2024-11-11,P004,S002,206,61800,0,0
2024-11-11,P004,S003,159,47700,0,0
2024-11-11,P005,S001,133,23940,0,0
2024-11-11,P005,S002,166,29880,0,0
2024-11-11,P005,S003,116,20880,0,0
2024-11-12,P001,S001,125,25000,0,0
2024-11-12,P001,S002,147,29400,0,0
2024-11-12,P001,S003,123,24600,0,0
2024-11-12,P002,S001,155,38750,0,0
2024-11-12,P002,S002,175,43750,0,0
2024-11-12,P002,S003,152,38000,1,0
2024-11-12,P003,S001,104,15600,0,0
2024-11-12,P003,S002,153,22950,1,0
2024-11-12,P003,S003,90,13500,0,0
2024-11-12,P004,S001,216,64800,0,0
2024-11-12,P004,S002,207,62100,0,0
2024-11-12,P004,S003,159,47700,0,0
2024-11-12,P005,S001,130,23400,0,0
2024-11-12,P005,S002,153,27540,0,0
2024-11-12,P005,S003,120,21600,0,0
2024-11-13,P001,S001,146,29200,1,0
2024-11-13,P001,S002,127,25400,0,0
2024-11-13,P001,S003,105,21000,0,0
2024-11-13,P002,S001,157,39250,0,0
2024-11-13,P002,S002,179,44750,0,0
2024-11-13,P002,S003,143,35750,0,0
2024-11-13,P003,S001,109,16350,0,0
2024-11-13,P003,S002,103,15450,0,0
2024-11-13,P003,S003,86,12900,0,0
2024-11-13,P004,S001,189,56700,0,0
2024-11-13,P004,S002,277,83100,1,0
2024-11-13,P004,S003,184,55200,0,0
2024-11-13,P005,S001,144,25920,0,0
2024-11-13,P005,S002,163,29340,0,0
2024-11-13,P005,S003,142,25560,1,0
2024-11-14,P001,S001,153,30600,1,0
2024-11-14,P001,S002,133,26600,0,0
2024-11-14,P001,S003,110,22000,0,0
2024-11-14,P002,S001,193,48250,1,0
2024-11-14,P002,S002,185,46250,0,0
2024-11-14,P002,S003,129,32250,0,0
2024-11-14,P003,S001,93,13950,0,0
2024-11-14,P003,S002,100,15000,0,0
2024-11-14,P003,S003,105,15750,0,0
2024-11-14,P004,S001,161,48300,0,0
2024-11-14,P004,S002,218,65400,0,0
2024-11-14,P004,S003,162,48600,0,0
2024-11-14,P005,S001,160,28800,1,0
2024-11-14,P005,S002,143,25740,0,0
2024-11-14,P005,S003,124,22320,0,0
2024-11-15,P001,S001,127,25400,0,0
2024-11-15,P001,S002,157,31400,0,0
2024-11-15,P001,S003,141,28200,1,0
2024-11-15,P002,S001,185,46250,1,0
2024-11-15,P002,S002,211,52750,1,0
2024-11-15,P002,S003,141,35250,0,0
2024-11-15,P003,S001,131,19650,1,0
2024-11-15,P003,S002,130,19500,1,0
2024-11-15,P003,S003,104,15600,1,0
2024-11-15,P004,S001,161,48300,0,0
2024-11-15,P004,S002,208,62400,0,0
2024-11-15,P004,S003,149,44700,0,0
2024-11-15,P005,S001,133,23940,0,0
2024-11-15,P005,S002,169,30420,0,0
2024-11-15,P005,S003,113,20340,0,0
2024-11-16,P001,S001,146,29200,0,0
2024-11-16,P001,S002,163,32600,0,0
2024-11-16,P001,S003,142,28400,1,0
2024-11-16,P002,S001,179,44750,0,0
2024-11-16,P002,S002,241,60250,1,0
2024-11-16,P002,S003,127,31750,0,0
2024-11-16,P003,S001,125,18750,0,0
2024-11-16,P003,S002,135,20250,0,0
2024-11-16,P003,S003,127,19050,1,0
2024-11-16,P004,S001,186,55800,0,0
2024-11-16,P004,S002,234,70200,0,0
2024-11-16,P004,S003,246,73800,1,0
2024-11-16,P005,S001,146,26280,0,0
2024-11-16,P005,S002,157,28260,0,0
2024-11-16,P005,S003,135,24300,0,0
2024-11-17,P001,S001,137,27400,0,0
2024-11-17,P001,S002,187,37400,1,0
2024-11-17,P001,S003,147,29400,1,0
2024-11-17,P002,S001,170,42500,0,0
2024-11-17,P002,S002,213,53250,0,0
2024-11-17,P002,S003,147,36750,0,0
2024-11-17,P003,S001,123,18450,0,0
2024-11-17,P003,S002,142,21300,1,0
2024-11-17,P003,S003,106,15900,0,0
2024-11-17,P004,S001,212,63600,0,0
2024-11-17,P004,S002,221,66300,0,0
2024-11-17,P004,S003,173,51900,0,0
2024-11-17,P005,S001,156,28080,0,0
2024-11-17,P005,S002,164,29520,0,0
2024-11-17,P005,S003,140,25200,0,0
2024-11-18,P001,S001,126,25200,0,0
2024-11-18,P001,S002,136,27200,0,0
2024-11-18,P001,S003,117,23400,0,0
2024-11-18,P002,S001,174,43500,0,0
2024-11-18,P002,S002,238,59500,1,0
2024-11-18,P002,S003,133,33250,0,0
2024-11-18,P003,S001,88,13200,0,0
2024-11-18,P003,S002,129,19350,0,0
2024-11-18,P003,S003,116,17400,1,0
2024-11-18,P004,S001,225,67500,1,0
2024-11-18,P004,S002,211,63300,0,0
2024-11-18,P004,S003,183,54900,0,0
2024-11-18,P005,S001,134,24120,0,0
2024-11-18,P005,S002,185,33300,1,0
2024-11-18,P005,S003,146,26280,1,0
2024-11-19,P001,S001,128,25600,0,0
2024-11-19,P001,S002,161,32200,0,0
2024-11-19,P001,S003,110,22000,0,0
2024-11-19,P002,S001,125,31250,0,0
2024-11-19,P002,S002,213,53250,0,0
2024-11-19,P002,S003,141,35250,0,0
2024-11-19,P003,S001,102,15300,0,0
2024-11-19,P003,S002,151,22650,1,0
2024-11-19,P003,S003,132,19800,1,0
2024-11-19,P004,S001,174,52200,0,0
2024-11-19,P004,S002,198,59400,0,0
2024-11-19,P004,S003,186,55800,1,0
2024-11-19,P005,S001,142,25560,0,0
2024-11-19,P005,S002,157,28260,0,0
2024-11-19,P005,S003,137,24660,0,0
2024-11-20,P001,S001,127,25400,1,0
2024-11-20,P001,S002,185,37000,1,0
2024-11-20,P001,S003,109,21800,0,0
2024-11-20,P002,S001,148,37000,0,0
2024-11-20,P002,S002,169,42250,0,0
2024-11-20,P002,S003,132,33000,0,0
2024-11-20,P003,S001,91,13650,0,0
2024-11-20,P003,S002,137,20550,1,0
2024-11-20,P003,S003,119,17850,1,0
2024-11-20,P004,S001,186,55800,0,0
2024-11-20,P004,S002,212,63600,0,0
2024-11-20,P004,S003,152,45600,0,0
2024-11-20,P005,S001,123,22140,0,0
2024-11-20,P005,S002,193,34740,1,0
2024-11-20,P005,S003,142,25560,1,0
2024-11-21,P001,S001,139,27800,0,0
2024-11-21,P001,S002,128,25600,0,0
2024-11-21,P001,S003,128,25600,0,0
2024-11-21,P002,S001,140,35000,0,0
2024-11-21,P002,S002,182,45500,0,0
2024-11-21,P002,S003,115,28750,0,0
2024-11-21,P003,S001,102,15300,0,0
2024-11-21,P003,S002,110,16500,0,0
2024-11-21,P003,S003,92,13800,0,0
2024-11-21,P004,S001,183,54900,0,0
2024-11-21,P004,S002,194,58200,0,0
2024-11-21,P004,S003,183,54900,1,0
2024-11-21,P005,S001,139,25020,0,0
2024-11-21,P005,S002,153,27540,0,0
2024-11-21,P005,S003,116,20880,0,0
2024-11-22,P001,S001,122,24400,0,0
2024-11-22,P001,S002,140,28000,0,0
2024-11-22,P001,S003,122,24400,1,0
2024-11-22,P002,S001,127,31750,0,0
2024-11-22,P002,S002,176,44000,1,0
2024-11-22,P002,S003,156,39000,1,0
2024-11-22,P003,S001,113,16950,0,0
2024-11-22,P003,S002,128,19200,0,0
2024-11-22,P003,S003,119,17850,1,0
2024-11-22,P004,S001,193,57900,0,0
2024-11-22,P004,S002,248,74400,0,0
2024-11-22,P004,S003,174,52200,0,0
2024-11-22,P005,S001,133,23940,0,0
2024-11-22,P005,S002,160,28800,1,0
2024-11-22,P005,S003,122,21960,0,0
2024-11-23,P001,S001,130,26000,0,0
2024-11-23,P001,S002,155,31000,0,0
2024-11-23,P001,S003,159,31800,1,0
2024-11-23,P002,S001,179,44750,0,0
2024-11-23,P002,S002,203,50750,0,0
2024-11-23,P002,S003,148,37000,0,0
2024-11-23,P003,S001,116,17400,0,0
2024-11-23,P003,S002,187,28050,1,0
2024-11-23,P003,S003,111,16650,0,0
2024-11-23,P004,S001,194,58200,0,0
2024-11-23,P004,S002,234,70200,0,0
2024-11-23,P004,S003,224,67200,1,0
2024-11-23,P005,S001,145,26100,0,0
2024-11-23,P005,S002,236,42480,1,0
2024-11-23,P005,S003,131,23580,0,0
2024-11-24,P001,S001,138,27600,0,0
2024-11-24,P001,S002,168,33600,0,0
2024-11-24,P001,S003,121,24200,0,0
2024-11-24,P002,S001,184,46000,1,0
2024-11-24,P002,S002,183,45750,0,0
2024-11-24,P002,S003,143,35750,0,0
2024-11-24,P003,S001,112,16800,0,0
2024-11-24,P003,S002,131,19650,0,0
2024-11-24,P003,S003,108,16200,1,0
2024-11-24,P004,S001,227,68100,0,0
2024-11-24,P004,S002,232,69600,0,0
2024-11-24,P004,S003,226,67800,1,0
2024-11-24,P005,S001,142,25560,0,0
2024-11-24,P005,S002,207,37260,1,0
2024-11-24,P005,S003,155,27900,1,0
2024-11-25,P001,S001,120,24000,0,0
2024-11-25,P001,S002,149,29800,1,0
2024-11-25,P001,S003,127,25400,0,0
2024-11-25,P002,S001,191,47750,1,0
2024-11-25,P002,S002,199,49750,1,0
2024-11-25,P002,S003,127,31750,0,0
2024-11-25,P003,S001,97,14550,0,0
2024-11-25,P003,S002,133,19950,1,0
2024-11-25,P003,S003,77,11550,0,0
2024-11-25,P004,S001,203,60900,0,0
2024-11-25,P004,S002,226,67800,0,0
2024-11-25,P004,S003,163,48900,0,0
2024-11-25,P005,S001,140,25200,0,0
2024-11-25,P005,S002,194,34920,1,0
2024-11-25,P005,S003,139,25020,1,0
2024-11-26,P001,S001,163,32600,1,0
2024-11-26,P001,S002,130,26000,0,0
2024-11-26,P001,S003,101,20200,0,0
2024-11-26,P002,S001,167,41750,0,0
2024-11-26,P002,S002,180,45000,0,0
2024-11-26,P002,S003,155,38750,1,0
2024-11-26,P003,S001,102,15300,0,0
2024-11-26,P003,S002,117,17550,0,0
2024-11-26,P003,S003,91,13650,0,0
2024-11-26,P004,S001,173,51900,0,0
2024-11-26,P004,S002,198,59400,0,0
2024-11-26,P004,S003,214,64200,1,0
2024-11-26,P005,S001,130,23400,0,0
2024-11-26,P005,S002,165,29700,0,0
2024-11-26,P005,S003,104,18720,0,0
2024-11-27,P001,S001,130,26000,0,0
2024-11-27,P001,S002,129,25800,0,0
2024-11-27,P001,S003,127,25400,0,0
2024-11-27,P002,S001,160,40000,0,0
2024-11-27,P002,S002,196,49000,1,0
2024-11-27,P002,S003,176,44000,1,0
2024-11-27,P003,S001,92,13800,0,0
2024-11-27,P003,S002,116,17400,0,0
2024-11-27,P003,S003,78,11700,0,0
2024-11-27,P004,S001,162,48600,0,0
2024-11-27,P004,S002,202,60600,0,0
2024-11-27,P004,S003,179,53700,0,0
2024-11-27,P005,S001,141,25380,1,0
2024-11-27,P005,S002,165,29700,0,0
2024-11-27,P005,S003,103,18540,0,0
2024-11-28,P001,S001,132,26400,0,0
2024-11-28,P001,S002,136,27200,0,0
2024-11-28,P001,S003,103,20600,0,0
2024-11-28,P002,S001,171,42750,0,0
2024-11-28,P002,S002,269,67250,1,0
2024-11-28,P002,S003,136,34000,0,0
2024-11-28,P003,S001,106,15900,0,0
2024-11-28,P003,S002,113,16950,0,0
2024-11-28,P003,S003,101,15150,0,0
2024-11-28,P004,S001,230,69000,1,0
2024-11-28,P004,S002,222,66600,0,0
2024-11-28,P004,S003,198,59400,1,0
2024-11-28,P005,S001,137,24660,0,0
2024-11-28,P005,S002,152,27360,0,0
2024-11-28,P005,S003,118,21240,0,0
2024-11-29,P001,S001,132,26400,0,0
2024-11-29,P001,S002,147,29400,0,0
2024-11-29,P001,S003,127,25400,1,0
2024-11-29,P002,S001,165,41250,0,0
2024-11-29,P002,S002,183,45750,0,0
2024-11-29,P002,S003,143,35750,0,0
2024-11-29,P003,S001,101,15150,0,0
2024-11-29,P003,S002,128,19200,1,0
2024-11-29,P003,S003,98,14700,0,0
2024-11-29,P004,S001,204,61200,0,0
2024-11-29,P004,S002,239,71700,1,0
2024-11-29,P004,S003,160,48000,0,0
2024-11-29,P005,S001,125,22500,0,0
2024-11-29,P005,S002,163,29340,1,0
2024-11-29,P005,S003,163,29340,1,0
2024-11-30,P001,S001,130,26000,0,0
2024-11-30,P001,S002,167,33400,0,0
2024-11-30,P001,S003,133,26600,0,0
2024-11-30,P002,S001,155,38750,0,0
2024-11-30,P002,S002,262,65500,1,0
2024-11-30,P002,S003,148,37000,0,0
2024-11-30,P003,S001,120,18000,0,0
2024-11-30,P003,S002,141,21150,0,0
2024-11-30,P003,S003,97,14550,0,0
2024-11-30,P004,S001,186,55800,0,0
2024-11-30,P004,S002,220,66000,0,0
2024-11-30,P004,S003,195,58500,0,0
2024-11-30,P005,S001,201,36180,1,0
2024-11-30,P005,S002,166,29880,0,0
2024-11-30,P005,S003,127,22860,0,0
2024-12-01,P001,S001,177,35400,0,0
2024-12-01,P001,S002,177,35400,0,0
2024-12-01,P001,S003,142,28400,1,0
2024-12-01,P002,S001,171,42750,0,0
2024-12-01,P002,S002,184,46000,0,0
2024-12-01,P002,S003,168,42000,0,0
2024-12-01,P003,S001,121,18150,0,0
2024-12-01,P003,S002,164,24600,1,0
2024-12-01,P003,S003,98,14700,0,0
2024-12-01,P004,S001,205,61500,0,0
2024-12-01,P004,S002,251,75300,0,0
2024-12-01,P004,S003,236,70800,1,0
2024-12-01,P005,S001,167,30060,0,0
2024-12-01,P005,S002,156,28080,0,0
2024-12-01,P005,S003,152,27360,0,0
2024-12-02,P001,S001,151,30200,1,0
2024-12-02,P001,S002,156,31200,0,0
2024-12-02,P001,S003,161,32200,1,0
2024-12-02,P002,S001,164,41000,0,0
2024-12-02,P002,S002,213,53250,0,0
2024-12-02,P002,S003,179,44750,0,0
2024-12-02,P003,S001,111,16650,0,0
2024-12-02,P003,S002,149,22350,0,0
2024-12-02,P003,S003,93,13950,0,0
2024-12-02,P004,S001,205,61500,0,0
2024-12-02,P004,S002,224,67200,0,0
2024-12-02,P004,S003,180,54000,0,0
2024-12-02,P005,S001,141,25380,0,0
2024-12-02,P005,S002,169,30420,1,0
2024-12-02,P005,S003,132,23760,0,0
2024-12-03,P001,S001,127,25400,0,0
2024-12-03,P001,S002,197,39400,1,0
2024-12-03,P001,S003,132,26400,0,0
2024-12-03,P002,S001,155,38750,0,0
2024-12-03,P002,S002,171,42750,0,0
2024-12-03,P002,S003,140,35000,0,0
2024-12-03,P003,S001,102,15300,0,0
2024-12-03,P003,S002,120,18000,0,0
2024-12-03,P003,S003,98,14700,0,0
2024-12-03,P004,S001,212,63600,0,0
2024-12-03,P004,S002,255,76500,0,0
2024-12-03,P004,S003,194,58200,0,0
2024-12-03,P005,S001,166,29880,0,0
2024-12-03,P005,S002,149,26820,0,0
2024-12-03,P005,S003,128,23040,0,0
2024-12-04,P001,S001,149,29800,1,0
2024-12-04,P001,S002,164,32800,0,0
2024-12-04,P001,S003,121,24200,0,0
2024-12-04,P002,S001,156,39000,0,0
2024-12-04,P002,S002,203,50750,0,0
2024-12-04,P002,S003,161,40250,0,0
2024-12-04,P003,S001,108,16200,0,0
2024-12-04,P003,S002,133,19950,0,0
2024-12-04,P003,S003,100,15000,0,0
2024-12-04,P004,S001,194,58200,0,0
2024-12-04,P004,S002,224,67200,0,0
2024-12-04,P004,S003,170,51000,0,0
2024-12-04,P005,S001,146,26280,0,0
2024-12-04,P005,S002,164,29520,0,0
2024-12-04,P005,S003,135,24300,0,0
2024-12-05,P001,S001,130,26000,1,0
2024-12-05,P001,S002,160,32000,0,0
2024-12-05,P001,S003,92,18400,0,0
2024-12-05,P002,S001,173,43250,0,0
2024-12-05,P002,S002,192,48000,0,0
2024-12-05,P002,S003,126,31500,0,0
2024-12-05,P003,S001,111,16650,0,0
2024-12-05,P003,S002,134,20100,0,0
2024-12-05,P003,S003,100,15000,0,0
2024-12-05,P004,S001,198,59400,0,0
2024-12-05,P004,S002,221,66300,0,0
2024-12-05,P004,S003,182,54600,0,0
2024-12-05,P005,S001,149,26820,0,0
2024-12-05,P005,S002,163,29340,0,0
2024-12-05,P005,S003,155,27900,1,0
2024-12-06,P001,S001,123,24600,0,0
2024-12-06,P001,S002,163,32600,0,0
2024-12-06,P001,S003,111,22200,0,0
2024-12-06,P002,S001,203,50750,1,0
2024-12-06,P002,S002,190,47500,0,0
2024-12-06,P002,S003,140,35000,0,0
2024-12-06,P003,S001,120,18000,0,0
2024-12-06,P003,S002,110,16500,0,0
2024-12-06,P003,S003,97,14550,0,0
2024-12-06,P004,S001,241,72300,1,0
2024-12-06,P004,S002,310,93000,1,0
2024-12-06,P004,S003,188,56400,0,0
2024-12-06,P005,S001,128,23040,0,0
2024-12-06,P005,S002,144,25920,0,0
2024-12-06,P005,S003,144,25920,0,0
2024-12-07,P001,S001,194,38800,1,0
2024-12-07,P001,S002,178,35600,0,0
2024-12-07,P001,S003,124,24800,0,0
2024-12-07,P002,S001,173,43250,0,0
2024-12-07,P002,S002,220,55000,1,0
2024-12-07,P002,S003,176,44000,0,0
2024-12-07,P003,S001,111,16650,0,0
2024-12-07,P003,S002,143,21450,0,0
2024-12-07,P003,S003,110,16500,0,0
2024-12-07,P004,S001,255,76500,1,0
2024-12-07,P004,S002,241,72300,0,0
2024-12-07,P004,S003,202,60600,0,0
2024-12-07,P005,S001,176,31680,0,0
2024-12-07,P005,S002,189,34020,0,0
2024-12-07,P005,S003,141,25380,0,0
2024-12-08,P001,S001,156,31200,0,0
2024-12-08,P001,S002,189,37800,0,0
2024-12-08,P001,S003,124,24800,0,0
2024-12-08,P002,S001,185,46250,0,0
2024-12-08,P002,S002,195,48750,0,0
2024-12-08,P002,S003,183,45750,0,0
2024-12-08,P003,S001,127,19050,0,0
2024-12-08,P003,S002,140,21000,0,0
2024-12-08,P003,S003,106,15900,0,0
2024-12-08,P004,S001,273,81900,1,0
2024-12-08,P004,S002,300,90000,0,0
2024-12-08,P004,S003,232,69600,0,0
2024-12-08,P005,S001,182,32760,1,0
2024-12-08,P005,S002,151,27180,0,0
2024-12-08,P005,S003,145,26100,0,0
2024-12-09,P001,S001,131,26200,0,0
2024-12-09,P001,S002,173,34600,1,0
2024-12-09,P001,S003,128,25600,0,0
2024-12-09,P002,S001,172,43000,0,0
2024-12-09,P002,S002,182,45500,0,0
2024-12-09,P002,S003,170,42500,0,0
2024-12-09,P003,S001,153,22950,1,0
2024-12-09,P003,S002,119,17850,0,0
2024-12-09,P003,S003,98,14700,0,0
2024-12-09,P004,S001,226,67800,0,0
2024-12-09,P004,S002,215,64500,0,0
2024-12-09,P004,S003,181,54300,0,0
2024-12-09,P005,S001,148,26640,0,0
2024-12-09,P005,S002,174,31320,0,0
2024-12-09,P005,S003,179,32220,1,0
2024-12-10,P001,S001,147,29400,0,0
2024-12-10,P001,S002,181,36200,1,0
2024-12-10,P001,S003,147,29400,1,0
2024-12-10,P002,S001,172,43000,0,0
2024-12-10,P002,S002,176,44000,0,0
2024-12-10,P002,S003,136,34000,0,0
2024-12-10,P003,S001,108,16200,0,0
2024-12-10,P003,S002,130,19500,0,0
2024-12-10,P003,S003,99,14850,0,0
2024-12-10,P004,S001,160,48000,0,0
2024-12-10,P004,S002,213,63900,0,0
2024-12-10,P004,S003,212,63600,0,0
2024-12-10,P005,S001,204,36720,1,0
2024-12-10,P005,S002,173,31140,0,0
2024-12-10,P005,S003,176,31680,1,0
2024-12-11,P001,S001,148,29600,0,0
2024-12-11,P001,S002,168,33600,0,0
2024-12-11,P001,S003,145,29000,1,0
2024-12-11,P002,S001,153,38250,0,0
2024-12-11,P002,S002,203,50750,0,0
2024-12-11,P002,S003,152,38000,0,0
2024-12-11,P003,S001,121,18150,1,0
2024-12-11,P003,S002,130,19500,0,0
2024-12-11,P003,S003,99,14850,0,0
2024-12-11,P004,S001,189,56700,0,0
2024-12-11,P004,S002,224,67200,0,0
2024-12-11,P004,S003,203,60900,0,0
2024-12-11,P005,S001,137,24660,0,0
2024-12-11,P005,S002,163,29340,0,0
2024-12-11,P005,S003,128,23040,0,0
2024-12-12,P001,S001,126,25200,0,0
2024-12-12,P001,S002,129,25800,0,0
2024-12-12,P001,S003,127,25400,0,0
2024-12-12,P002,S001,205,51250,1,0
2024-12-12,P002,S002,174,43500,0,0
2024-12-12,P002,S003,154,38500,0,0
2024-12-12,P003,S001,126,18900,0,0
2024-12-12,P003,S002,137,20550,0,0
2024-12-12,P003,S003,102,15300,0,0
2024-12-12,P004,S001,197,59100,0,0
2024-12-12,P004,S002,227,68100,0,0
2024-12-12,P004,S003,204,61200,0,0
2024-12-12,P005,S001,134,24120,0,0
2024-12-12,P005,S002,154,27720,0,0
2024-12-12,P005,S003,114,20520,0,0
2024-12-13,P001,S001,139,27800,0,0
2024-12-13,P001,S002,177,35400,0,0
2024-12-13,P001,S003,132,26400,0,0
2024-12-13,P002,S001,193,48250,1,0
2024-12-13,P002,S002,194,48500,0,0
2024-12-13,P002,S003,144,36000,0,0
2024-12-13,P003,S001,116,17400,0,0
2024-12-13,P003,S002,121,18150,0,0
2024-12-13,P003,S003,90,13500,0,0
2024-12-13,P004,S001,211,63300,0,0
2024-12-13,P004,S002,251,75300,0,0
2024-12-13,P004,S003,187,56100,0,0
2024-12-13,P005,S001,199,35820,1,0
2024-12-13,P005,S002,157,28260,0,0
2024-12-13,P005,S003,162,29160,1,0
2024-12-14,P001,S001,135,27000,0,0
2024-12-14,P001,S002,163,32600,0,0
2024-12-14,P001,S003,153,30600,1,0
2024-12-14,P002,S001,191,47750,0,0
2024-12-14,P002,S002,185,46250,0,0
2024-12-14,P002,S003,209,52250,1,0
2024-12-14,P003,S001,127,19050,0,0
2024-12-14,P003,S002,153,22950,0,0
2024-12-14,P003,S003,112,16800,0,0
2024-12-14,P004,S001,226,67800,0,0
2024-12-14,P004,S002,256,76800,0,0
2024-12-14,P004,S003,181,54300,0,0
2024-12-14,P005,S001,201,36180,1,0
2024-12-14,P005,S002,206,37080,0,0
2024-12-14,P005,S003,174,31320,1,0
2024-12-15,P001,S001,158,31600,0,0
2024-12-15,P001,S002,185,37000,0,0
2024-12-15,P001,S003,120,24000,0,0
2024-12-15,P002,S001,216,54000,1,0
2024-12-15,P002,S002,250,62500,1,0
2024-12-15,P002,S003,195,48750,1,0
2024-12-15,P003,S001,145,21750,1,0
2024-12-15,P003,S002,144,21600,0,0
2024-12-15,P003,S003,141,21150,1,0
2024-12-15,P004,S001,208,62400,0,0
2024-12-15,P004,S002,304,91200,1,0
2024-12-15,P004,S003,169,50700,0,0
2024-12-15,P005,S001,193,34740,1,0
2024-12-15,P005,S002,217,39060,1,0
2024-12-15,P005,S003,148,26640,0,0
2024-12-16,P001,S001,147,29400,0,0
2024-12-16,P001,S002,158,31600,0,0
2024-12-16,P001,S003,126,25200,0,0
2024-12-16,P002,S001,150,37500,0,0
2024-12-16,P002,S002,188,47000,0,0
2024-12-16,P002,S003,149,37250,0,0
2024-12-16,P003,S001,103,15450,0,0
2024-12-16,P003,S002,112,16800,0,0
2024-12-16,P003,S003,95,14250,0,0
2024-12-16,P004,S001,195,58500,0,0
2024-12-16,P004,S002,268,80400,1,0
2024-12-16,P004,S003,193,57900,0,0
2024-12-16,P005,S001,137,24660,0,0
2024-12-16,P005,S002,182,32760,0,0
2024-12-16,P005,S003,108,19440,0,0
2024-12-17,P001,S001,146,29200,0,0
2024-12-17,P001,S002,165,33000,0,0
2024-12-17,P001,S003,97,19400,0,0
2024-12-17,P002,S001,174,43500,0,0
2024-12-17,P002,S002,195,48750,0,0
2024-12-17,P002,S003,142,35500,0,0
2024-12-17,P003,S001,126,18900,0,0
2024-12-17,P003,S002,147,22050,1,0
2024-12-17,P003,S003,106,15900,0,0
2024-12-17,P004,S001,196,58800,0,0
2024-12-17,P004,S002,247,74100,0,0
2024-12-17,P004,S003,209,62700,1,0
2024-12-17,P005,S001,139,25020,0,0
2024-12-17,P005,S002,208,37440,1,0
2024-12-17,P005,S003,126,22680,0,0
2024-12-18,P001,S001,155,31000,1,0
2024-12-18,P001,S002,154,30800,0,0
2024-12-18,P001,S003,122,24400,0,0
2024-12-18,P002,S001,170,42500,0,0
2024-12-18,P002,S002,243,60750,1,0
2024-12-18,P002,S003,184,46000,1,0
2024-12-18,P003,S001,113,16950,0,0
2024-12-18,P003,S002,114,17100,0,0
2024-12-18,P003,S003,108,16200,0,0
2024-12-18,P004,S001,198,59400,0,0
2024-12-18,P004,S002,242,72600,1,0
2024-12-18,P004,S003,234,70200,1,0
2024-12-18,P005,S001,166,29880,1,0
2024-12-18,P005,S002,182,32760,1,0
2024-12-18,P005,S003,136,24480,0,0
2024-12-19,P001,S001,132,26400,0,0
2024-12-19,P001,S002,191,38200,1,0
2024-12-19,P001,S003,116,23200,0,0
2024-12-19,P002,S001,145,36250,0,0
2024-12-19,P002,S002,181,45250,0,0
2024-12-19,P002,S003,198,49500,1,0
2024-12-19,P003,S001,100,15000,0,0
2024-12-19,P003,S002,165,24750,1,0
2024-12-19,P003,S003,104,15600,0,0
2024-12-19,P004,S001,202,60600,0,0
2024-12-19,P004,S002,241,72300,0,0
2024-12-19,P004,S003,197,59100,0,0
2024-12-19,P005,S001,158,28440,0,0
2024-12-19,P005,S002,162,29160,0,0
2024-12-19,P005,S003,126,22680,0,0
2024-12-20,P001,S001,141,28200,0,0
2024-12-20,P001,S002,175,35000,1,0
2024-12-20,P001,S003,130,26000,1,0
2024-12-20,P002,S001,189,47250,1,0
2024-12-20,P002,S002,168,42000,0,0
2024-12-20,P002,S003,146,36500,0,0
2024-12-20,P003,S001,140,21000,1,0
2024-12-20,P003,S002,127,19050,0,0
2024-12-20,P003,S003,95,14250,0,0
2024-12-20,P004,S001,195,58500,0,0
2024-12-20,P004,S002,236,70800,0,0
2024-12-20,P004,S003,181,54300,0,0
2024-12-20,P005,S001,165,29700,1,0
2024-12-20,P005,S002,176,31680,0,0
2024-12-20,P005,S003,159,28620,1,0
2024-12-21,P001,S001,146,29200,0,0
2024-12-21,P001,S002,192,38400,0,0
2024-12-21,P001,S003,134,26800,0,0
2024-12-21,P002,S001,168,42000,0,0
2024-12-21,P002,S002,177,44250,0,0
2024-12-21,P002,S003,137,34250,0,0
2024-12-21,P003,S001,123,18450,0,0
2024-12-21,P003,S002,145,21750,0,0
2024-12-21,P003,S003,122,18300,0,0
2024-12-21,P004,S001,243,72900,0,0
2024-12-21,P004,S002,251,75300,0,0
2024-12-21,P004,S003,194,58200,0,0
2024-12-21,P005,S001,152,27360,0,0
2024-12-21,P005,S002,237,42660,1,0
2024-12-21,P005,S003,142,25560,0,0
2024-12-22,P001,S001,138,27600,0,0
2024-12-22,P001,S002,201,40200,1,0
2024-12-22,P001,S003,156,31200,1,0
2024-12-22,P002,S001,179,44750,0,0
2024-12-22,P002,S002,201,50250,0,0
2024-12-22,P002,S003,181,45250,0,0
2024-12-22,P003,S001,145,21750,1,0
2024-12-22,P003,S002,135,20250,0,0
2024-12-22,P003,S003,103,15450,0,0
2024-12-22,P004,S001,228,68400,0,0
2024-12-22,P004,S002,268,80400,0,0
2024-12-22,P004,S003,192,57600,0,0
2024-12-22,P005,S001,152,27360,0,0
2024-12-22,P005,S002,198,35640,0,0
2024-12-22,P005,S003,166,29880,0,0
2024-12-23,P001,S001,148,29600,1,0
2024-12-23,P001,S002,151,30200,0,0
2024-12-23,P001,S003,120,24000,0,0
2024-12-23,P002,S001,205,51250,1,0
2024-12-23,P002,S002,191,47750,0,0
2024-12-23,P002,S003,115,28750,0,0
2024-12-23,P003,S001,115,17250,0,0
2024-12-23,P003,S002,98,14700,0,0
2024-12-23,P003,S003,95,14250,0,0
2024-12-23,P004,S001,156,46800,0,0
2024-12-23,P004,S002,257,77100,1,0
2024-12-23,P004,S003,237,71100,1,0
2024-12-23,P005,S001,162,29160,1,0
2024-12-23,P005,S002,157,28260,0,0
2024-12-23,P005,S003,134,24120,0,0
2024-12-24,P001,S001,166,33200,1,0
2024-12-24,P001,S002,133,26600,0,0
2024-12-24,P001,S003,126,25200,0,0
2024-12-24,P002,S001,172,43000,0,0
2024-12-24,P002,S002,178,44500,0,0
2024-12-24,P002,S003,185,46250,1,0
2024-12-24,P003,S001,128,19200,1,0
2024-12-24,P003,S002,162,24300,1,0
2024-12-24,P003,S003,109,16350,0,0
2024-12-24,P004,S001,213,63900,0,0
2024-12-24,P004,S002,306,91800,1,0
2024-12-24,P004,S003,182,54600,0,0
2024-12-24,P005,S001,132,23760,0,0
2024-12-24,P005,S002,165,29700,0,0
2024-12-24,P005,S003,154,27720,1,0
2024-12-25,P001,S001,166,33200,0,1
2024-12-25,P001,S002,187,37400,0,1
2024-12-25,P001,S003,158,31600,0,1
2024-12-25,P002,S001,205,51250,0,1
2024-12-25,P002,S002,241,60250,0,1
2024-12-25,P002,S003,167,41750,0,1
2024-12-25,P003,S001,139,20850,0,1
2024-12-25,P003,S002,146,21900,0,1
2024-12-25,P003,S003,134,20100,1,1
2024-12-25,P004,S001,268,80400,0,1
2024-12-25,P004,S002,305,91500,0,1
2024-12-25,P004,S003,244,73200,0,1
2024-12-25,P005,S001,190,34200,0,1
2024-12-25,P005,S002,274,49320,1,1
2024-12-25,P005,S003,150,27000,0,1
2024-12-26,P001,S001,117,23400,0,0
2024-12-26,P001,S002,142,28400,0,0
2024-12-26,P001,S003,126,25200,0,0
2024-12-26,P002,S001,164,41000,0,0
2024-12-26,P002,S002,195,48750,0,0
2024-12-26,P002,S003,169,42250,0,0
2024-12-26,P003,S001,126,18900,1,0
2024-12-26,P003,S002,117,17550,0,0
2024-12-26,P003,S003,133,19950,1,0
2024-12-26,P004,S001,200,60000,0,0
2024-12-26,P004,S002,225,67500,0,0
2024-12-26,P004,S003,195,58500,0,0
2024-12-26,P005,S001,155,27900,0,0
2024-12-26,P005,S002,195,35100,0,0
2024-12-26,P005,S003,136,24480,0,0
2024-12-27,P001,S001,126,25200,0,0
2024-12-27,P001,S002,143,28600,0,0
2024-12-27,P001,S003,114,22800,0,0
2024-12-27,P002,S001,183,45750,0,0
2024-12-27,P002,S002,202,50500,0,0
2024-12-27,P002,S003,139,34750,0,0
2024-12-27,P003,S001,119,17850,0,0
2024-12-27,P003,S002,151,22650,1,0
2024-12-27,P003,S003,100,15000,0,0
2024-12-27,P004,S001,261,78300,1,0
2024-12-27,P004,S002,281,84300,1,0
2024-12-27,P004,S003,201,60300,0,0
2024-12-27,P005,S001,124,22320,0,0
2024-12-27,P005,S002,182,32760,0,0
2024-12-27,P005,S003,159,28620,1,0
2024-12-28,P001,S001,159,31800,0,0
2024-12-28,P001,S002,145,29000,0,0
2024-12-28,P001,S003,120,24000,0,0
2024-12-28,P002,S001,198,49500,0,0
2024-12-28,P002,S002,189,47250,0,0
2024-12-28,P002,S003,159,39750,0,0
2024-12-28,P003,S001,122,18300,0,0
2024-12-28,P003,S002,178,26700,1,0
2024-12-28,P003,S003,119,17850,0,0
2024-12-28,P004,S001,227,68100,0,0
2024-12-28,P004,S002,339,101700,1,0
2024-12-28,P004,S003,206,61800,0,0
2024-12-28,P005,S001,154,27720,0,0
2024-12-28,P005,S002,196,35280,0,0
2024-12-28,P005,S003,138,24840,0,0
2024-12-29,P001,S001,152,30400,0,0
2024-12-29,P001,S002,198,39600,1,0
2024-12-29,P001,S003,111,22200,0,0
2024-12-29,P002,S001,192,48000,0,0
2024-12-29,P002,S002,252,63000,1,0
2024-12-29,P002,S003,152,38000,0,0
2024-12-29,P003,S001,148,22200,0,0
2024-12-29,P003,S002,148,22200,0,0
2024-12-29,P003,S003,115,17250,0,0
2024-12-29,P004,S001,227,68100,1,0
2024-12-29,P004,S002,246,73800,0,0
2024-12-29,P004,S003,195,58500,0,0
2024-12-29,P005,S001,193,34740,1,0
2024-12-29,P005,S002,169,30420,0,0
2024-12-29,P005,S003,139,25020,0,0
2024-12-30,P001,S001,130,26000,0,0
2024-12-30,P001,S002,180,36000,1,0
2024-12-30,P001,S003,116,23200,0,0
2024-12-30,P002,S001,225,56250,1,0
2024-12-30,P002,S002,202,50500,0,0
2024-12-30,P002,S003,138,34500,0,0
2024-12-30,P003,S001,113,16950,0,0
2024-12-30,P003,S002,117,17550,0,0
2024-12-30,P003,S003,101,15150,0,0
2024-12-30,P004,S001,232,69600,1,0
2024-12-30,P004,S002,234,70200,0,0
2024-12-30,P004,S003,214,64200,1,0
2024-12-30,P005,S001,125,22500,0,0
2024-12-30,P005,S002,169,30420,0,0
2024-12-30,P005,S003,125,22500,0,0
2024-12-31,P001,S001,137,27400,0,0
2024-12-31,P001,S002,160,32000,0,0
2024-12-31,P001,S003,132,26400,1,0
2024-12-31,P002,S001,198,49500,1,0
2024-12-31,P002,S002,163,40750,0,0
2024-12-31,P002,S003,156,39000,0,0
2024-12-31,P003,S001,114,17100,0,0
2024-12-31,P003,S002,134,20100,1,0
2024-12-31,P003,S003,88,13200,0,0
2024-12-31,P004,S001,226,67800,1,0
2024-12-31,P004,S002,228,68400,0,0
2024-12-31,P004,S003,182,54600,0,0
2024-12-31,P005,S001,146,26280,0,0
2024-12-31,P005,S002,179,32220,1,0
2024-12-31,P005,S003,129,23220,0,0
2025-01-01,P001,S001,151,30200,0,1
2025-01-01,P001,S002,207,41400,0,1
2025-01-01,P001,S003,165,33000,0,1
2025-01-01,P002,S001,210,52500,0,1
2025-01-01,P002,S002,362,90500,1,1
2025-01-01,P002,S003,184,46000,0,1
2025-01-01,P003,S001,158,23700,0,1
2025-01-01,P003,S002,157,23550,0,1
2025-01-01,P003,S003,125,18750,0,1
2025-01-01,P004,S001,325,97500,1,1
2025-01-01,P004,S002,380,114000,0,1
2025-01-01,P004,S003,260,78000,0,1
2025-01-01,P005,S001,174,31320,0,1
2025-01-01,P005,S002,233,41940,0,1
2025-01-01,P005,S003,185,33300,0,1
2025-01-02,P001,S001,173,34600,1,0
2025-01-02,P001,S002,175,35000,0,0
2025-01-02,P001,S003,169,33800,1,0
2025-01-02,P002,S001,199,49750,1,0
2025-01-02,P002,S002,208,52000,0,0
2025-01-02,P002,S003,184,46000,1,0
2025-01-02,P003,S001,112,16800,0,0
2025-01-02,P003,S002,124,18600,0,0
2025-01-02,P003,S003,150,22500,1,0
2025-01-02,P004,S001,218,65400,0,0
2025-01-02,P004,S002,265,79500,0,0
2025-01-02,P004,S003,197,59100,0,0
2025-01-02,P005,S001,195,35100,1,0
2025-01-02,P005,S002,163,29340,0,0
2025-01-02,P005,S003,124,22320,0,0
2025-01-03,P001,S001,143,28600,1,0
2025-01-03,P001,S002,169,33800,0,0
2025-01-03,P001,S003,111,22200,0,0
2025-01-03,P002,S001,158,39500,0,0
2025-01-03,P002,S002,211,52750,0,0
2025-01-03,P002,S003,169,42250,0,0
2025-01-03,P003,S001,142,21300,0,0
2025-01-03,P003,S002,119,17850,0,0
2025-01-03,P003,S003,99,14850,0,0
2025-01-03,P004,S001,203,60900,0,0
2025-01-03,P004,S002,295,88500,0,0
2025-01-03,P004,S003,234,70200,1,0
2025-01-03,P005,S001,131,23580,0,0
2025-01-03,P005,S002,201,36180,0,0
2025-01-03,P005,S003,134,24120,0,0
2025-01-04,P001,S001,148,29600,0,0
2025-01-04,P001,S002,191,38200,1,0
2025-01-04,P001,S003,148,29600,1,0
2025-01-04,P002,S001,198,49500,0,0
2025-01-04,P002,S002,284,71000,1,0
2025-01-04,P002,S003,169,42250,0,0
2025-01-04,P003,S001,139,20850,1,0
2025-01-04,P003,S002,136,20400,0,0
2025-01-04,P003,S003,146,21900,1,0
2025-01-04,P004,S001,319,95700,1,0
2025-01-04,P004,S002,388,116400,1,0
2025-01-04,P004,S003,208,62400,0,0
2025-01-04,P005,S001,167,30060,0,0
2025-01-04,P005,S002,209,37620,0,0
2025-01-04,P005,S003,153,27540,0,0
2025-01-05,P001,S001,167,33400,1,0
2025-01-05,P001,S002,178,35600,0,0
2025-01-05,P001,S003,173,34600,1,0
2025-01-05,P002,S001,198,49500,0,0
2025-01-05,P002,S002,265,66250,1,0
2025-01-05,P002,S003,189,47250,0,0
2025-01-05,P003,S001,133,19950,0,0
2025-01-05,P003,S002,125,18750,0,0
2025-01-05,P003,S003,115,17250,0,0
2025-01-05,P004,S001,237,71100,0,0
2025-01-05,P004,S002,229,68700,0,0
2025-01-05,P004,S003,214,64200,0,0
2025-01-05,P005,S001,222,39960,1,0
2025-01-05,P005,S002,205,36900,1,0
2025-01-05,P005,S003,145,26100,0,0
2025-01-06,P001,S001,144,28800,0,0
2025-01-06,P001,S002,173,34600,0,0
2025-01-06,P001,S003,128,25600,0,0
2025-01-06,P002,S001,195,48750,1,0
2025-01-06,P002,S002,229,57250,0,0
2025-01-06,P002,S003,219,54750,1,0
2025-01-06,P003,S001,114,17100,0,0
2025-01-06,P003,S002,156,23400,1,0
2025-01-06,P003,S003,108,16200,0,0
2025-01-06,P004,S001,206,61800,0,0
2025-01-06,P004,S002,298,89400,1,0
2025-01-06,P004,S003,244,73200,1,0
2025-01-06,P005,S001,158,28440,0,0
2025-01-06,P005,S002,176,31680,0,0
2025-01-06,P005,S003,130,23400,0,0
2025-01-07,P001,S001,162,32400,0,0
2025-01-07,P001,S002,172,34400,0,0
2025-01-07,P001,S003,137,27400,0,0
2025-01-07,P002,S001,244,61000,1,0
2025-01-07,P002,S002,221,55250,1,0
2025-01-07,P002,S003,191,47750,1,0
2025-01-07,P003,S001,133,19950,0,0
2025-01-07,P003,S002,184,27600,1,0
2025-01-07,P003,S003,106,15900,0,0
2025-01-07,P004,S001,249,74700,0,0
2025-01-07,P004,S002,253,75900,0,0
2025-01-07,P004,S003,206,61800,0,0
2025-01-07,P005,S001,188,33840,1,0
2025-01-07,P005,S002,187,33660,0,0
2025-01-07,P005,S003,128,23040,0,0
2025-01-08,P001,S001,156,31200,0,0
2025-01-08,P001,S002,189,37800,1,0
2025-01-08,P001,S003,155,31000,0,0
2025-01-08,P002,S001,167,41750,0,0
2025-01-08,P002,S002,206,51500,0,0
2025-01-08,P002,S003,157,39250,0,0
2025-01-08,P003,S001,107,16050,0,0
2025-01-08,P003,S002,154,23100,0,0
2025-01-08,P003,S003,102,15300,0,0
2025-01-08,P004,S001,218,65400,0,0
2025-01-08,P004,S002,232,69600,0,0
2025-01-08,P004,S003,211,63300,0,0
2025-01-08,P005,S001,184,33120,1,0
2025-01-08,P005,S002,220,39600,1,0
2025-01-08,P005,S003,139,25020,0,0
2025-01-09,P001,S001,178,35600,1,0
2025-01-09,P001,S002,221,44200,1,0
2025-01-09,P001,S003,129,25800,0,0
2025-01-09,P002,S001,188,47000,0,0
2025-01-09,P002,S002,204,51000,0,0
2025-01-09,P002,S003,149,37250,0,0
2025-01-09,P003,S001,122,18300,0,0
2025-01-09,P003,S002,128,19200,0,0
2025-01-09,P003,S003,106,15900,0,0
2025-01-09,P004,S001,188,56400,0,0
2025-01-09,P004,S002,252,75600,0,0
2025-01-09,P004,S003,231,69300,1,0
2025-01-09,P005,S001,158,28440,0,0
2025-01-09,P005,S002,182,32760,0,0
2025-01-09,P005,S003,175,31500,1,0
2025-01-10,P001,S001,151,30200,0,0
2025-01-10,P001,S002,197,39400,0,0
2025-01-10,P001,S003,146,29200,0,0
2025-01-10,P002,S001,188,47000,0,0
2025-01-10,P002,S002,202,50500,0,0
2025-01-10,P002,S003,158,39500,0,0
2025-01-10,P003,S001,100,15000,0,0
2025-01-10,P003,S002,128,19200,0,0
2025-01-10,P003,S003,107,16050,0,0
2025-01-10,P004,S001,220,66000,0,0
2025-01-10,P004,S002,306,91800,0,0
2025-01-10,P004,S003,201,60300,0,0
2025-01-10,P005,S001,164,29520,0,0
2025-01-10,P005,S002,197,35460,1,0
2025-01-10,P005,S003,134,24120,0,0
2025-01-11,P001,S001,156,31200,0,0
2025-01-11,P001,S002,195,39000,1,0
2025-01-11,P001,S003,147,29400,0,0
2025-01-11,P002,S001,225,56250,1,0
2025-01-11,P002,S002,207,51750,0,0
2025-01-11,P002,S003,191,47750,0,0
2025-01-11,P003,S001,130,19500,0,0
2025-01-11,P003,S002,156,23400,0,0
2025-01-11,P003,S003,130,19500,1,0
2025-01-11,P004,S001,252,75600,0,0
2025-01-11,P004,S002,284,85200,0,0
2025-01-11,P004,S003,215,64500,0,0
2025-01-11,P005,S001,182,32760,0,0
2025-01-11,P005,S002,189,34020,0,0
2025-01-11,P005,S003,150,27000,0,0
2025-01-12,P001,S001,154,30800,0,0
2025-01-12,P001,S002,160,32000,0,0
2025-01-12,P001,S003,140,28000,0,0
2025-01-12,P002,S001,198,49500,0,0
2025-01-12,P002,S002,217,54250,0,0
2025-01-12,P002,S003,176,44000,0,0
2025-01-12,P003,S001,131,19650,0,0
2025-01-12,P003,S002,160,24000,0,0
2025-01-12,P003,S003,151,22650,1,0
2025-01-12,P004,S001,319,95700,1,0
2025-01-12,P004,S002,262,78600,0,0
2025-01-12,P004,S003,280,84000,1,0
2025-01-12,P005,S001,184,33120,0,0
2025-01-12,P005,S002,178,32040,0,0
2025-01-12,P005,S003,167,30060,0,0
2025-01-13,P001,S001,156,31200,1,0
2025-01-13,P001,S002,167,33400,0,0
2025-01-13,P001,S003,142,28400,0,0
2025-01-13,P002,S001,152,38000,0,0
2025-01-13,P002,S002,216,54000,0,0
2025-01-13,P002,S003,147,36750,0,0
2025-01-13,P003,S001,161,24150,1,0
2025-01-13,P003,S002,148,22200,0,0
2025-01-13,P003,S003,115,17250,1,0
2025-01-13,P004,S001,208,62400,0,0
2025-01-13,P004,S002,274,82200,0,0
2025-01-13,P004,S003,200,60000,0,0
2025-01-13,P005,S001,165,29700,0,0
2025-01-13,P005,S002,175,31500,0,0
2025-01-13,P005,S003,151,27180,0,0
2025-01-14,P001,S001,164,32800,0,0
2025-01-14,P001,S002,152,30400,0,0
2025-01-14,P001,S003,126,25200,0,0
2025-01-14,P002,S001,185,46250,0,0
2025-01-14,P002,S002,204,51000,0,0
2025-01-14,P002,S003,166,41500,0,0
2025-01-14,P003,S001,125,18750,0,0
2025-01-14,P003,S002,164,24600,1,0
2025-01-14,P003,S003,103,15450,0,0
2025-01-14,P004,S001,218,65400,0,0
2025-01-14,P004,S002,223,66900,0,0
2025-01-14,P004,S003,221,66300,1,0
2025-01-14,P005,S001,152,27360,0,0
2025-01-14,P005,S002,180,32400,0,0
2025-01-14,P005,S003,188,33840,1,0
2025-01-15,P001,S001,125,25000,0,0
2025-01-15,P001,S002,166,33200,0,0
2025-01-15,P001,S003,164,32800,1,0
2025-01-15,P002,S001,212,53000,1,0
2025-01-15,P002,S002,198,49500,0,0
2025-01-15,P002,S003,161,40250,0,0
2025-01-15,P003,S001,115,17250,0,0
2025-01-15,P003,S002,153,22950,1,0
2025-01-15,P003,S003,101,15150,0,0
2025-01-15,P004,S001,203,60900,0,0
2025-01-15,P004,S002,295,88500,0,0
2025-01-15,P004,S003,198,59400,0,0
2025-01-15,P005,S001,154,27720,0,0
2025-01-15,P005,S002,200,36000,1,0
2025-01-15,P005,S003,159,28620,0,0
2025-01-16,P001,S001,151,30200,0,0
2025-01-16,P001,S002,176,35200,0,0
2025-01-16,P001,S003,145,29000,0,0
2025-01-16,P002,S001,207,51750,1,0
2025-01-16,P002,S002,231,57750,0,0
2025-01-16,P002,S003,199,49750,1,0
2025-01-16,P003,S001,131,19650,0,0
2025-01-16,P003,S002,138,20700,0,0
2025-01-16,P003,S003,104,15600,0,0
2025-01-16,P004,S001,229,68700,0,0
2025-01-16,P004,S002,227,68100,0,0
2025-01-16,P004,S003,245,73500,1,0
2025-01-16,P005,S001,126,22680,0,0
2025-01-16,P005,S002,158,28440,0,0
2025-01-16,P005,S003,131,23580,0,0
2025-01-17,P001,S001,142,28400,0,0
2025-01-17,P001,S002,176,35200,0,0
2025-01-17,P001,S003,122,24400,0,0
2025-01-17,P002,S001,187,46750,0,0
2025-01-17,P002,S002,205,51250,0,0
2025-01-17,P002,S003,175,43750,0,0
2025-01-17,P003,S001,111,16650,0,0
2025-01-17,P003,S002,134,20100,0,0
2025-01-17,P003,S003,119,17850,0,0
2025-01-17,P004,S001,199,59700,0,0
2025-01-17,P004,S002,260,78000,0,0
2025-01-17,P004,S003,200,60000,1,0
2025-01-17,P005,S001,208,37440,1,0
2025-01-17,P005,S002,168,30240,0,0
2025-01-17,P005,S003,133,23940,0,0
2025-01-18,P001,S001,171,34200,1,0
2025-01-18,P001,S002,190,38000,0,0
2025-01-18,P001,S003,144,28800,0,0
2025-01-18,P002,S001,183,45750,0,0
2025-01-18,P002,S002,227,56750,0,0
2025-01-18,P002,S003,210,52500,0,0
2025-01-18,P003,S001,143,21450,0,0
2025-01-18,P003,S002,167,25050,0,0
2025-01-18,P003,S003,112,16800,0,0
2025-01-18,P004,S001,265,79500,1,0
2025-01-18,P004,S002,285,85500,1,0
2025-01-18,P004,S003,219,65700,0,0
2025-01-18,P005,S001,201,36180,1,0
2025-01-18,P005,S002,219,39420,0,0
2025-01-18,P005,S003,170,30600,0,0
2025-01-19,P001,S001,165,33000,0,0
2025-01-19,P001,S002,165,33000,0,0
2025-01-19,P001,S003,128,25600,0,0
2025-01-19,P002,S001,165,41250,0,0
2025-01-19,P002,S002,211,52750,0,0
2025-01-19,P002,S003,161,40250,0,0
2025-01-19,P003,S001,138,20700,0,0
2025-01-19,P003,S002,148,22200,0,0
2025-01-19,P003,S003,113,16950,0,0
2025-01-19,P004,S001,235,70500,0,0
2025-01-19,P004,S002,274,82200,0,0
2025-01-19,P004,S003,203,60900,0,0
2025-01-19,P005,S001,167,30060,0,0
2025-01-19,P005,S002,249,44820,1,0
2025-01-19,P005,S003,165,29700,0,0
2025-01-20,P001,S001,156,31200,1,0
2025-01-20,P001,S002,195,39000,1,0
2025-01-20,P001,S003,145,29000,0,0
2025-01-20,P002,S001,202,50500,0,0
2025-01-20,P002,S002,229,57250,0,0
2025-01-20,P002,S003,200,50000,1,0
2025-01-20,P003,S001,117,17550,0,0
2025-01-20,P003,S002,116,17400,0,0
2025-01-20,P003,S003,99,14850,0,0
2025-01-20,P004,S001,214,64200,0,0
2025-01-20,P004,S002,262,78600,0,0
2025-01-20,P004,S003,202,60600,0,0
2025-01-20,P005,S001,140,25200,0,0
2025-01-20,P005,S002,172,30960,0,0
2025-01-20,P005,S003,187,33660,1,0
2025-01-21,P001,S001,142,28400,0,0
2025-01-21,P001,S002,127,25400,0,0
2025-01-21,P001,S003,135,27000,0,0
2025-01-21,P002,S001,174,43500,0,0
2025-01-21,P002,S002,179,44750,0,0
2025-01-21,P002,S003,164,41000,0,0
2025-01-21,P003,S001,118,17700,0,0
2025-01-21,P003,S002,136,20400,0,0
2025-01-21,P003,S003,130,19500,1,0
2025-01-21,P004,S001,200,60000,0,0
2025-01-21,P004,S002,248,74400,0,0
2025-01-21,P004,S003,180,54000,0,0
2025-01-21,P005,S001,162,29160,0,0
2025-01-21,P005,S002,224,40320,0,0
2025-01-21,P005,S003,133,23940,0,0
2025-01-22,P001,S001,160,32000,0,0
2025-01-22,P001,S002,197,39400,1,0
2025-01-22,P001,S003,130,26000,0,0
2025-01-22,P002,S001,212,53000,1,0
2025-01-22,P002,S002,195,48750,0,0
2025-01-22,P002,S003,155,38750,0,0
2025-01-22,P003,S001,137,20550,0,0
2025-01-22,P003,S002,128,19200,0,0
2025-01-22,P003,S003,116,17400,0,0
2025-01-22,P004,S001,209,62700,0,0
2025-01-22,P004,S002,255,76500,1,0
2025-01-22,P004,S003,194,58200,0,0
2025-01-22,P005,S001,184,33120,0,0
2025-01-22,P005,S002,229,41220,1,0
2025-01-22,P005,S003,114,20520,0,0
2025-01-23,P001,S001,152,30400,0,0
2025-01-23,P001,S002,162,32400,0,0
2025-01-23,P001,S003,118,23600,0,0
2025-01-23,P002,S001,174,43500,0,0
2025-01-23,P002,S002,226,56500,1,0
2025-01-23,P002,S003,139,34750,0,0
2025-01-23,P003,S001,135,20250,1,0
2025-01-23,P003,S002,131,19650,0,0
2025-01-23,P003,S003,123,18450,1,0
2025-01-23,P004,S001,208,62400,0,0
2025-01-23,P004,S002,234,70200,0,0
2025-01-23,P004,S003,194,58200,0,0
2025-01-23,P005,S001,173,31140,0,0
2025-01-23,P005,S002,155,27900,0,0
2025-01-23,P005,S003,144,25920,0,0
2025-01-24,P001,S001,148,29600,0,0
2025-01-24,P001,S002,182,36400,1,0
2025-01-24,P001,S003,141,28200,0,0
2025-01-24,P002,S001,157,39250,0,0
2025-01-24,P002,S002,218,54500,0,0
2025-01-24,P002,S003,163,40750,0,0
2025-01-24,P003,S001,131,19650,1,0
2025-01-24,P003,S002,154,23100,0,0
2025-01-24,P003,S003,112,16800,1,0
2025-01-24,P004,S001,236,70800,0,0
2025-01-24,P004,S002,282,84600,1,0
2025-01-24,P004,S003,228,68400,1,0
2025-01-24,P005,S001,141,25380,0,0
2025-01-24,P005,S002,205,36900,1,0
2025-01-24,P005,S003,150,27000,0,0
2025-01-25,P001,S001,162,32400,0,0
2025-01-25,P001,S002,249,49800,1,0
2025-01-25,P001,S003,131,26200,0,0
2025-01-25,P002,S001,191,47750,0,0
2025-01-25,P002,S002,234,58500,0,0
2025-01-25,P002,S003,220,55000,1,0
2025-01-25,P003,S001,128,19200,0,0
2025-01-25,P003,S002,136,20400,0,0
2025-01-25,P003,S003,131,19650,0,0
2025-01-25,P004,S001,218,65400,0,0
2025-01-25,P004,S002,311,93300,1,0
2025-01-25,P004,S003,326,97800,1,0
2025-01-25,P005,S001,167,30060,0,0
2025-01-25,P005,S002,201,36180,0,0
2025-01-25,P005,S003,169,30420,1,0
2025-01-26,P001,S001,192,38400,0,1
2025-01-26,P001,S002,242,48400,0,1
2025-01-26,P001,S003,240,48000,1,1
2025-01-26,P002,S001,231,57750,0,1
2025-01-26,P002,S002,295,73750,1,1
2025-01-26,P002,S003,229,57250,0,1
2025-01-26,P003,S001,145,21750,0,1
2025-01-26,P003,S002,231,34650,1,1
2025-01-26,P003,S003,145,21750,0,1
2025-01-26,P004,S001,254,76200,0,1
2025-01-26,P004,S002,399,119700,1,1
2025-01-26,P004,S003,244,73200,0,1
2025-01-26,P005,S001,293,52740,1,1
2025-01-26,P005,S002,237,42660,0,1
2025-01-26,P005,S003,244,43920,1,1
2025-01-27,P001,S001,144,28800,0,0
2025-01-27,P001,S002,172,34400,0,0
2025-01-27,P001,S003,144,28800,0,0
2025-01-27,P002,S001,198,49500,1,0
2025-01-27,P002,S002,193,48250,0,0
2025-01-27,P002,S003,154,38500,0,0
2025-01-27,P003,S001,133,19950,0,0
2025-01-27,P003,S002,146,21900,0,0
2025-01-27,P003,S003,127,19050,1,0
2025-01-27,P004,S001,209,62700,0,0
2025-01-27,P004,S002,238,71400,0,0
2025-01-27,P004,S003,199,59700,0,0
2025-01-27,P005,S001,207,37260,1,0
2025-01-27,P005,S002,185,33300,0,0
2025-01-27,P005,S003,168,30240,1,0
2025-01-28,P001,S001,150,30000,0,0
2025-01-28,P001,S002,156,31200,0,0
2025-01-28,P001,S003,145,29000,0,0
2025-01-28,P002,S001,202,50500,0,0
2025-01-28,P002,S002,205,51250,0,0
2025-01-28,P002,S003,152,38000,0,0
2025-01-28,P003,S001,113,16950,0,0
2025-01-28,P003,S002,134,20100,0,0
2025-01-28,P003,S003,132,19800,1,0
2025-01-28,P004,S001,184,55200,0,0
2025-01-28,P004,S002,243,72900,0,0
2025-01-28,P004,S003,248,74400,1,0
2025-01-28,P005,S001,150,27000,0,0
2025-01-28,P005,S002,167,30060,0,0
2025-01-28,P005,S003,171,30780,1,0
2025-01-29,P001,S001,170,34000,1,0
2025-01-29,P001,S002,173,34600,0,0
2025-01-29,P001,S003,117,23400,0,0
2025-01-29,P002,S001,183,45750,0,0
2025-01-29,P002,S002,222,55500,0,0
2025-01-29,P002,S003,159,39750,1,0
2025-01-29,P003,S001,159,23850,1,0
2025-01-29,P003,S002,141,21150,0,0
2025-01-29,P003,S003,101,15150,0,0
2025-01-29,P004,S001,239,71700,0,0
2025-01-29,P004,S002,245,73500,1,0
2025-01-29,P004,S003,179,53700,0,0
2025-01-29,P005,S001,152,27360,0,0
2025-01-29,P005,S002,156,28080,0,0
2025-01-29,P005,S003,139,25020,0,0
2025-01-30,P001,S001,140,28000,0,0
2025-01-30,P001,S002,150,30000,0,0
2025-01-30,P001,S003,161,32200,1,0
2025-01-30,P002,S001,227,56750,1,0
2025-01-30,P002,S002,234,58500,0,0
2025-01-30,P002,S003,158,39500,0,0
2025-01-30,P003,S001,107,16050,0,0
2025-01-30,P003,S002,125,18750,0,0
2025-01-30,P003,S003,118,17700,0,0
2025-01-30,P004,S001,216,64800,0,0
2025-01-30,P004,S002,292,87600,1,0
2025-01-30,P004,S003,209,62700,0,0
2025-01-30,P005,S001,147,26460,0,0
2025-01-30,P005,S002,239,43020,1,0
2025-01-30,P005,S003,134,24120,0,0
2025-01-31,P001,S001,153,30600,0,0
2025-01-31,P001,S002,165,33000,0,0
2025-01-31,P001,S003,157,31400,1,0
2025-01-31,P002,S001,210,52500,1,0
2025-01-31,P002,S002,229,57250,0,0
2025-01-31,P002,S003,151,37750,0,0
2025-01-31,P003,S001,130,19500,0,0
2025-01-31,P003,S002,152,22800,1,0
2025-01-31,P003,S003,110,16500,1,0
2025-01-31,P004,S001,223,66900,0,0
2025-01-31,P004,S002,245,73500,0,0
2025-01-31,P004,S003,232,69600,1,0
2025-01-31,P005,S001,138,24840,0,0
2025-01-31,P005,S002,177,31860,0,0
2025-01-31,P005,S003,159,28620,1,0
2025-02-01,P001,S001,191,38200,0,0
2025-02-01,P001,S002,200,40000,0,0
2025-02-01,P001,S003,150,30000,0,0
2025-02-01,P002,S001,222,55500,0,0
2025-02-01,P002,S002,232,58000,0,0
2025-02-01,P002,S003,188,47000,0,0
2025-02-01,P003,S001,134,20100,0,0
2025-02-01,P003,S002,151,22650,0,0
2025-02-01,P003,S003,127,19050,0,0
2025-02-01,P004,S001,320,96000,1,0
2025-02-01,P004,S002,285,85500,0,0
2025-02-01,P004,S003,250,75000,1,0
2025-02-01,P005,S001,176,31680,0,0
2025-02-01,P005,S002,196,35280,0,0
2025-02-01,P005,S003,157,28260,0,0
2025-02-02,P001,S001,158,31600,0,0
2025-02-02,P001,S002,200,40000,0,0
2025-02-02,P001,S003,176,35200,0,0
2025-02-02,P002,S001,201,50250,0,0
2025-02-02,P002,S002,239,59750,0,0
2025-02-02,P002,S003,178,44500,0,0
2025-02-02,P003,S001,130,19500,0,0
2025-02-02,P003,S002,152,22800,0,0
2025-02-02,P003,S003,104,15600,0,0
2025-02-02,P004,S001,261,78300,0,0
2025-02-02,P004,S002,307,92100,1,0
2025-02-02,P004,S003,231,69300,0,0
2025-02-02,P005,S001,179,32220,0,0
2025-02-02,P005,S002,204,36720,0,0
2025-02-02,P005,S003,170,30600,0,0
2025-02-03,P001,S001,155,31000,0,0
2025-02-03,P001,S002,182,36400,0,0
2025-02-03,P001,S003,142,28400,0,0
2025-02-03,P002,S001,197,49250,0,0
2025-02-03,P002,S002,220,55000,0,0
2025-02-03,P002,S003,229,57250,1,0
2025-02-03,P003,S001,127,19050,0,0
2025-02-03,P003,S002,202,30300,1,0
2025-02-03,P003,S003,107,16050,0,0
2025-02-03,P004,S001,248,74400,1,0
2025-02-03,P004,S002,274,82200,0,0
2025-02-03,P004,S003,170,51000,0,0
2025-02-03,P005,S001,173,31140,0,0
2025-02-03,P005,S002,165,29700,0,0
2025-02-03,P005,S003,175,31500,1,0
2025-02-04,P001,S001,160,32000,0,0
2025-02-04,P001,S002,154,30800,0,0
2025-02-04,P001,S003,133,26600,0,0
2025-02-04,P002,S001,201,50250,0,0
2025-02-04,P002,S002,182,45500,0,0
2025-02-04,P002,S003,172,43000,0,0
2025-02-04,P003,S001,144,21600,1,0
2025-02-04,P003,S002,159,23850,0,0
2025-02-04,P003,S003,110,16500,0,0
2025-02-04,P004,S001,267,80100,0,0
2025-02-04,P004,S002,261,78300,0,0
2025-02-04,P004,S003,202,60600,0,0
2025-02-04,P005,S001,155,27900,0,0
2025-02-04,P005,S002,219,39420,1,0
2025-02-04,P005,S003,155,27900,0,0
2025-02-05,P001,S001,147,29400,0,0
2025-02-05,P001,S002,164,32800,0,0
2025-02-05,P001,S003,146,29200,1,0
2025-02-05,P002,S001,182,45500,0,0
2025-02-05,P002,S002,228,57000,0,0
2025-02-05,P002,S003,161,40250,0,0
2025-02-05,P003,S001,184,27600,1,0
2025-02-05,P003,S002,161,24150,0,0
2025-02-05,P003,S003,95,14250,0,0
2025-02-05,P004,S001,221,66300,0,0
2025-02-05,P004,S002,300,90000,1,0
2025-02-05,P004,S003,176,52800,0,0
2025-02-05,P005,S001,157,28260,0,0
2025-02-05,P005,S002,181,32580,0,0
2025-02-05,P005,S003,156,28080,0,0
2025-02-06,P001,S001,163,32600,0,0
2025-02-06,P001,S002,184,36800,0,0
2025-02-06,P001,S003,151,30200,0,0
2025-02-06,P002,S001,189,47250,0,0
2025-02-06,P002,S002,217,54250,0,0
2025-02-06,P002,S003,179,44750,0,0
2025-02-06,P003,S001,121,18150,0,0
2025-02-06,P003,S002,147,22050,0,0
2025-02-06,P003,S003,115,17250,0,0
2025-02-06,P004,S001,233,69900,0,0
2025-02-06,P004,S002,282,84600,0,0
2025-02-06,P004,S003,229,68700,1,0
2025-02-06,P005,S001,153,27540,0,0
2025-02-06,P005,S002,264,47520,1,0
2025-02-06,P005,S003,138,24840,0,0
2025-02-07,P001,S001,146,29200,0,0
2025-02-07,P001,S002,180,36000,0,0
2025-02-07,P001,S003,138,27600,1,0
2025-02-07,P002,S001,180,45000,0,0
2025-02-07,P002,S002,237,59250,1,0
2025-02-07,P002,S003,151,37750,0,0
2025-02-07,P003,S001,136,20400,0,0
2025-02-07,P003,S002,154,23100,0,0
2025-02-07,P003,S003,105,15750,0,0
2025-02-07,P004,S001,246,73800,0,0
2025-02-07,P004,S002,341,102300,1,0
2025-02-07,P004,S003,226,67800,0,0
2025-02-07,P005,S001,215,38700,1,0
2025-02-07,P005,S002,230,41400,1,0
2025-02-07,P005,S003,170,30600,1,0
2025-02-08,P001,S001,176,35200,0,0
2025-02-08,P001,S002,185,37000,0,0
2025-02-08,P001,S003,153,30600,0,0
2025-02-08,P002,S001,240,60000,1,0
2025-02-08,P002,S002,237,59250,0,0
2025-02-08,P002,S003,203,50750,1,0
2025-02-08,P003,S001,146,21900,0,0
2025-02-08,P003,S002,196,29400,1,0
2025-02-08,P003,S003,110,16500,0,0
2025-02-08,P004,S001,290,87000,1,0
2025-02-08,P004,S002,307,92100,0,0
2025-02-08,P004,S003,207,62100,0,0
2025-02-08,P005,S001,167,30060,0,0
2025-02-08,P005,S002,203,36540,0,0
2025-02-08,P005,S003,153,27540,0,0
2025-02-09,P001,S001,187,37400,0,0
2025-02-09,P001,S002,217,43400,1,0
2025-02-09,P001,S003,171,34200,1,0
2025-02-09,P002,S001,168,42000,0,0
2025-02-09,P002,S002,233,58250,0,0
2025-02-09,P002,S003,198,49500,0,0
2025-02-09,P003,S001,146,21900,0,0
2025-02-09,P003,S002,168,25200,0,0
2025-02-09,P003,S003,130,19500,0,0
2025-02-09,P004,S001,285,85500,0,0
2025-02-09,P004,S002,293,87900,0,0
2025-02-09,P004,S003,214,64200,0,0
2025-02-09,P005,S001,173,31140,0,0
2025-02-09,P005,S002,202,36360,0,0
2025-02-09,P005,S003,152,27360,0,0
2025-02-10,P001,S001,155,31000,0,0
2025-02-10,P001,S002,222,44400,1,0
2025-02-10,P001,S003,157,31400,1,0
2025-02-10,P002,S001,206,51500,0,0
2025-02-10,P002,S002,236,59000,1,0
2025-02-10,P002,S003,144,36000,0,0
2025-02-10,P003,S001,121,18150,0,0
2025-02-10,P003,S002,149,22350,1,0
2025-02-10,P003,S003,105,15750,0,0
2025-02-10,P004,S001,229,68700,0,0
2025-02-10,P004,S002,228,68400,0,0
2025-02-10,P004,S003,205,61500,0,0
2025-02-10,P005,S001,186,33480,1,0
2025-02-10,P005,S002,236,42480,1,0
2025-02-10,P005,S003,157,28260,1,0
2025-02-11,P001,S001,143,28600,0,0
2025-02-11,P001,S002,163,32600,0,0
2025-02-11,P001,S003,137,27400,0,0
2025-02-11,P002,S001,180,45000,0,0
2025-02-11,P002,S002,226,56500,0,0
2025-02-11,P002,S003,172,43000,0,0
2025-02-11,P003,S001,125,18750,0,0
2025-02-11,P003,S002,141,21150,0,0
2025-02-11,P003,S003,128,19200,0,0
2025-02-11,P004,S001,227,68100,0,0
2025-02-11,P004,S002,267,80100,0,0
2025-02-11,P004,S003,209,62700,0,0
2025-02-11,P005,S001,156,28080,0,0
2025-02-11,P005,S002,159,28620,0,0
2025-02-11,P005,S003,166,29880,0,0
2025-02-12,P001,S001,175,35000,1,0
2025-02-12,P001,S002,213,42600,1,0
2025-02-12,P001,S003,154,30800,0,0
2025-02-12,P002,S001,181,45250,0,0
2025-02-12,P002,S002,188,47000,0,0
2025-02-12,P002,S003,200,50000,1,0
2025-02-12,P003,S001,138,20700,0,0
2025-02-12,P003,S002,138,20700,0,0
2025-02-12,P003,S003,103,15450,0,0
2025-02-12,P004,S001,198,59400,0,0
2025-02-12,P004,S002,314,94200,0,0
2025-02-12,P004,S003,228,68400,0,0
2025-02-12,P005,S001,160,28800,1,0
2025-02-12,P005,S002,199,35820,0,0
2025-02-12,P005,S003,166,29880,0,0
2025-02-13,P001,S001,150,30000,0,0
2025-02-13,P001,S002,168,33600,0,0
2025-02-13,P001,S003,132,26400,0,0
2025-02-13,P002,S001,252,63000,1,0
2025-02-13,P002,S002,203,50750,0,0
2025-02-13,P002,S003,159,39750,0,0
2025-02-13,P003,S001,125,18750,1,0
2025-02-13,P003,S002,162,24300,1,0
2025-02-13,P003,S003,90,13500,0,0
2025-02-13,P004,S001,220,66000,0,0
2025-02-13,P004,S002,286,85800,0,0
2025-02-13,P004,S003,211,63300,0,0
2025-02-13,P005,S001,171,30780,0,0
2025-02-13,P005,S002,193,34740,0,0
2025-02-13,P005,S003,145,26100,0,0
2025-02-14,P001,S001,179,35800,1,0
2025-02-14,P001,S002,178,35600,0,0
2025-02-14,P001,S003,131,26200,0,0
2025-02-14,P002,S001,175,43750,0,0
2025-02-14,P002,S002,210,52500,0,0
2025-02-14,P002,S003,153,38250,0,0
2025-02-14,P003,S001,118,17700,0,0
2025-02-14,P003,S002,157,23550,0,0
2025-02-14,P003,S003,111,16650,0,0
2025-02-14,P004,S001,232,69600,0,0
2025-02-14,P004,S002,270,81000,0,0
2025-02-14,P004,S003,204,61200,0,0
2025-02-14,P005,S001,175,31500,0,0
2025-02-14,P005,S002,215,38700,1,0
2025-02-14,P005,S003,151,27180,0,0
2025-02-15,P001,S001,153,30600,0,0
2025-02-15,P001,S002,156,31200,0,0
2025-02-15,P001,S003,142,28400,0,0
2025-02-15,P002,S001,205,51250,0,0
2025-02-15,P002,S002,265,66250,1,0
2025-02-15,P002,S003,210,52500,0,0
2025-02-15,P003,S001,165,24750,1,0
2025-02-15,P003,S002,167,25050,0,0
2025-02-15,P003,S003,137,20550,0,0
2025-02-15,P004,S001,250,75000,0,0
2025-02-15,P004,S002,273,81900,0,0
2025-02-15,P004,S003,204,61200,0,0
2025-02-15,P005,S001,157,28260,0,0
2025-02-15,P005,S002,219,39420,0,0
2025-02-15,P005,S003,173,31140,0,0
2025-02-16,P001,S001,221,44200,1,0
2025-02-16,P001,S002,250,50000,1,0
2025-02-16,P001,S003,170,34000,0,0
2025-02-16,P002,S001,222,55500,0,0
2025-02-16,P002,S002,291,72750,1,0
2025-02-16,P002,S003,180,45000,0,0
2025-02-16,P003,S001,137,20550,0,0
2025-02-16,P003,S002,191,28650,1,0
2025-02-16,P003,S003,140,21000,0,0
2025-02-16,P004,S001,272,81600,0,0
2025-02-16,P004,S002,268,80400,0,0
2025-02-16,P004,S003,277,83100,1,0
2025-02-16,P005,S001,145,26100,0,0
2025-02-16,P005,S002,261,46980,1,0
2025-02-16,P005,S003,169,30420,0,0
2025-02-17,P001,S001,176,35200,1,0
2025-02-17,P001,S002,173,34600,0,0
2025-02-17,P001,S003,147,29400,0,0
2025-02-17,P002,S001,184,46000,0,0
2025-02-17,P002,S002,201,50250,0,0
2025-02-17,P002,S003,178,44500,0,0
2025-02-17,P003,S001,125,18750,0,0
2025-02-17,P003,S002,189,28350,1,0
2025-02-17,P003,S003,137,20550,1,0
2025-02-17,P004,S001,179,53700,0,0
2025-02-17,P004,S002,267,80100,0,0
2025-02-17,P004,S003,211,63300,0,0
2025-02-17,P005,S001,215,38700,1,0
2025-02-17,P005,S002,177,31860,0,0
2025-02-17,P005,S003,142,25560,0,0
2025-02-18,P001,S001,143,28600,0,0
2025-02-18,P001,S002,226,45200,1,0
2025-02-18,P001,S003,149,29800,1,0
2025-02-18,P002,S001,239,59750,1,0
2025-02-18,P002,S002,204,51000,0,0
2025-02-18,P002,S003,170,42500,0,0
2025-02-18,P003,S001,111,16650,0,0
2025-02-18,P003,S002,182,27300,1,0
2025-02-18,P003,S003,112,16800,0,0
2025-02-18,P004,S001,289,86700,1,0
2025-02-18,P004,S002,272,81600,0,0
2025-02-18,P004,S003,197,59100,0,0
2025-02-18,P005,S001,154,27720,0,0
2025-02-18,P005,S002,189,34020,0,0
2025-02-18,P005,S003,141,25380,0,0
2025-02-19,P001,S001,174,34800,0,0
2025-02-19,P001,S002,174,34800,0,0
2025-02-19,P001,S003,179,35800,1,0
2025-02-19,P002,S001,193,48250,0,0
2025-02-19,P002,S002,257,64250,1,0
2025-02-19,P002,S003,159,39750,0,0
2025-02-19,P003,S001,156,23400,1,0
2025-02-19,P003,S002,134,20100,0,0
2025-02-19,P003,S003,138,20700,1,0
2025-02-19,P004,S001,234,70200,0,0
2025-02-19,P004,S002,256,76800,0,0
2025-02-19,P004,S003,267,80100,0,0
2025-02-19,P005,S001,209,37620,1,0
2025-02-19,P005,S002,217,39060,1,0
2025-02-19,P005,S003,158,28440,0,0
2025-02-20,P001,S001,166,33200,0,0
2025-02-20,P001,S002,179,35800,0,0
2025-02-20,P001,S003,144,28800,0,0
2025-02-20,P002,S001,197,49250,0,0
2025-02-20,P002,S002,223,55750,0,0
2025-02-20,P002,S003,210,52500,1,0
2025-02-20,P003,S001,115,17250,0,0
2025-02-20,P003,S002,157,23550,0,0
2025-02-20,P003,S003,113,16950,0,0
2025-02-20,P004,S001,228,68400,0,0
2025-02-20,P004,S002,259,77700,0,0
2025-02-20,P004,S003,230,69000,1,0
2025-02-20,P005,S001,161,28980,0,0
2025-02-20,P005,S002,208,37440,0,0
2025-02-20,P005,S003,163,29340,0,0
2025-02-21,P001,S001,172,34400,1,0
2025-02-21,P001,S002,171,34200,1,0
2025-02-21,P001,S003,119,23800,0,0
2025-02-21,P002,S001,184,46000,0,0
2025-02-21,P002,S002,188,47000,0,0
2025-02-21,P002,S003,160,40000,0,0
2025-02-21,P003,S001,137,20550,0,0
2025-02-21,P003,S002,196,29400,1,0
2025-02-21,P003,S003,100,15000,0,0
2025-02-21,P004,S001,270,81000,1,0
2025-02-21,P004,S002,205,61500,0,0
2025-02-21,P004,S003,200,60000,0,0
2025-02-21,P005,S001,209,37620,1,0
2025-02-21,P005,S002,180,32400,0,0
2025-02-21,P005,S003,157,28260,0,0
2025-02-22,P001,S001,225,45000,1,0
2025-02-22,P001,S002,227,45400,0,0
2025-02-22,P001,S003,153,30600,1,0
2025-02-22,P002,S001,212,53000,0,0
2025-02-22,P002,S002,241,60250,0,0
2025-02-22,P002,S003,204,51000,0,0
2025-02-22,P003,S001,153,22950,0,0
2025-02-22,P003,S002,160,24000,0,0
2025-02-22,P003,S003,170,25500,1,0
2025-02-22,P004,S001,247,74100,0,0
2025-02-22,P004,S002,268,80400,0,0
2025-02-22,P004,S003,239,71700,0,0
2025-02-22,P005,S001,164,29520,0,0
2025-02-22,P005,S002,219,39420,0,0
2025-02-22,P005,S003,172,30960,0,0
2025-02-23,P001,S001,181,36200,0,0
2025-02-23,P001,S002,227,45400,1,0
2025-02-23,P001,S003,162,32400,0,0
2025-02-23,P002,S001,175,43750,0,0
2025-02-23,P002,S002,249,62250,0,0
2025-02-23,P002,S003,190,47500,0,0
2025-02-23,P003,S001,152,22800,0,0
2025-02-23,P003,S002,227,34050,1,0
2025-02-23,P003,S003,144,21600,0,0
2025-02-23,P004,S001,221,66300,0,0
2025-02-23,P004,S002,289,86700,0,0
2025-02-23,P004,S003,215,64500,0,0
2025-02-23,P005,S001,167,30060,0,0
2025-02-23,P005,S002,215,38700,0,0
2025-02-23,P005,S003,153,27540,0,0
2025-02-24,P001,S001,155,31000,0,0
2025-02-24,P001,S002,171,34200,0,0
2025-02-24,P001,S003,119,23800,0,0
2025-02-24,P002,S001,236,59000,1,0
2025-02-24,P002,S002,250,62500,1,0
2025-02-24,P002,S003,221,55250,1,0
2025-02-24,P003,S001,149,22350,1,0
2025-02-24,P003,S002,137,20550,0,0
2025-02-24,P003,S003,113,16950,0,0
2025-02-24,P004,S001,238,71400,0,0
2025-02-24,P004,S002,249,74700,0,0
2025-02-24,P004,S003,246,73800,1,0
2025-02-24,P005,S001,163,29340,0,0
2025-02-24,P005,S002,174,31320,0,0
2025-02-24,P005,S003,159,28620,0,0
2025-02-25,P001,S001,200,40000,1,0
2025-02-25,P001,S002,183,36600,0,0
2025-02-25,P001,S003,153,30600,0,0
2025-02-25,P002,S001,221,55250,1,0
2025-02-25,P002,S002,213,53250,0,0
2025-02-25,P002,S003,178,44500,0,0
2025-02-25,P003,S001,119,17850,0,0
2025-02-25,P003,S002,126,18900,0,0
2025-02-25,P003,S003,125,18750,0,0
2025-02-25,P004,S001,216,64800,0,0
2025-02-25,P004,S002,286,85800,0,0
2025-02-25,P004,S003,216,64800,0,0
2025-02-25,P005,S001,171,30780,0,0
2025-02-25,P005,S002,202,36360,0,0
2025-02-25,P005,S003,143,25740,0,0
2025-02-26,P001,S001,166,33200,0,0
2025-02-26,P001,S002,198,39600,0,0
2025-02-26,P001,S003,149,29800,0,0
2025-02-26,P002,S001,175,43750,0,0
2025-02-26,P002,S002,224,56000,0,0
2025-02-26,P002,S003,155,38750,0,0
2025-02-26,P003,S001,134,20100,0,0
2025-02-26,P003,S002,142,21300,0,0
2025-02-26,P003,S003,118,17700,1,0
2025-02-26,P004,S001,221,66300,0,0
2025-02-26,P004,S002,264,79200,0,0
2025-02-26,P004,S003,194,58200,0,0
2025-02-26,P005,S001,180,32400,0,0
2025-02-26,P005,S002,181,32580,0,0
2025-02-26,P005,S003,140,25200,0,0
2025-02-27,P001,S001,130,26000,0,0
2025-02-27,P001,S002,187,37400,0,0
2025-02-27,P001,S003,166,33200,1,0
2025-02-27,P002,S001,206,51500,0,0
2025-02-27,P002,S002,222,55500,0,0
2025-02-27,P002,S003,190,47500,0,0
2025-02-27,P003,S001,160,24000,1,0
2025-02-27,P003,S002,152,22800,0,0
2025-02-27,P003,S003,114,17100,0,0
2025-02-27,P004,S001,193,57900,0,0
2025-02-27,P004,S002,249,74700,0,0
2025-02-27,P004,S003,192,57600,0,0
2025-02-27,P005,S001,198,35640,1,0
2025-02-27,P005,S002,183,32940,0,0
2025-02-27,P005,S003,160,28800,0,0
2025-02-28,P001,S001,195,39000,1,0
2025-02-28,P001,S002,172,34400,0,0
2025-02-28,P001,S003,139,27800,0,0
2025-02-28,P002,S001,180,45000,0,0
2025-02-28,P002,S002,230,57500,0,0
2025-02-28,P002,S003,178,44500,0,0
2025-02-28,P003,S001,144,21600,0,0
2025-02-28,P003,S002,145,21750,0,0
2025-02-28,P003,S003,126,18900,0,0
2025-02-28,P004,S001,208,62400,0,0
2025-02-28,P004,S002,266,79800,0,0
2025-02-28,P004,S003,201,60300,0,0
2025-02-28,P005,S001,168,30240,0,0
2025-02-28,P005,S002,234,42120,1,0
2025-02-28,P005,S003,132,23760,0,0
2025-03-01,P001,S001,184,36800,0,0
2025-03-01,P001,S002,254,50800,1,0
2025-03-01,P001,S003,152,30400,0,0
2025-03-01,P002,S001,211,52750,0,0
2025-03-01,P002,S002,252,63000,0,0
2025-03-01,P002,S003,206,51500,0,0
2025-03-01,P003,S001,146,21900,0,0
2025-03-01,P003,S002,174,26100,0,0
2025-03-01,P003,S003,144,21600,1,0
2025-03-01,P004,S001,284,85200,0,0
2025-03-01,P004,S002,284,85200,0,0
2025-03-01,P004,S003,240,72000,0,0
2025-03-01,P005,S001,222,39960,1,0
2025-03-01,P005,S002,179,32220,0,0
2025-03-01,P005,S003,202,36360,1,0
2025-03-02,P001,S001,172,34400,0,0
2025-03-02,P001,S002,193,38600,0,0
2025-03-02,P001,S003,129,25800,0,0
2025-03-02,P002,S001,286,71500,1,0
2025-03-02,P002,S002,273,68250,1,0
2025-03-02,P002,S003,187,46750,0,0
2025-03-02,P003,S001,154,23100,0,0
2025-03-02,P003,S002,176,26400,0,0
2025-03-02,P003,S003,131,19650,0,0
2025-03-02,P004,S001,240,72000,0,0
2025-03-02,P004,S002,300,90000,0,0
2025-03-02,P004,S003,216,64800,0,0
2025-03-02,P005,S001,203,36540,1,0
2025-03-02,P005,S002,215,38700,0,0
2025-03-02,P005,S003,146,26280,0,0
2025-03-03,P001,S001,171,34200,0,0
2025-03-03,P001,S002,204,40800,1,0
2025-03-03,P001,S003,138,27600,0,0
2025-03-03,P002,S001,184,46000,0,0
2025-03-03,P002,S002,203,50750,0,0
2025-03-03,P002,S003,141,35250,0,0
2025-03-03,P003,S001,120,18000,0,0
2025-03-03,P003,S002,165,24750,0,0
2025-03-03,P003,S003,127,19050,0,0
2025-03-03,P004,S001,202,60600,0,0
2025-03-03,P004,S002,295,88500,0,0
2025-03-03,P004,S003,213,63900,0,0
2025-03-03,P005,S001,152,27360,0,0
2025-03-03,P005,S002,203,36540,0,0
2025-03-03,P005,S003,150,27000,0,0
2025-03-04,P001,S001,149,29800,0,0
2025-03-04,P001,S002,207,41400,1,0
2025-03-04,P001,S003,146,29200,0,0
2025-03-04,P002,S001,205,51250,0,0
2025-03-04,P002,S002,209,52250,0,0
2025-03-04,P002,S003,180,45000,0,0
2025-03-04,P003,S001,132,19800,0,0
2025-03-04,P003,S002,115,17250,0,0
2025-03-04,P003,S003,124,18600,0,0
2025-03-04,P004,S001,262,78600,1,0
2025-03-04,P004,S002,265,79500,0,0
2025-03-04,P004,S003,214,64200,0,0
2025-03-04,P005,S001,178,32040,0,0
2025-03-04,P005,S002,212,38160,0,0
2025-03-04,P005,S003,159,28620,0,0
2025-03-05,P001,S001,193,38600,1,0
2025-03-05,P001,S002,180,36000,0,0
2025-03-05,P001,S003,162,32400,1,0
2025-03-05,P002,S001,211,52750,0,0
2025-03-05,P002,S002,209,52250,0,0
2025-03-05,P002,S003,184,46000,0,0
2025-03-05,P003,S001,135,20250,0,0
2025-03-05,P003,S002,150,22500,0,0
2025-03-05,P003,S003,152,22800,1,0
2025-03-05,P004,S001,237,71100,0,0
2025-03-05,P004,S002,271,81300,0,0
2025-03-05,P004,S003,216,64800,0,0
2025-03-05,P005,S001,180,32400,0,0
2025-03-05,P005,S002,160,28800,0,0
2025-03-05,P005,S003,174,31320,0,0
2025-03-06,P001,S001,127,25400,0,0
2025-03-06,P001,S002,227,45400,1,0
2025-03-06,P001,S003,143,28600,0,0
2025-03-06,P002,S001,165,41250,0,0
2025-03-06,P002,S002,296,74000,1,0
2025-03-06,P002,S003,169,42250,0,0
2025-03-06,P003,S001,118,17700,0,0
2025-03-06,P003,S002,157,23550,0,0
2025-03-06,P003,S003,132,19800,1,0
2025-03-06,P004,S001,219,65700,1,0
2025-03-06,P004,S002,290,87000,0,0
2025-03-06,P004,S003,184,55200,0,0
2025-03-06,P005,S001,201,36180,1,0
2025-03-06,P005,S002,237,42660,1,0
2025-03-06,P005,S003,152,27360,0,0
2025-03-07,P001,S001,146,29200,0,0
2025-03-07,P001,S002,215,43000,1,0
2025-03-07,P001,S003,120,24000,0,0
2025-03-07,P002,S001,238,59500,1,0
2025-03-07,P002,S002,217,54250,0,0
2025-03-07,P002,S003,182,45500,0,0
2025-03-07,P003,S001,159,23850,1,0
2025-03-07,P003,S002,132,19800,0,0
2025-03-07,P003,S003,137,20550,1,0
2025-03-07,P004,S001,212,63600,0,0
2025-03-07,P004,S002,269,80700,0,0
2025-03-07,P004,S003,204,61200,0,0
2025-03-07,P005,S001,177,31860,0,0
2025-03-07,P005,S002,195,35100,0,0
2025-03-07,P005,S003,147,26460,0,0
2025-03-08,P001,S001,172,34400,0,0
2025-03-08,P001,S002,188,37600,0,0
2025-03-08,P001,S003,190,38000,1,0
2025-03-08,P002,S001,216,54000,0,0
2025-03-08,P002,S002,244,61000,1,0
2025-03-08,P002,S003,227,56750,0,0
2025-03-08,P003,S001,142,21300,0,0
2025-03-08,P003,S002,158,23700,0,0
2025-03-08,P003,S003,127,19050,0,0
2025-03-08,P004,S001,267,80100,0,0
2025-03-08,P004,S002,290,87000,0,0
2025-03-08,P004,S003,225,67500,0,0
2025-03-08,P005,S001,202,36360,1,0
2025-03-08,P005,S002,203,36540,0,0
2025-03-08,P005,S003,169,30420,0,0
2025-03-09,P001,S001,171,34200,0,0
2025-03-09,P001,S002,188,37600,0,0
2025-03-09,P001,S003,157,31400,0,0
2025-03-09,P002,S001,204,51000,0,0
2025-03-09,P002,S002,251,62750,0,0
2025-03-09,P002,S003,208,52000,1,0
2025-03-09,P003,S001,140,21000,0,0
2025-03-09,P003,S002,157,23550,0,0
2025-03-09,P003,S003,168,25200,1,0
2025-03-09,P004,S001,247,74100,0,0
2025-03-09,P004,S002,316,94800,0,0
2025-03-09,P004,S003,234,70200,0,0
2025-03-09,P005,S001,170,30600,0,0
2025-03-09,P005,S002,228,41040,0,0
2025-03-09,P005,S003,176,31680,0,0
2025-03-10,P001,S001,160,32000,0,0
2025-03-10,P001,S002,184,36800,0,0
2025-03-10,P001,S003,141,28200,0,0
2025-03-10,P002,S001,242,60500,1,0
2025-03-10,P002,S002,238,59500,0,0
2025-03-10,P002,S003,156,39000,0,0
2025-03-10,P003,S001,168,25200,1,0
2025-03-10,P003,S002,163,24450,0,0
2025-03-10,P003,S003,106,15900,0,0
2025-03-10,P004,S001,225,67500,0,0
2025-03-10,P004,S002,329,98700,1,0
2025-03-10,P004,S003,223,66900,0,0
2025-03-10,P005,S001,202,36360,1,0
2025-03-10,P005,S002,199,35820,0,0
2025-03-10,P005,S003,142,25560,0,0
2025-03-11,P001,S001,158,31600,0,0
2025-03-11,P001,S002,198,39600,0,0
2025-03-11,P001,S003,141,28200,0,0
2025-03-11,P002,S001,204,51000,0,0
2025-03-11,P002,S002,212,53000,0,0
2025-03-11,P002,S003,163,40750,0,0
2025-03-11,P003,S001,148,22200,0,0
2025-03-11,P003,S002,152,22800,0,0
2025-03-11,P003,S003,123,18450,0,0
2025-03-11,P004,S001,253,75900,0,0
2025-03-11,P004,S002,240,72000,0,0
2025-03-11,P004,S003,235,70500,0,0
2025-03-11,P005,S001,170,30600,0,0
2025-03-11,P005,S002,263,47340,1,0
2025-03-11,P005,S003,139,25020,0,0
2025-03-12,P001,S001,167,33400,0,0
2025-03-12,P001,S002,172,34400,0,0
2025-03-12,P001,S003,138,27600,0,0
2025-03-12,P002,S001,210,52500,0,0
2025-03-12,P002,S002,216,54000,0,0
2025-03-12,P002,S003,211,52750,1,0
2025-03-12,P003,S001,151,22650,0,0
2025-03-12,P003,S002,180,27000,1,0
2025-03-12,P003,S003,113,16950,0,0
2025-03-12,P004,S001,224,67200,0,0
2025-03-12,P004,S002,281,84300,1,0
2025-03-12,P004,S003,247,74100,1,0
2025-03-12,P005,S001,172,30960,0,0
2025-03-12,P005,S002,190,34200,0,0
2025-03-12,P005,S003,156,28080,0,0
2025-03-13,P001,S001,224,44800,1,0
2025-03-13,P001,S002,193,38600,0,0
2025-03-13,P001,S003,140,28000,0,0
2025-03-13,P002,S001,206,51500,0,0
2025-03-13,P002,S002,237,59250,0,0
2025-03-13,P002,S003,148,37000,0,0
2025-03-13,P003,S001,144,21600,0,0
2025-03-13,P003,S002,150,22500,0,0
2025-03-13,P003,S003,114,17100,1,0
2025-03-13,P004,S001,286,85800,1,0
2025-03-13,P004,S002,225,67500,0,0
2025-03-13,P004,S003,216,64800,0,0
2025-03-13,P005,S001,171,30780,0,0
2025-03-13,P005,S002,182,32760,0,0
2025-03-13,P005,S003,177,31860,1,0
2025-03-14,P001,S001,148,29600,0,0
2025-03-14,P001,S002,172,34400,0,0
2025-03-14,P001,S003,141,28200,0,0
2025-03-14,P002,S001,244,61000,1,0
2025-03-14,P002,S002,293,73250,1,0
2025-03-14,P002,S003,180,45000,0,0
2025-03-14,P003,S001,129,19350,0,0
2025-03-14,P003,S002,158,23700,0,0
2025-03-14,P003,S003,114,17100,0,0
2025-03-14,P004,S001,229,68700,0,0
2025-03-14,P004,S002,264,79200,0,0
2025-03-14,P004,S003,230,69000,1,0
2025-03-14,P005,S001,209,37620,1,0
2025-03-14,P005,S002,158,28440,0,0
2025-03-14,P005,S003,184,33120,1,0
2025-03-15,P001,S001,166,33200,0,0
2025-03-15,P001,S002,187,37400,0,0
2025-03-15,P001,S003,152,30400,0,0
2025-03-15,P002,S001,211,52750,0,0
2025-03-15,P002,S002,265,66250,0,0
2025-03-15,P002,S003,222,55500,1,0
2025-03-15,P003,S001,134,20100,0,0
2025-03-15,P003,S002,184,27600,0,0
2025-03-15,P003,S003,152,22800,1,0
2025-03-15,P004,S001,257,77100,0,0
2025-03-15,P004,S002,322,96600,0,0
2025-03-15,P004,S003,239,71700,0,0
2025-03-15,P005,S001,186,33480,0,0
2025-03-15,P005,S002,236,42480,0,0
2025-03-15,P005,S003,162,29160,0,0
2025-03-16,P001,S001,176,35200,0,0
2025-03-16,P001,S002,190,38000,0,0
2025-03-16,P001,S003,168,33600,0,0
2025-03-16,P002,S001,259,64750,1,0
2025-03-16,P002,S002,196,49000,0,0
2025-03-16,P002,S003,185,46250,0,0
2025-03-16,P003,S001,155,23250,0,0
2025-03-16,P003,S002,141,21150,0,0
2025-03-16,P003,S003,148,22200,1,0
2025-03-16,P004,S001,221,66300,0,0
2025-03-16,P004,S002,307,92100,1,0
2025-03-16,P004,S003,213,63900,0,0
2025-03-16,P005,S001,228,41040,1,0
2025-03-16,P005,S002,194,34920,0,0
2025-03-16,P005,S003,192,34560,0,0
2025-03-17,P001,S001,161,32200,0,0
2025-03-17,P001,S002,180,36000,0,0
2025-03-17,P001,S003,151,30200,1,0
2025-03-17,P002,S001,170,42500,0,0
2025-03-17,P002,S002,219,54750,0,0
2025-03-17,P002,S003,199,49750,0,0
2025-03-17,P003,S001,118,17700,0,0
2025-03-17,P003,S002,133,19950,0,0
2025-03-17,P003,S003,125,18750,0,0
2025-03-17,P004,S001,250,75000,0,0
2025-03-17,P004,S002,328,98400,1,0
2025-03-17,P004,S003,200,60000,0,0
2025-03-17,P005,S001,175,31500,0,0
2025-03-17,P005,S002,207,37260,1,0
2025-03-17,P005,S003,152,27360,0,0
2025-03-18,P001,S001,134,26800,0,0
2025-03-18,P001,S002,179,35800,0,0
2025-03-18,P001,S003,151,30200,0,0
2025-03-18,P002,S001,222,55500,0,0
2025-03-18,P002,S002,214,53500,0,0
2025-03-18,P002,S003,215,53750,1,0
2025-03-18,P003,S001,109,16350,0,0
2025-03-18,P003,S002,169,25350,1,0
2025-03-18,P003,S003,146,21900,1,0
2025-03-18,P004,S001,249,74700,0,0
2025-03-18,P004,S002,279,83700,0,0
2025-03-18,P004,S003,239,71700,1,0
2025-03-18,P005,S001,155,27900,0,0
2025-03-18,P005,S002,181,32580,0,0
2025-03-18,P005,S003,182,32760,1,0
2025-03-19,P001,S001,165,33000,1,0
2025-03-19,P001,S002,171,34200,0,0
2025-03-19,P001,S003,145,29000,0,0
2025-03-19,P002,S001,197,49250,0,0
2025-03-19,P002,S002,203,50750,0,0
2025-03-19,P002,S003,187,46750,0,0
2025-03-19,P003,S001,127,19050,0,0
2025-03-19,P003,S002,163,24450,0,0
2025-03-19,P003,S003,111,16650,0,0
2025-03-19,P004,S001,222,66600,0,0
2025-03-19,P004,S002,286,85800,0,0
2025-03-19,P004,S003,187,56100,0,0
2025-03-19,P005,S001,175,31500,0,0
2025-03-19,P005,S002,166,29880,0,0
2025-03-19,P005,S003,142,25560,0,0
2025-03-20,P001,S001,149,29800,0,0
2025-03-20,P001,S002,222,44400,1,0
2025-03-20,P001,S003,114,22800,0,0
2025-03-20,P002,S001,204,51000,0,0
2025-03-20,P002,S002,256,64000,1,0
2025-03-20,P002,S003,193,48250,0,0
2025-03-20,P003,S001,122,18300,0,0
2025-03-20,P003,S002,140,21000,0,0
2025-03-20,P003,S003,103,15450,0,0
2025-03-20,P004,S001,234,70200,0,0
2025-03-20,P004,S002,303,90900,0,0
2025-03-20,P004,S003,204,61200,0,0
2025-03-20,P005,S001,169,30420,0,0
2025-03-20,P005,S002,167,30060,0,0
2025-03-20,P005,S003,159,28620,0,0
2025-03-21,P001,S001,150,30000,0,0
2025-03-21,P001,S002,171,34200,0,0
2025-03-21,P001,S003,130,26000,0,0
2025-03-21,P002,S001,183,45750,0,0
2025-03-21,P002,S002,232,58000,0,0
2025-03-21,P002,S003,186,46500,0,0
2025-03-21,P003,S001,132,19800,1,0
2025-03-21,P003,S002,134,20100,0,0
2025-03-21,P003,S003,116,17400,0,0
2025-03-21,P004,S001,252,75600,1,0
2025-03-21,P004,S002,246,73800,0,0
2025-03-21,P004,S003,195,58500,0,0
2025-03-21,P005,S001,172,30960,0,0
2025-03-21,P005,S002,212,38160,0,0
2025-03-21,P005,S003,148,26640,0,0
2025-03-22,P001,S001,171,34200,0,0
2025-03-22,P001,S002,204,40800,0,0
2025-03-22,P001,S003,143,28600,0,0
2025-03-22,P002,S001,220,55000,0,0
2025-03-22,P002,S002,281,70250,0,0
2025-03-22,P002,S003,177,44250,0,0
2025-03-22,P003,S001,146,21900,0,0
2025-03-22,P003,S002,164,24600,0,0
2025-03-22,P003,S003,117,17550,0,0
2025-03-22,P004,S001,274,82200,0,0
2025-03-22,P004,S002,279,83700,0,0
2025-03-22,P004,S003,209,62700,0,0
2025-03-22,P005,S001,176,31680,0,0
2025-03-22,P005,S002,264,47520,1,0
2025-03-22,P005,S003,159,28620,0,0
2025-03-23,P001,S001,141,28200,0,0
2025-03-23,P001,S002,224,44800,0,0
2025-03-23,P001,S003,199,39800,1,0
2025-03-23,P002,S001,259,64750,1,0
2025-03-23,P002,S002,236,59000,0,0
2025-03-23,P002,S003,223,55750,1,0
2025-03-23,P003,S001,157,23550,1,0
2025-03-23,P003,S002,164,24600,0,0
2025-03-23,P003,S003,181,27150,1,0
2025-03-23,P004,S001,253,75900,0,0
2025-03-23,P004,S002,310,93000,0,0
2025-03-23,P004,S003,217,65100,0,0
2025-03-23,P005,S001,187,33660,0,0
2025-03-23,P005,S002,202,36360,0,0
2025-03-23,P005,S003,166,29880,0,0
2025-03-24,P001,S001,171,34200,0,0
2025-03-24,P001,S002,182,36400,0,0
2025-03-24,P001,S003,153,30600,0,0
2025-03-24,P002,S001,214,53500,0,0
2025-03-24,P002,S002,260,65000,1,0
2025-03-24,P002,S003,196,49000,0,0
2025-03-24,P003,S001,133,19950,0,0
2025-03-24,P003,S002,152,22800,0,0
2025-03-24,P003,S003,132,19800,1,0
2025-03-24,P004,S001,302,90600,1,0
2025-03-24,P004,S002,277,83100,0,0
2025-03-24,P004,S003,198,59400,0,0
2025-03-24,P005,S001,175,31500,0,0
2025-03-24,P005,S002,175,31500,0,0
2025-03-24,P005,S003,137,24660,0,0
2025-03-25,P001,S001,155,31000,0,0
2025-03-25,P001,S002,207,41400,1,0
2025-03-25,P001,S003,163,32600,1,0
2025-03-25,P002,S001,213,53250,0,0
2025-03-25,P002,S002,225,56250,0,0
2025-03-25,P002,S003,169,42250,0,0
2025-03-25,P003,S001,142,21300,1,0
2025-03-25,P003,S002,183,27450,1,0
2025-03-25,P003,S003,122,18300,0,0
2025-03-25,P004,S001,244,73200,0,0
2025-03-25,P004,S002,262,78600,0,0
2025-03-25,P004,S003,219,65700,1,0
2025-03-25,P005,S001,222,39960,1,0
2025-03-25,P005,S002,176,31680,0,0
2025-03-25,P005,S003,178,32040,1,0
2025-03-26,P001,S001,163,32600,0,0
2025-03-26,P001,S002,185,37000,0,0
2025-03-26,P001,S003,131,26200,0,0
2025-03-26,P002,S001,225,56250,0,0
2025-03-26,P002,S002,262,65500,1,0
2025-03-26,P002,S003,212,53000,1,0
2025-03-26,P003,S001,132,19800,0,0
2025-03-26,P003,S002,154,23100,0,0
2025-03-26,P003,S003,121,18150,0,0
2025-03-26,P004,S001,223,66900,0,0
2025-03-26,P004,S002,252,75600,1,0
2025-03-26,P004,S003,171,51300,0,0
2025-03-26,P005,S001,207,37260,1,0
2025-03-26,P005,S002,208,37440,1,0
2025-03-26,P005,S003,152,27360,0,0
2025-03-27,P001,S001,162,32400,0,0
2025-03-27,P001,S002,217,43400,1,0
2025-03-27,P001,S003,135,27000,0,0
2025-03-27,P002,S001,191,47750,0,0
2025-03-27,P002,S002,256,64000,0,0
2025-03-27,P002,S003,209,52250,1,0
2025-03-27,P003,S001,116,17400,0,0
2025-03-27,P003,S002,137,20550,0,0
2025-03-27,P003,S003,125,18750,0,0
2025-03-27,P004,S001,247,74100,1,0
2025-03-27,P004,S002,254,76200,0,0
2025-03-27,P004,S003,260,78000,1,0
2025-03-27,P005,S001,167,30060,0,0
2025-03-27,P005,S002,192,34560,0,0
2025-03-27,P005,S003,166,29880,0,0
2025-03-28,P001,S001,131,26200,0,0
2025-03-28,P001,S002,222,44400,1,0
2025-03-28,P001,S003,157,31400,0,0
2025-03-28,P002,S001,189,47250,0,0
2025-03-28,P002,S002,216,54000,0,0
2025-03-28,P002,S003,214,53500,1,0
2025-03-28,P003,S001,129,19350,0,0
2025-03-28,P003,S002,156,23400,0,0
2025-03-28,P003,S003,114,17100,0,0
2025-03-28,P004,S001,234,70200,0,0
2025-03-28,P004,S002,286,85800,1,0
2025-03-28,P004,S003,210,63000,0,0
2025-03-28,P005,S001,166,29880,0,0
2025-03-28,P005,S002,217,39060,0,0
2025-03-28,P005,S003,160,28800,0,0
2025-03-29,P001,S001,174,34800,0,0
2025-03-29,P001,S002,203,40600,0,0
2025-03-29,P001,S003,153,30600,0,0
2025-03-29,P002,S001,211,52750,0,0
2025-03-29,P002,S002,258,64500,0,0
2025-03-29,P002,S003,181,45250,0,0
2025-03-29,P003,S001,136,20400,0,0
2025-03-29,P003,S002,142,21300,0,0
2025-03-29,P003,S003,125,18750,0,0
2025-03-29,P004,S001,255,76500,0,0
2025-03-29,P004,S002,302,90600,0,0
2025-03-29,P004,S003,207,62100,0,0
2025-03-29,P005,S001,185,33300,0,0
2025-03-29,P005,S002,268,48240,1,0
2025-03-29,P005,S003,174,31320,1,0
2025-03-30,P001,S001,190,38000,1,0
2025-03-30,P001,S002,216,43200,0,0
2025-03-30,P001,S003,147,29400,0,0
2025-03-30,P002,S001,252,63000,0,0
2025-03-30,P002,S002,329,82250,1,0
2025-03-30,P002,S003,183,45750,0,0
2025-03-30,P003,S001,153,22950,0,0
2025-03-30,P003,S002,177,26550,0,0
2025-03-30,P003,S003,124,18600,0,0
2025-03-30,P004,S001,314,94200,1,0
2025-03-30,P004,S002,283,84900,0,0
2025-03-30,P004,S003,211,63300,0,0
2025-03-30,P005,S001,204,36720,0,0
2025-03-30,P005,S002,210,37800,0,0
2025-03-30,P005,S003,171,30780,0,0
2025-03-31,P001,S001,170,34000,0,0
2025-03-31,P001,S002,232,46400,1,0
2025-03-31,P001,S003,162,32400,1,0
2025-03-31,P002,S001,166,41500,0,0
2025-03-31,P002,S002,253,63250,1,0
2025-03-31,P002,S003,176,44000,1,0
2025-03-31,P003,S001,139,20850,0,0
2025-03-31,P003,S002,178,26700,1,0
2025-03-31,P003,S003,106,15900,0,0
2025-03-31,P004,S001,249,74700,1,0
2025-03-31,P004,S002,319,95700,1,0
2025-03-31,P004,S003,235,70500,0,0
2025-03-31,P005,S001,189,34020,0,0
2025-03-31,P005,S002,173,31140,0,0
2025-03-31,P005,S003,143,25740,0,0
2025-04-01,P001,S001,172,34400,0,0
2025-04-01,P001,S002,169,33800,0,0
2025-04-01,P001,S003,132,26400,0,0
2025-04-01,P002,S001,165,41250,0,0
2025-04-01,P002,S002,216,54000,0,0
2025-04-01,P002,S003,185,46250,0,0
2025-04-01,P003,S001,132,19800,1,0
2025-04-01,P003,S002,134,20100,0,0
2025-04-01,P003,S003,125,18750,0,0
2025-04-01,P004,S001,240,72000,0,0
2025-04-01,P004,S002,251,75300,0,0
2025-04-01,P004,S003,247,74100,0,0
2025-04-01,P005,S001,173,31140,0,0
2025-04-01,P005,S002,214,38520,0,0
2025-04-01,P005,S003,148,26640,0,0
2025-04-02,P001,S001,145,29000,0,0
2025-04-02,P001,S002,206,41200,1,0
2025-04-02,P001,S003,122,24400,0,0
2025-04-02,P002,S001,204,51000,0,0
2025-04-02,P002,S002,214,53500,0,0
2025-04-02,P002,S003,209,52250,1,0
2025-04-02,P003,S001,147,22050,1,0
2025-04-02,P003,S002,148,22200,0,0
2025-04-02,P003,S003,118,17700,1,0
2025-04-02,P004,S001,235,70500,0,0
2025-04-02,P004,S002,242,72600,0,0
2025-04-02,P004,S003,200,60000,0,0
2025-04-02,P005,S001,159,28620,0,0
2025-04-02,P005,S002,194,34920,0,0
2025-04-02,P005,S003,132,23760,0,0
2025-04-03,P001,S001,146,29200,0,0
2025-04-03,P001,S002,230,46000,1,0
2025-04-03,P001,S003,149,29800,1,0
2025-04-03,P002,S001,167,41750,0,0
2025-04-03,P002,S002,249,62250,1,0
2025-04-03,P002,S003,160,40000,0,0
2025-04-03,P003,S001,175,26250,1,0
2025-04-03,P003,S002,154,23100,0,0
2025-04-03,P003,S003,100,15000,0,0
2025-04-03,P004,S001,224,67200,0,0
2025-04-03,P004,S002,267,80100,0,0
2025-04-03,P004,S003,201,60300,0,0
2025-04-03,P005,S001,165,29700,1,0
2025-04-03,P005,S002,196,35280,0,0
2025-04-03,P005,S003,134,24120,0,0
2025-04-04,P001,S001,130,26000,0,0
2025-04-04,P001,S002,151,30200,0,0
2025-04-04,P001,S003,159,31800,1,0
2025-04-04,P002,S001,230,57500,1,0
2025-04-04,P002,S002,188,47000,0,0
2025-04-04,P002,S003,166,41500,0,0
2025-04-04,P003,S001,118,17700,0,0
2025-04-04,P003,S002,155,23250,0,0
2025-04-04,P003,S003,108,16200,0,0
2025-04-04,P004,S001,244,73200,0,0
2025-04-04,P004,S002,324,97200,1,0
2025-04-04,P004,S003,226,67800,1,0
2025-04-04,P005,S001,195,35100,1,0
2025-04-04,P005,S002,183,32940,0,0
2025-04-04,P005,S003,192,34560,1,0
2025-04-05,P001,S001,174,34800,0,0
2025-04-05,P001,S002,192,38400,0,0
2025-04-05,P001,S003,179,35800,1,0
2025-04-05,P002,S001,246,61500,1,0
2025-04-05,P002,S002,234,58500,0,0
2025-04-05,P002,S003,232,58000,1,0
2025-04-05,P003,S001,167,25050,0,0
2025-04-05,P003,S002,164,24600,0,0
2025-04-05,P003,S003,126,18900,0,0
2025-04-05,P004,S001,259,77700,0,0
2025-04-05,P004,S002,247,74100,0,0
2025-04-05,P004,S003,220,66000,0,0
2025-04-05,P005,S001,197,35460,0,0
2025-04-05,P005,S002,197,35460,0,0
2025-04-05,P005,S003,209,37620,1,0
2025-04-06,P001,S001,167,33400,0,0
2025-04-06,P001,S002,193,38600,0,0
2025-04-06,P001,S003,137,27400,0,0
2025-04-06,P002,S001,211,52750,0,0
2025-04-06,P002,S002,238,59500,0,0
2025-04-06,P002,S003,179,44750,0,0
2025-04-06,P003,S001,156,23400,0,0
2025-04-06,P003,S002,183,27450,0,0
2025-04-06,P003,S003,116,17400,0,0
2025-04-06,P004,S001,238,71400,0,0
2025-04-06,P004,S002,315,94500,0,0
2025-04-06,P004,S003,214,64200,0,0
2025-04-06,P005,S001,223,40140,1,0
2025-04-06,P005,S002,202,36360,0,0
2025-04-06,P005,S003,193,34740,1,0
2025-04-07,P001,S001,144,28800,0,0
2025-04-07,P001,S002,220,44000,1,0
2025-04-07,P001,S003,161,32200,0,0
2025-04-07,P002,S001,190,47500,0,0
2025-04-07,P002,S002,224,56000,0,0
2025-04-07,P002,S003,173,43250,0,0
2025-04-07,P003,S001,109,16350,0,0
2025-04-07,P003,S002,140,21000,0,0
2025-04-07,P003,S003,106,15900,0,0
2025-04-07,P004,S001,288,86400,1,0
2025-04-07,P004,S002,247,74100,0,0
2025-04-07,P004,S003,223,66900,0,0
2025-04-07,P005,S001,181,32580,1,0
2025-04-07,P005,S002,202,36360,0,0
2025-04-07,P005,S003,135,24300,0,0
2025-04-08,P001,S001,155,31000,0,0
2025-04-08,P001,S002,164,32800,0,0
2025-04-08,P001,S003,129,25800,0,0
2025-04-08,P002,S001,221,55250,0,0
2025-04-08,P002,S002,203,50750,0,0
2025-04-08,P002,S003,205,51250,1,0
2025-04-08,P003,S001,136,20400,0,0
2025-04-08,P003,S002,127,19050,0,0
2025-04-08,P003,S003,118,17700,0,0
2025-04-08,P004,S001,260,78000,0,0
2025-04-08,P004,S002,241,72300,0,0
2025-04-08,P004,S003,200,60000,0,0
2025-04-08,P005,S001,159,28620,0,0
2025-04-08,P005,S002,205,36900,0,0
2025-04-08,P005,S003,175,31500,1,0
2025-04-09,P001,S001,164,32800,0,0
2025-04-09,P001,S002,198,39600,0,0
2025-04-09,P001,S003,156,31200,0,0
2025-04-09,P002,S001,218,54500,0,0
2025-04-09,P002,S002,206,51500,0,0
2025-04-09,P002,S003,192,48000,0,0
2025-04-09,P003,S001,161,24150,1,0
2025-04-09,P003,S002,152,22800,0,0
2025-04-09,P003,S003,116,17400,0,0
2025-04-09,P004,S001,231,69300,0,0
2025-04-09,P004,S002,312,93600,1,0
2025-04-09,P004,S003,202,60600,0,0
2025-04-09,P005,S001,162,29160,0,0
2025-04-09,P005,S002,173,31140,0,0
2025-04-09,P005,S003,162,29160,0,0
2025-04-10,P001,S001,136,27200,0,0
2025-04-10,P001,S002,242,48400,1,0
2025-04-10,P001,S003,121,24200,0,0
2025-04-10,P002,S001,217,54250,1,0
2025-04-10,P002,S002,226,56500,0,0
2025-04-10,P002,S003,169,42250,0,0
2025-04-10,P003,S001,132,19800,0,0
2025-04-10,P003,S002,141,21150,0,0
2025-04-10,P003,S003,110,16500,0,0
2025-04-10,P004,S001,266,79800,1,0
2025-04-10,P004,S002,272,81600,0,0
2025-04-10,P004,S003,208,62400,0,0
2025-04-10,P005,S001,168,30240,0,0
2025-04-10,P005,S002,228,41040,0,0
2025-04-10,P005,S003,127,22860,0,0
2025-04-11,P001,S001,148,29600,0,0
2025-04-11,P001,S002,159,31800,0,0
2025-04-11,P001,S003,122,24400,0,0
2025-04-11,P002,S001,231,57750,1,0
2025-04-11,P002,S002,278,69500,1,0
2025-04-11,P002,S003,193,48250,1,0
2025-04-11,P003,S001,128,19200,1,0
2025-04-11,P003,S002,154,23100,0,0
2025-04-11,P003,S003,105,15750,0,0
2025-04-11,P004,S001,215,64500,0,0
2025-04-11,P004,S002,246,73800,0,0
2025-04-11,P004,S003,237,71100,1,0
2025-04-11,P005,S001,162,29160,0,0
2025-04-11,P005,S002,188,33840,0,0
2025-04-11,P005,S003,138,24840,0,0
2025-04-12,P001,S001,159,31800,0,0
2025-04-12,P001,S002,166,33200,0,0
2025-04-12,P001,S003,188,37600,1,0
2025-04-12,P002,S001,217,54250,0,0
2025-04-12,P002,S002,264,66000,1,0
2025-04-12,P002,S003,203,50750,0,0
2025-04-12,P003,S001,135,20250,0,0
2025-04-12,P003,S002,151,22650,0,0
2025-04-12,P003,S003,134,20100,1,0
2025-04-12,P004,S001,226,67800,0,0
2025-04-12,P004,S002,271,81300,0,0
2025-04-12,P004,S003,247,74100,0,0
2025-04-12,P005,S001,170,30600,0,0
2025-04-12,P005,S002,218,39240,0,0
2025-04-12,P005,S003,166,29880,0,0
2025-04-13,P001,S001,217,43400,1,0
2025-04-13,P001,S002,157,31400,0,0
2025-04-13,P001,S003,137,27400,0,0
2025-04-13,P002,S001,261,65250,1,0
2025-04-13,P002,S002,259,64750,0,0
2025-04-13,P002,S003,247,61750,1,0
2025-04-13,P003,S001,163,24450,1,0
2025-04-13,P003,S002,151,22650,0,0
2025-04-13,P003,S003,140,21000,0,0
2025-04-13,P004,S001,248,74400,0,0
2025-04-13,P004,S002,309,92700,1,0
2025-04-13,P004,S003,228,68400,0,0
2025-04-13,P005,S001,176,31680,0,0
2025-04-13,P005,S002,196,35280,0,0
2025-04-13,P005,S003,161,28980,0,0
2025-04-14,P001,S001,178,35600,1,0
2025-04-14,P001,S002,187,37400,1,0
2025-04-14,P001,S003,165,33000,1,0
2025-04-14,P002,S001,176,44000,0,0
2025-04-14,P002,S002,215,53750,0,0
2025-04-14,P002,S003,193,48250,0,0
2025-04-14,P003,S001,139,20850,0,0
2025-04-14,P003,S002,165,24750,0,0
2025-04-14,P003,S003,124,18600,0,0
2025-04-14,P004,S001,215,64500,0,0
2025-04-14,P004,S002,315,94500,0,0
2025-04-14,P004,S003,187,56100,0,0
2025-04-14,P005,S001,213,38340,1,0
2025-04-14,P005,S002,171,30780,0,0
2025-04-14,P005,S003,139,25020,0,0
2025-04-15,P001,S001,162,32400,0,0
2025-04-15,P001,S002,176,35200,0,0
2025-04-15,P001,S003,127,25400,0,0
2025-04-15,P002,S001,190,47500,0,0
2025-04-15,P002,S002,220,55000,0,0
2025-04-15,P002,S003,171,42750,0,0
2025-04-15,P003,S001,142,21300,0,0
2025-04-15,P003,S002,160,24000,1,0
2025-04-15,P003,S003,111,16650,0,0
2025-04-15,P004,S001,195,58500,0,0
2025-04-15,P004,S002,263,78900,0,0
2025-04-15,P004,S003,218,65400,0,0
2025-04-15,P005,S001,178,32040,0,0
2025-04-15,P005,S002,169,30420,0,0
2025-04-15,P005,S003,151,27180,0,0
2025-04-16,P001,S001,167,33400,0,0
2025-04-16,P001,S002,165,33000,0,0
2025-04-16,P001,S003,202,40400,1,0
2025-04-16,P002,S001,197,49250,0,0
2025-04-16,P002,S002,179,44750,0,0
2025-04-16,P002,S003,168,42000,0,0
2025-04-16,P003,S001,147,22050,1,0
2025-04-16,P003,S002,144,21600,0,0
2025-04-16,P003,S003,153,22950,1,0
2025-04-16,P004,S001,284,85200,1,0
2025-04-16,P004,S002,283,84900,1,0
2025-04-16,P004,S003,209,62700,0,0
2025-04-16,P005,S001,177,31860,0,0
2025-04-16,P005,S002,159,28620,0,0
2025-04-16,P005,S003,139,25020,0,0
2025-04-17,P001,S001,160,32000,0,0
2025-04-17,P001,S002,201,40200,0,0
2025-04-17,P001,S003,123,24600,0,0
2025-04-17,P002,S001,202,50500,0,0
2025-04-17,P002,S002,244,61000,0,0
2025-04-17,P002,S003,163,40750,0,0
2025-04-17,P003,S001,163,24450,1,0
2025-04-17,P003,S002,141,21150,0,0
2025-04-17,P003,S003,113,16950,0,0
2025-04-17,P004,S001,281,84300,1,0
2025-04-17,P004,S002,290,87000,0,0
2025-04-17,P004,S003,241,72300,0,0
2025-04-17,P005,S001,159,28620,0,0
2025-04-17,P005,S002,209,37620,1,0
2025-04-17,P005,S003,196,35280,1,0
2025-04-18,P001,S001,162,32400,0,0
2025-04-18,P001,S002,218,43600,1,0
2025-04-18,P001,S003,148,29600,0,0
2025-04-18,P002,S001,222,55500,1,0
2025-04-18,P002,S002,227,56750,0,0
2025-04-18,P002,S003,192,48000,0,0
2025-04-18,P003,S001,121,18150,0,0
2025-04-18,P003,S002,187,28050,1,0
2025-04-18,P003,S003,112,16800,0,0
2025-04-18,P004,S001,301,90300,1,0
2025-04-18,P004,S002,293,87900,0,0
2025-04-18,P004,S003,205,61500,0,0
2025-04-18,P005,S001,203,36540,1,0
2025-04-18,P005,S002,178,32040,0,0
2025-04-18,P005,S003,186,33480,1,0
2025-04-19,P001,S001,150,30000,0,0
2025-04-19,P001,S002,201,40200,0,0
2025-04-19,P001,S003,159,31800,0,0
2025-04-19,P002,S001,256,64000,1,0
2025-04-19,P002,S002,273,68250,1,0
2025-04-19,P002,S003,251,62750,1,0
2025-04-19,P003,S001,132,19800,0,0
2025-04-19,P003,S002,217,32550,1,0
2025-04-19,P003,S003,128,19200,0,0
2025-04-19,P004,S001,296,88800,0,0
2025-04-19,P004,S002,313,93900,0,0
2025-04-19,P004,S003,258,77400,1,0
2025-04-19,P005,S001,230,41400,1,0
2025-04-19,P005,S002,224,40320,0,0
2025-04-19,P005,S003,167,30060,0,0
2025-04-20,P001,S001,202,40400,1,0
2025-04-20,P001,S002,215,43000,0,0
2025-04-20,P001,S003,142,28400,0,0
2025-04-20,P002,S001,212,53000,0,0
2025-04-20,P002,S002,375,93750,1,0
2025-04-20,P002,S003,192,48000,0,0
2025-04-20,P003,S001,170,25500,1,0
2025-04-20,P003,S002,144,21600,0,0
2025-04-20,P003,S003,140,21000,0,0
2025-04-20,P004,S001,276,82800,0,0
2025-04-20,P004,S002,283,84900,0,0
2025-04-20,P004,S003,253,75900,0,0
2025-04-20,P005,S001,176,31680,0,0
2025-04-20,P005,S002,204,36720,0,0
2025-04-20,P005,S003,166,29880,0,0
2025-04-21,P001,S001,173,34600,1,0
2025-04-21,P001,S002,202,40400,1,0
2025-04-21,P001,S003,146,29200,0,0
2025-04-21,P002,S001,205,51250,1,0
2025-04-21,P002,S002,267,66750,1,0
2025-04-21,P002,S003,218,54500,1,0
2025-04-21,P003,S001,133,19950,0,0
2025-04-21,P003,S002,162,24300,0,0
2025-04-21,P003,S003,104,15600,0,0
2025-04-21,P004,S001,198,59400,0,0
2025-04-21,P004,S002,302,90600,1,0
2025-04-21,P004,S003,236,70800,0,0
2025-04-21,P005,S001,164,29520,0,0
2025-04-21,P005,S002,202,36360,0,0
2025-04-21,P005,S003,157,28260,0,0
2025-04-22,P001,S001,145,29000,0,0
2025-04-22,P001,S002,159,31800,0,0
2025-04-22,P001,S003,133,26600,0,0
2025-04-22,P002,S001,198,49500,0,0
2025-04-22,P002,S002,261,65250,0,0
2025-04-22,P002,S003,208,52000,1,0
2025-04-22,P003,S001,130,19500,0,0
2025-04-22,P003,S002,138,20700,0,0
2025-04-22,P003,S003,116,17400,0,0
2025-04-22,P004,S001,211,63300,0,0
2025-04-22,P004,S002,282,84600,1,0
2025-04-22,P004,S003,199,59700,0,0
2025-04-22,P005,S001,120,21600,0,0
2025-04-22,P005,S002,172,30960,0,0
2025-04-22,P005,S003,181,32580,1,0
2025-04-23,P001,S001,181,36200,1,0
2025-04-23,P001,S002,168,33600,0,0
2025-04-23,P001,S003,128,25600,0,0
2025-04-23,P002,S001,187,46750,0,0
2025-04-23,P002,S002,210,52500,0,0
2025-04-23,P002,S003,177,44250,0,0
2025-04-23,P003,S001,138,20700,0,0
2025-04-23,P003,S002,185,27750,1,0
2025-04-23,P003,S003,146,21900,1,0
2025-04-23,P004,S001,186,55800,0,0
2025-04-23,P004,S002,264,79200,0,0
2025-04-23,P004,S003,210,63000,0,0
2025-04-23,P005,S001,213,38340,1,0
2025-04-23,P005,S002,206,37080,0,0
2025-04-23,P005,S003,165,29700,0,0
2025-04-24,P001,S001,147,29400,0,0
2025-04-24,P001,S002,204,40800,1,0
2025-04-24,P001,S003,110,22000,0,0
2025-04-24,P002,S001,175,43750,0,0
2025-04-24,P002,S002,272,68000,1,0
2025-04-24,P002,S003,175,43750,0,0
2025-04-24,P003,S001,131,19650,0,0
2025-04-24,P003,S002,150,22500,0,0
2025-04-24,P003,S003,102,15300,0,0
2025-04-24,P004,S001,249,74700,0,0
2025-04-24,P004,S002,261,78300,0,0
2025-04-24,P004,S003,210,63000,0,0
2025-04-24,P005,S001,175,31500,0,0
2025-04-24,P005,S002,263,47340,1,0
2025-04-24,P005,S003,157,28260,0,0
2025-04-25,P001,S001,144,28800,0,0
2025-04-25,P001,S002,206,41200,0,0
2025-04-25,P001,S003,138,27600,0,0
2025-04-25,P002,S001,192,48000,0,0
2025-04-25,P002,S002,244,61000,0,0
2025-04-25,P002,S003,156,39000,0,0
2025-04-25,P003,S001,159,23850,1,0
2025-04-25,P003,S002,156,23400,0,0
2025-04-25,P003,S003,114,17100,0,0
2025-04-25,P004,S001,245,73500,0,0
2025-04-25,P004,S002,303,90900,0,0
2025-04-25,P004,S003,180,54000,0,0
2025-04-25,P005,S001,155,27900,0,0
2025-04-25,P005,S002,159,28620,0,0
2025-04-25,P005,S003,135,24300,0,0
2025-04-26,P001,S001,165,33000,0,0
2025-04-26,P001,S002,187,37400,0,0
2025-04-26,P001,S003,145,29000,0,0
2025-04-26,P002,S001,280,70000,1,0
2025-04-26,P002,S002,323,80750,1,0
2025-04-26,P002,S003,214,53500,0,0
2025-04-26,P003,S001,142,21300,0,0
2025-04-26,P003,S002,194,29100,0,0
2025-04-26,P003,S003,101,15150,0,0
2025-04-26,P004,S001,264,79200,0,0
2025-04-26,P004,S002,360,108000,1,0
2025-04-26,P004,S003,236,70800,0,0
2025-04-26,P005,S001,228,41040,1,0
2025-04-26,P005,S002,204,36720,0,0
2025-04-26,P005,S003,173,31140,0,0
2025-04-27,P001,S001,186,37200,0,0
2025-04-27,P001,S002,167,33400,0,0
2025-04-27,P001,S003,156,31200,0,0
2025-04-27,P002,S001,173,43250,0,0
2025-04-27,P002,S002,263,65750,0,0
2025-04-27,P002,S003,194,48500,0,0
2025-04-27,P003,S001,169,25350,1,0
2025-04-27,P003,S002,130,19500,0,0
2025-04-27,P003,S003,121,18150,0,0
2025-04-27,P004,S001,245,73500,0,0
2025-04-27,P004,S002,314,94200,0,0
2025-04-27,P004,S003,223,66900,0,0
2025-04-27,P005,S001,181,32580,0,0
2025-04-27,P005,S002,226,40680,0,0
2025-04-27,P005,S003,231,41580,1,0
2025-04-28,P001,S001,183,36600,1,0
2025-04-28,P001,S002,198,39600,0,0
2025-04-28,P001,S003,189,37800,1,0
2025-04-28,P002,S001,171,42750,0,0
2025-04-28,P002,S002,207,51750,0,0
2025-04-28,P002,S003,211,52750,0,0
2025-04-28,P003,S001,138,20700,0,0
2025-04-28,P003,S002,134,20100,0,0
2025-04-28,P003,S003,130,19500,0,0
2025-04-28,P004,S001,266,79800,0,0
2025-04-28,P004,S002,268,80400,0,0
2025-04-28,P004,S003,221,66300,0,0
2025-04-28,P005,S001,172,30960,0,0
2025-04-28,P005,S002,213,38340,0,0
2025-04-28,P005,S003,168,30240,1,0
2025-04-29,P001,S001,148,29600,0,0
2025-04-29,P001,S002,191,38200,0,0
2025-04-29,P001,S003,179,35800,1,0
2025-04-29,P002,S001,222,55500,0,0
2025-04-29,P002,S002,286,71500,1,0
2025-04-29,P002,S003,181,45250,0,0
2025-04-29,P003,S001,169,25350,1,0
2025-04-29,P003,S002,166,24900,0,0
2025-04-29,P003,S003,154,23100,1,0
2025-04-29,P004,S001,224,67200,0,0
2025-04-29,P004,S002,263,78900,0,0
2025-04-29,P004,S003,212,63600,0,0
2025-04-29,P005,S001,156,28080,0,0
2025-04-29,P005,S002,186,33480,0,0
2025-04-29,P005,S003,182,32760,1,0
2025-04-30,P001,S001,150,30000,0,0
2025-04-30,P001,S002,167,33400,0,0
2025-04-30,P001,S003,137,27400,0,0
2025-04-30,P002,S001,221,55250,0,0
2025-04-30,P002,S002,256,64000,0,0
2025-04-30,P002,S003,161,40250,0,0
2025-04-30,P003,S001,113,16950,0,0
2025-04-30,P003,S002,148,22200,0,0
2025-04-30,P003,S003,125,18750,1,0
2025-04-30,P004,S001,215,64500,0,0
2025-04-30,P004,S002,277,83100,0,0
2025-04-30,P004,S003,200,60000,0,0
2025-04-30,P005,S001,187,33660,0,0
2025-04-30,P005,S002,182,32760,0,0
2025-04-30,P005,S003,155,27900,0,0
2025-05-01,P001,S001,170,34000,0,0
2025-05-01,P001,S002,162,32400,0,0
2025-05-01,P001,S003,117,23400,0,0
2025-05-01,P002,S001,203,50750,1,0
2025-05-01,P002,S002,289,72250,1,0
2025-05-01,P002,S003,156,39000,0,0
2025-05-01,P003,S001,110,16500,0,0
2025-05-01,P003,S002,151,22650,0,0
2025-05-01,P003,S003,119,17850,1,0
2025-05-01,P004,S001,267,80100,1,0
2025-05-01,P004,S002,225,67500,0,0
2025-05-01,P004,S003,193,57900,0,0
2025-05-01,P005,S001,175,31500,0,0
2025-05-01,P005,S002,175,31500,0,0
2025-05-01,P005,S003,128,23040,0,0
2025-05-02,P001,S001,147,29400,0,0
2025-05-02,P001,S002,212,42400,1,0
2025-05-02,P001,S003,157,31400,1,0
2025-05-02,P002,S001,213,53250,0,0
2025-05-02,P002,S002,195,48750,0,0
2025-05-02,P002,S003,160,40000,0,0
2025-05-02,P003,S001,120,18000,0,0
2025-05-02,P003,S002,144,21600,0,0
2025-05-02,P003,S003,122,18300,1,0
2025-05-02,P004,S001,211,63300,0,0
2025-05-02,P004,S002,290,87000,1,0
2025-05-02,P004,S003,182,54600,0,0
2025-05-02,P005,S001,187,33660,1,0
2025-05-02,P005,S002,229,41220,1,0
2025-05-02,P005,S003,126,22680,0,0
2025-05-03,P001,S001,161,32200,0,0
2025-05-03,P001,S002,225,45000,1,0
2025-05-03,P001,S003,146,29200,0,0
2025-05-03,P002,S001,287,71750,1,0
2025-05-03,P002,S002,281,70250,1,0
2025-05-03,P002,S003,177,44250,0,0
2025-05-03,P003,S001,127,19050,0,0
2025-05-03,P003,S002,148,22200,0,0
2025-05-03,P003,S003,113,16950,0,0
2025-05-03,P004,S001,229,68700,0,0
2025-05-03,P004,S002,268,80400,0,0
2025-05-03,P004,S003,256,76800,1,0
2025-05-03,P005,S001,217,39060,1,0
2025-05-03,P005,S002,189,34020,0,0
2025-05-03,P005,S003,148,26640,0,0
2025-05-04,P001,S001,194,38800,1,0
2025-05-04,P001,S002,186,37200,0,0
2025-05-04,P001,S003,166,33200,1,0
2025-05-04,P002,S001,180,45000,0,0
2025-05-04,P002,S002,298,74500,1,0
2025-05-04,P002,S003,187,46750,0,0
2025-05-04,P003,S001,134,20100,0,0
2025-05-04,P003,S002,163,24450,0,0
2025-05-04,P003,S003,126,18900,1,0
2025-05-04,P004,S001,206,61800,0,0
2025-05-04,P004,S002,235,70500,0,0
2025-05-04,P004,S003,259,77700,1,0
2025-05-04,P005,S001,182,32760,0,0
2025-05-04,P005,S002,238,42840,1,0
2025-05-04,P005,S003,136,24480,0,0
2025-05-05,P001,S001,153,30600,0,0
2025-05-05,P001,S002,159,31800,0,0
2025-05-05,P001,S003,142,28400,0,0
2025-05-05,P002,S001,217,54250,0,0
2025-05-05,P002,S002,220,55000,1,0
2025-05-05,P002,S003,151,37750,0,0
2025-05-05,P003,S001,119,17850,0,0
2025-05-05,P003,S002,140,21000,0,0
2025-05-05,P003,S003,117,17550,0,0
2025-05-05,P004,S001,217,65100,0,0
2025-05-05,P004,S002,230,69000,0,0
2025-05-05,P004,S003,202,60600,0,0
2025-05-05,P005,S001,145,26100,0,0
2025-05-05,P005,S002,173,31140,0,0
2025-05-05,P005,S003,154,27720,0,0
2025-05-06,P001,S001,165,33000,1,0
2025-05-06,P001,S002,155,31000,0,0
2025-05-06,P001,S003,125,25000,0,0
2025-05-06,P002,S001,189,47250,0,0
2025-05-06,P002,S002,179,44750,0,0
2025-05-06,P002,S003,168,42000,0,0
2025-05-06,P003,S001,120,18000,0,0
2025-05-06,P003,S002,158,23700,1,0
2025-05-06,P003,S003,130,19500,1,0
2025-05-06,P004,S001,215,64500,0,0
2025-05-06,P004,S002,245,73500,0,0
2025-05-06,P004,S003,194,58200,0,0
2025-05-06,P005,S001,155,27900,0,0
2025-05-06,P005,S002,169,30420,0,0
2025-05-06,P005,S003,136,24480,0,0
2025-05-07,P001,S001,179,35800,1,0
2025-05-07,P001,S002,196,39200,0,0
2025-05-07,P001,S003,140,28000,1,0
2025-05-07,P002,S001,183,45750,0,0
2025-05-07,P002,S002,189,47250,0,0
2025-05-07,P002,S003,164,41000,0,0
2025-05-07,P003,S001,108,16200,0,0
2025-05-07,P003,S002,131,19650,0,0
2025-05-07,P003,S003,133,19950,1,0
2025-05-07,P004,S001,214,64200,0,0
2025-05-07,P004,S002,249,74700,0,0
2025-05-07,P004,S003,182,54600,0,0
2025-05-07,P005,S001,167,30060,0,0
2025-05-07,P005,S002,214,38520,1,0
2025-05-07,P005,S003,138,24840,0,0
2025-05-08,P001,S001,145,29000,0,0
2025-05-08,P001,S002,170,34000,1,0
2025-05-08,P001,S003,129,25800,0,0
2025-05-08,P002,S001,182,45500,0,0
2025-05-08,P002,S002,196,49000,0,0
2025-05-08,P002,S003,175,43750,0,0
2025-05-08,P003,S001,107,16050,0,0
2025-05-08,P003,S002,148,22200,0,0
2025-05-08,P003,S003,144,21600,1,0
2025-05-08,P004,S001,226,67800,0,0
2025-05-08,P004,S002,237,71100,0,0
2025-05-08,P004,S003,198,59400,0,0
2025-05-08,P005,S001,175,31500,1,0
2025-05-08,P005,S002,207,37260,0,0
2025-05-08,P005,S003,139,25020,0,0
2025-05-09,P001,S001,135,27000,0,0
2025-05-09,P001,S002,137,27400,0,0
2025-05-09,P001,S003,130,26000,0,0
2025-05-09,P002,S001,196,49000,0,0
2025-05-09,P002,S002,216,54000,0,0
2025-05-09,P002,S003,175,43750,0,0
2025-05-09,P003,S001,140,21000,0,0
2025-05-09,P003,S002,139,20850,0,0
2025-05-09,P003,S003,107,16050,0,0
2025-05-09,P004,S001,256,76800,0,0
2025-05-09,P004,S002,304,91200,1,0
2025-05-09,P004,S003,176,52800,0,0
2025-05-09,P005,S001,149,26820,0,0
2025-05-09,P005,S002,254,45720,1,0
2025-05-09,P005,S003,145,26100,0,0
2025-05-10,P001,S001,173,34600,0,0
2025-05-10,P001,S002,169,33800,0,0
2025-05-10,P001,S003,156,31200,0,0
2025-05-10,P002,S001,194,48500,0,0
2025-05-10,P002,S002,249,62250,0,0
2025-05-10,P002,S003,204,51000,0,0
2025-05-10,P003,S001,125,18750,0,0
2025-05-10,P003,S002,162,24300,0,0
2025-05-10,P003,S003,122,18300,0,0
2025-05-10,P004,S001,231,69300,0,0
2025-05-10,P004,S002,262,78600,0,0
2025-05-10,P004,S003,262,78600,1,0
2025-05-10,P005,S001,161,28980,0,0
2025-05-10,P005,S002,197,35460,0,0
2025-05-10,P005,S003,199,35820,1,0
2025-05-11,P001,S001,143,28600,0,0
2025-05-11,P001,S002,170,34000,0,0
2025-05-11,P001,S003,136,27200,0,0
2025-05-11,P002,S001,207,51750,0,0
2025-05-11,P002,S002,246,61500,0,0
2025-05-11,P002,S003,218,54500,1,0
2025-05-11,P003,S001,141,21150,0,0
2025-05-11,P003,S002,157,23550,0,0
2025-05-11,P003,S003,165,24750,1,0
2025-05-11,P004,S001,219,65700,0,0
2025-05-11,P004,S002,301,90300,1,0
2025-05-11,P004,S003,177,53100,0,0
2025-05-11,P005,S001,154,27720,0,0
2025-05-11,P005,S002,188,33840,0,0
2025-05-11,P005,S003,157,28260,0,0
2025-05-12,P001,S001,175,35000,1,0
2025-05-12,P001,S002,173,34600,0,0
2025-05-12,P001,S003,130,26000,0,0
2025-05-12,P002,S001,182,45500,0,0
2025-05-12,P002,S002,216,54000,0,0
2025-05-12,P002,S003,185,46250,0,0
2025-05-12,P003,S001,133,19950,0,0
2025-05-12,P003,S002,151,22650,1,0
2025-05-12,P003,S003,127,19050,0,0
2025-05-12,P004,S001,308,92400,1,0
2025-05-12,P004,S002,226,67800,0,0
2025-05-12,P004,S003,192,57600,0,0
2025-05-12,P005,S001,160,28800,0,0
2025-05-12,P005,S002,190,34200,0,0
2025-05-12,P005,S003,131,23580,0,0
2025-05-13,P001,S001,128,25600,0,0
2025-05-13,P001,S002,183,36600,0,0
2025-05-13,P001,S003,139,27800,0,0
2025-05-13,P002,S001,218,54500,1,0
2025-05-13,P002,S002,205,51250,0,0
2025-05-13,P002,S003,175,43750,0,0
2025-05-13,P003,S001,110,16500,0,0
2025-05-13,P003,S002,143,21450,0,0
2025-05-13,P003,S003,116,17400,0,0
2025-05-13,P004,S001,217,65100,0,0
2025-05-13,P004,S002,231,69300,0,0
2025-05-13,P004,S003,182,54600,0,0
2025-05-13,P005,S001,152,27360,0,0
2025-05-13,P005,S002,180,32400,0,0
2025-05-13,P005,S003,141,25380,1,0
2025-05-14,P001,S001,162,32400,1,0
2025-05-14,P001,S002,179,35800,0,0
2025-05-14,P001,S003,134,26800,0,0
2025-05-14,P002,S001,161,40250,0,0
2025-05-14,P002,S002,215,53750,0,0
2025-05-14,P002,S003,177,44250,0,0
2025-05-14,P003,S001,152,22800,1,0
2025-05-14,P003,S002,158,23700,0,0
2025-05-14,P003,S003,95,14250,0,0
2025-05-14,P004,S001,208,62400,0,0
2025-05-14,P004,S002,260,78000,0,0
2025-05-14,P004,S003,189,56700,0,0
2025-05-14,P005,S001,157,28260,0,0
2025-05-14,P005,S002,206,37080,0,0
2025-05-14,P005,S003,156,28080,0,0
2025-05-15,P001,S001,152,30400,0,0
2025-05-15,P001,S002,203,40600,1,0
2025-05-15,P001,S003,165,33000,1,0
2025-05-15,P002,S001,193,48250,0,0
2025-05-15,P002,S002,202,50500,0,0
2025-05-15,P002,S003,176,44000,0,0
2025-05-15,P003,S001,125,18750,0,0
2025-05-15,P003,S002,144,21600,0,0
2025-05-15,P003,S003,109,16350,0,0
2025-05-15,P004,S001,274,82200,1,0
2025-05-15,P004,S002,272,81600,0,0
2025-05-15,P004,S003,182,54600,0,0
2025-05-15,P005,S001,219,39420,1,0
2025-05-15,P005,S002,238,42840,1,0
2025-05-15,P005,S003,130,23400,0,0
2025-05-16,P001,S001,156,31200,0,0
2025-05-16,P001,S002,165,33000,0,0
2025-05-16,P001,S003,119,23800,0,0
2025-05-16,P002,S001,173,43250,0,0
2025-05-16,P002,S002,200,50000,0,0
2025-05-16,P002,S003,172,43000,0,0
2025-05-16,P003,S001,121,18150,0,0
2025-05-16,P003,S002,173,25950,1,0
2025-05-16,P003,S003,140,21000,1,0
2025-05-16,P004,S001,228,68400,0,0
2025-05-16,P004,S002,269,80700,0,0
2025-05-16,P004,S003,223,66900,1,0
2025-05-16,P005,S001,185,33300,1,0
2025-05-16,P005,S002,169,30420,0,0
2025-05-16,P005,S003,139,25020,0,0
2025-05-17,P001,S001,180,36000,1,0
2025-05-17,P001,S002,176,35200,0,0
2025-05-17,P001,S003,171,34200,0,0
2025-05-17,P002,S001,228,57000,1,0
2025-05-17,P002,S002,233,58250,0,0
2025-05-17,P002,S003,241,60250,1,0
2025-05-17,P003,S001,115,17250,0,0
2025-05-17,P003,S002,149,22350,0,0
2025-05-17,P003,S003,127,19050,0,0
2025-05-17,P004,S001,231,69300,0,0
2025-05-17,P004,S002,360,108000,1,0
2025-05-17,P004,S003,242,72600,1,0
2025-05-17,P005,S001,169,30420,0,0
2025-05-17,P005,S002,231,41580,1,0
2025-05-17,P005,S003,148,26640,0,0
2025-05-18,P001,S001,157,31400,0,0
2025-05-18,P001,S002,200,40000,0,0
2025-05-18,P001,S003,146,29200,0,0
2025-05-18,P002,S001,227,56750,0,0
2025-05-18,P002,S002,212,53000,0,0
2025-05-18,P002,S003,199,49750,0,0
2025-05-18,P003,S001,111,16650,0,0
2025-05-18,P003,S002,163,24450,0,0
2025-05-18,P003,S003,138,20700,0,0
2025-05-18,P004,S001,274,82200,0,0
2025-05-18,P004,S002,262,78600,0,0
2025-05-18,P004,S003,278,83400,1,0
2025-05-18,P005,S001,229,41220,1,0
2025-05-18,P005,S002,210,37800,0,0
2025-05-18,P005,S003,150,27000,0,0
2025-05-19,P001,S001,137,27400,0,0
2025-05-19,P001,S002,165,33000,0,0
2025-05-19,P001,S003,168,33600,1,0
2025-05-19,P002,S001,177,44250,0,0
2025-05-19,P002,S002,207,51750,0,0
2025-05-19,P002,S003,162,40500,0,0
2025-05-19,P003,S001,127,19050,0,0
2025-05-19,P003,S002,140,21000,0,0
2025-05-19,P003,S003,104,15600,0,0
2025-05-19,P004,S001,249,74700,1,0
2025-05-19,P004,S002,279,83700,0,0
2025-05-19,P004,S003,211,63300,0,0
2025-05-19,P005,S001,198,35640,1,0
2025-05-19,P005,S002,184,33120,0,0
2025-05-19,P005,S003,147,26460,1,0
2025-05-20,P001,S001,192,38400,1,0
2025-05-20,P001,S002,191,38200,1,0
2025-05-20,P001,S003,126,25200,0,0
2025-05-20,P002,S001,193,48250,0,0
2025-05-20,P002,S002,230,57500,0,0
2025-05-20,P002,S003,164,41000,0,0
2025-05-20,P003,S001,125,18750,0,0
2025-05-20,P003,S002,122,18300,0,0
2025-05-20,P003,S003,110,16500,0,0
2025-05-20,P004,S001,258,77400,1,0
2025-05-20,P004,S002,261,78300,0,0
2025-05-20,P004,S003,201,60300,0,0
2025-05-20,P005,S001,146,26280,0,0
2025-05-20,P005,S002,195,35100,0,0
2025-05-20,P005,S003,179,32220,1,0
2025-05-21,P001,S001,142,28400,0,0
2025-05-21,P001,S002,150,30000,0,0
2025-05-21,P001,S003,179,35800,1,0
2025-05-21,P002,S001,183,45750,0,0
2025-05-21,P002,S002,225,56250,0,0
2025-05-21,P002,S003,204,51000,1,0
2025-05-21,P003,S001,115,17250,0,0
2025-05-21,P003,S002,176,26400,1,0
2025-05-21,P003,S003,133,19950,1,0
2025-05-21,P004,S001,224,67200,0,0
2025-05-21,P004,S002,231,69300,0,0
2025-05-21,P004,S003,200,60000,0,0
2025-05-21,P005,S001,145,26100,0,0
2025-05-21,P005,S002,228,41040,1,0
2025-05-21,P005,S003,149,26820,0,0
2025-05-22,P001,S001,148,29600,0,0
2025-05-22,P001,S002,168,33600,0,0
2025-05-22,P001,S003,135,27000,0,0
2025-05-22,P002,S001,170,42500,0,0
2025-05-22,P002,S002,244,61000,0,0
2025-05-22,P002,S003,159,39750,0,0
2025-05-22,P003,S001,127,19050,0,0
2025-05-22,P003,S002,151,22650,0,0
2025-05-22,P003,S003,129,19350,1,0
2025-05-22,P004,S001,233,69900,0,0
2025-05-22,P004,S002,336,100800,1,0
2025-05-22,P004,S003,204,61200,0,0
2025-05-22,P005,S001,178,32040,1,0
2025-05-22,P005,S002,169,30420,0,0
2025-05-22,P005,S003,197,35460,1,0
2025-05-23,P001,S001,140,28000,0,0
2025-05-23,P001,S002,213,42600,1,0
2025-05-23,P001,S003,151,30200,0,0
2025-05-23,P002,S001,215,53750,1,0
2025-05-23,P002,S002,199,49750,0,0
2025-05-23,P002,S003,163,40750,0,0
2025-05-23,P003,S001,149,22350,1,0
2025-05-23,P003,S002,146,21900,0,0
2025-05-23,P003,S003,118,17700,1,0
2025-05-23,P004,S001,207,62100,0,0
2025-05-23,P004,S002,252,75600,0,0
2025-05-23,P004,S003,205,61500,0,0
2025-05-23,P005,S001,167,30060,0,0
2025-05-23,P005,S002,236,42480,1,0
2025-05-23,P005,S003,133,23940,0,0
2025-05-24,P001,S001,193,38600,1,0
2025-05-24,P001,S002,185,37000,0,0
2025-05-24,P001,S003,155,31000,0,0
2025-05-24,P002,S001,215,53750,0,0
2025-05-24,P002,S002,215,53750,0,0
2025-05-24,P002,S003,197,49250,1,0
2025-05-24,P003,S001,156,23400,1,0
2025-05-24,P003,S002,138,20700,0,0
2025-05-24,P003,S003,136,20400,1,0
2025-05-24,P004,S001,265,79500,0,0
2025-05-24,P004,S002,244,73200,0,0
2025-05-24,P004,S003,192,57600,0,0
2025-05-24,P005,S001,189,34020,1,0
2025-05-24,P005,S002,215,38700,0,0
2025-05-24,P005,S003,161,28980,0,0
2025-05-25,P001,S001,133,26600,0,0
2025-05-25,P001,S002,159,31800,0,0
2025-05-25,P001,S003,162,32400,1,0
2025-05-25,P002,S001,174,43500,0,0
2025-05-25,P002,S002,205,51250,0,0
2025-05-25,P002,S003,192,48000,0,0
2025-05-25,P003,S001,155,23250,1,0
2025-05-25,P003,S002,161,24150,0,0
2025-05-25,P003,S003,91,13650,0,0
2025-05-25,P004,S001,240,72000,0,0
2025-05-25,P004,S002,231,69300,0,0
2025-05-25,P004,S003,203,60900,0,0
2025-05-25,P005,S001,155,27900,0,0
2025-05-25,P005,S002,188,33840,0,0
2025-05-25,P005,S003,146,26280,0,0
2025-05-26,P001,S001,148,29600,0,0
2025-05-26,P001,S002,162,32400,0,0
2025-05-26,P001,S003,128,25600,0,0
2025-05-26,P002,S001,176,44000,0,0
2025-05-26,P002,S002,223,55750,1,0
2025-05-26,P002,S003,173,43250,0,0
2025-05-26,P003,S001,120,18000,0,0
2025-05-26,P003,S002,128,19200,0,0
2025-05-26,P003,S003,104,15600,0,0
2025-05-26,P004,S001,240,72000,0,0
2025-05-26,P004,S002,234,70200,0,0
2025-05-26,P004,S003,189,56700,0,0
2025-05-26,P005,S001,200,36000,1,0
2025-05-26,P005,S002,178,32040,0,0
2025-05-26,P005,S003,140,25200,0,0
2025-05-27,P001,S001,177,35400,1,0
2025-05-27,P001,S002,177,35400,0,0
2025-05-27,P001,S003,138,27600,1,0
2025-05-27,P002,S001,200,50000,0,0
2025-05-27,P002,S002,221,55250,0,0
2025-05-27,P002,S003,178,44500,1,0
2025-05-27,P003,S001,119,17850,0,0
2025-05-27,P003,S002,131,19650,0,0
2025-05-27,P003,S003,101,15150,0,0
2025-05-27,P004,S001,251,75300,0,0
2025-05-27,P004,S002,272,81600,0,0
2025-05-27,P004,S003,240,72000,1,0
2025-05-27,P005,S001,145,26100,0,0
2025-05-27,P005,S002,197,35460,0,0
2025-05-27,P005,S003,162,29160,1,0
2025-05-28,P001,S001,140,28000,0,0
2025-05-28,P001,S002,189,37800,1,0
2025-05-28,P001,S003,130,26000,0,0
2025-05-28,P002,S001,230,57500,1,0
2025-05-28,P002,S002,268,67000,1,0
2025-05-28,P002,S003,194,48500,1,0
2025-05-28,P003,S001,133,19950,0,0
2025-05-28,P003,S002,136,20400,0,0
2025-05-28,P003,S003,124,18600,1,0
2025-05-28,P004,S001,218,65400,0,0
2025-05-28,P004,S002,264,79200,0,0
2025-05-28,P004,S003,210,63000,0,0
2025-05-28,P005,S001,158,28440,0,0
2025-05-28,P005,S002,183,32940,0,0
2025-05-28,P005,S003,165,29700,0,0
2025-05-29,P001,S001,158,31600,0,0
2025-05-29,P001,S002,163,32600,0,0
2025-05-29,P001,S003,140,28000,1,0
2025-05-29,P002,S001,169,42250,0,0
2025-05-29,P002,S002,205,51250,0,0
2025-05-29,P002,S003,148,37000,0,0
2025-05-29,P003,S001,127,19050,0,0
2025-05-29,P003,S002,159,23850,1,0
2025-05-29,P003,S003,114,17100,0,0
2025-05-29,P004,S001,218,65400,0,0
2025-05-29,P004,S002,234,70200,0,0
2025-05-29,P004,S003,188,56400,0,0
2025-05-29,P005,S001,164,29520,0,0
2025-05-29,P005,S002,181,32580,0,0
2025-05-29,P005,S003,139,25020,0,0
2025-05-30,P001,S001,152,30400,0,0
2025-05-30,P001,S002,167,33400,0,0
2025-05-30,P001,S003,141,28200,0,0
2025-05-30,P002,S001,190,47500,0,0
2025-05-30,P002,S002,200,50000,0,0
2025-05-30,P002,S003,169,42250,1,0
2025-05-30,P003,S001,136,20400,1,0
2025-05-30,P003,S002,187,28050,1,0
2025-05-30,P003,S003,112,16800,0,0
2025-05-30,P004,S001,206,61800,0,0
2025-05-30,P004,S002,256,76800,1,0
2025-05-30,P004,S003,170,51000,0,0
2025-05-30,P005,S001,167,30060,1,0
2025-05-30,P005,S002,216,38880,1,0
2025-05-30,P005,S003,147,26460,0,0
2025-05-31,P001,S001,146,29200,0,0
2025-05-31,P001,S002,224,44800,1,0
2025-05-31,P001,S003,144,28800,0,0
2025-05-31,P002,S001,200,50000,0,0
2025-05-31,P002,S002,222,55500,0,0
2025-05-31,P002,S003,164,41000,0,0
2025-05-31,P003,S001,121,18150,0,0
2025-05-31,P003,S002,159,23850,0,0
2025-05-31,P003,S003,161,24150,1,0
2025-05-31,P004,S001,242,72600,0,0
2025-05-31,P004,S002,341,102300,1,0
2025-05-31,P004,S003,231,69300,0,0
2025-05-31,P005,S001,182,32760,0,0
2025-05-31,P005,S002,205,36900,0,0
2025-05-31,P005,S003,174,31320,0,0
2025-06-01,P001,S001,159,31800,0,0
2025-06-01,P001,S002,183,36600,1,0
2025-06-01,P001,S003,131,26200,0,0
2025-06-01,P002,S001,207,51750,1,0
2025-06-01,P002,S002,226,56500,0,0
2025-06-01,P002,S003,143,35750,0,0
2025-06-01,P003,S001,135,20250,0,0
2025-06-01,P003,S002,164,24600,1,0
2025-06-01,P003,S003,137,20550,1,0
2025-06-01,P004,S001,172,51600,0,0
2025-06-01,P004,S002,275,82500,0,0
2025-06-01,P004,S003,205,61500,0,0
2025-06-01,P005,S001,177,31860,1,0
2025-06-01,P005,S002,199,35820,0,0
2025-06-01,P005,S003,178,32040,1,0
2025-06-02,P001,S001,140,28000,0,0
2025-06-02,P001,S002,168,33600,1,0
2025-06-02,P001,S003,133,26600,0,0
2025-06-02,P002,S001,164,41000,0,0
2025-06-02,P002,S002,157,39250,0,0
2025-06-02,P002,S003,160,40000,0,0
2025-06-02,P003,S001,104,15600,0,0
2025-06-02,P003,S002,127,19050,0,0
2025-06-02,P003,S003,99,14850,0,0
2025-06-02,P004,S001,196,58800,0,0
2025-06-02,P004,S002,215,64500,0,0
2025-06-02,P004,S003,192,57600,0,0
2025-06-02,P005,S001,155,27900,0,0
2025-06-02,P005,S002,200,36000,1,0
2025-06-02,P005,S003,131,23580,0,0
2025-06-03,P001,S001,170,34000,1,0
2025-06-03,P001,S002,153,30600,0,0
2025-06-03,P001,S003,160,32000,1,0
2025-06-03,P002,S001,204,51000,1,0
2025-06-03,P002,S002,221,55250,0,0
2025-06-03,P002,S003,145,36250,0,0
2025-06-03,P003,S001,136,20400,1,0
2025-06-03,P003,S002,122,18300,0,0
2025-06-03,P003,S003,108,16200,0,0
2025-06-03,P004,S001,196,58800,0,0
2025-06-03,P004,S002,281,84300,1,0
2025-06-03,P004,S003,205,61500,0,0
2025-06-03,P005,S001,144,25920,0,0
2025-06-03,P005,S002,169,30420,0,0
2025-06-03,P005,S003,162,29160,1,0
2025-06-04,P001,S001,148,29600,1,0
2025-06-04,P001,S002,192,38400,1,0
2025-06-04,P001,S003,126,25200,0,0
2025-06-04,P002,S001,204,51000,1,0
2025-06-04,P002,S002,206,51500,0,0
2025-06-04,P002,S003,139,34750,0,0
2025-06-04,P003,S001,107,16050,0,0
2025-06-04,P003,S002,121,18150,0,0
2025-06-04,P003,S003,122,18300,1,0
2025-06-04,P004,S001,208,62400,0,0
2025-06-04,P004,S002,218,65400,0,0
2025-06-04,P004,S003,202,60600,0,0
2025-06-04,P005,S001,140,25200,0,0
2025-06-04,P005,S002,176,31680,0,0
2025-06-04,P005,S003,144,25920,1,0
2025-06-05,P001,S001,137,27400,0,0
2025-06-05,P001,S002,173,34600,0,0
2025-06-05,P001,S003,149,29800,1,0
2025-06-05,P002,S001,172,43000,0,0
2025-06-05,P002,S002,252,63000,1,0
2025-06-05,P002,S003,157,39250,0,0
2025-06-05,P003,S001,111,16650,0,0
2025-06-05,P003,S002,134,20100,0,0
2025-06-05,P003,S003,115,17250,1,0
2025-06-05,P004,S001,178,53400,0,0
2025-06-05,P004,S002,229,68700,0,0
2025-06-05,P004,S003,177,53100,0,0
2025-06-05,P005,S001,165,29700,0,0
2025-06-05,P005,S002,175,31500,0,0
2025-06-05,P005,S003,142,25560,0,0
2025-06-06,P001,S001,131,26200,0,0
2025-06-06,P001,S002,207,41400,1,0
2025-06-06,P001,S003,124,24800,0,0
2025-06-06,P002,S001,172,43000,0,0
2025-06-06,P002,S002,189,47250,0,0
2025-06-06,P002,S003,164,41000,0,0
2025-06-06,P003,S001,132,19800,1,0
2025-06-06,P003,S002,147,22050,1,0
2025-06-06,P003,S003,98,14700,0,0
2025-06-06,P004,S001,209,62700,0,0
2025-06-06,P004,S002,222,66600,0,0
2025-06-06,P004,S003,243,72900,1,0
2025-06-06,P005,S001,170,30600,0,0
2025-06-06,P005,S002,196,35280,0,0
2025-06-06,P005,S003,125,22500,0,0
2025-06-07,P001,S001,138,27600,0,0
2025-06-07,P001,S002,161,32200,0,0
2025-06-07,P001,S003,141,28200,1,0
2025-06-07,P002,S001,187,46750,0,0
2025-06-07,P002,S002,212,53000,0,0
2025-06-07,P002,S003,216,54000,1,0
2025-06-07,P003,S001,120,18000,0,0
2025-06-07,P003,S002,151,22650,0,0
2025-06-07,P003,S003,98,14700,0,0
2025-06-07,P004,S001,241,72300,0,0
2025-06-07,P004,S002,289,86700,1,0
2025-06-07,P004,S003,221,66300,1,0
2025-06-07,P005,S001,157,28260,0,0
2025-06-07,P005,S002,203,36540,0,0
2025-06-07,P005,S003,145,26100,0,0
2025-06-08,P001,S001,183,36600,1,0
2025-06-08,P001,S002,189,37800,0,0
2025-06-08,P001,S003,133,26600,0,0
2025-06-08,P002,S001,202,50500,0,0
2025-06-08,P002,S002,204,51000,0,0
2025-06-08,P002,S003,177,44250,0,0
2025-06-08,P003,S001,133,19950,1,0
2025-06-08,P003,S002,139,20850,0,0
2025-06-08,P003,S003,113,16950,0,0
2025-06-08,P004,S001,219,65700,0,0
2025-06-08,P004,S002,262,78600,1,0
2025-06-08,P004,S003,205,61500,0,0
2025-06-08,P005,S001,169,30420,0,0
2025-06-08,P005,S002,190,34200,0,0
2025-06-08,P005,S003,185,33300,1,0
2025-06-09,P001,S001,126,25200,0,0
2025-06-09,P001,S002,139,27800,0,0
2025-06-09,P001,S003,142,28400,0,0
2025-06-09,P002,S001,159,39750,0,0
2025-06-09,P002,S002,190,47500,0,0
2025-06-09,P002,S003,175,43750,0,0
2025-06-09,P003,S001,115,17250,0,0
2025-06-09,P003,S002,168,25200,1,0
2025-06-09,P003,S003,94,14100,0,0
2025-06-09,P004,S001,182,54600,0,0
2025-06-09,P004,S002,215,64500,0,0
2025-06-09,P004,S003,194,58200,0,0
2025-06-09,P005,S001,174,31320,1,0
2025-06-09,P005,S002,236,42480,1,0
2025-06-09,P005,S003,140,25200,0,0
2025-06-10,P001,S001,126,25200,0,0
2025-06-10,P001,S002,152,30400,0,0
2025-06-10,P001,S003,112,22400,0,0
2025-06-10,P002,S001,180,45000,0,0
2025-06-10,P002,S002,249,62250,1,0
2025-06-10,P002,S003,199,49750,1,0
2025-06-10,P003,S001,111,16650,0,0
2025-06-10,P003,S002,121,18150,0,0
2025-06-10,P003,S003,129,19350,1,0
2025-06-10,P004,S001,188,56400,0,0
2025-06-10,P004,S002,266,79800,1,0
2025-06-10,P004,S003,187,56100,0,0
2025-06-10,P005,S001,185,33300,1,0
2025-06-10,P005,S002,182,32760,0,0
2025-06-10,P005,S003,178,32040,1,0
2025-06-11,P001,S001,186,37200,1,0
2025-06-11,P001,S002,206,41200,1,0
2025-06-11,P001,S003,153,30600,1,0
2025-06-11,P002,S001,151,37750,0,0
2025-06-11,P002,S002,206,51500,0,0
2025-06-11,P002,S003,173,43250,1,0
2025-06-11,P003,S001,117,17550,0,0
2025-06-11,P003,S002,145,21750,1,0
2025-06-11,P003,S003,128,19200,1,0
2025-06-11,P004,S001,210,63000,0,0
2025-06-11,P004,S002,256,76800,0,0
2025-06-11,P004,S003,190,57000,0,0
2025-06-11,P005,S001,186,33480,1,0
2025-06-11,P005,S002,183,32940,0,0
2025-06-11,P005,S003,126,22680,0,0
2025-06-12,P001,S001,143,28600,0,0
2025-06-12,P001,S002,184,36800,1,0
2025-06-12,P001,S003,151,30200,1,0
2025-06-12,P002,S001,181,45250,0,0
2025-06-12,P002,S002,207,51750,1,0
2025-06-12,P002,S003,140,35000,0,0
2025-06-12,P003,S001,129,19350,1,0
2025-06-12,P003,S002,123,18450,0,0
2025-06-12,P003,S003,101,15150,0,0
2025-06-12,P004,S001,195,58500,0,0
2025-06-12,P004,S002,301,90300,1,0
2025-06-12,P004,S003,169,50700,0,0
2025-06-12,P005,S001,132,23760,0,0
2025-06-12,P005,S002,212,38160,1,0
2025-06-12,P005,S003,150,27000,0,0
2025-06-13,P001,S001,155,31000,0,0
2025-06-13,P001,S002,188,37600,1,0
2025-06-13,P001,S003,120,24000,0,0
2025-06-13,P002,S001,191,47750,1,0
2025-06-13,P002,S002,177,44250,0,0
2025-06-13,P002,S003,139,34750,0,0
2025-06-13,P003,S001,102,15300,0,0
2025-06-13,P003,S002,130,19500,0,0
2025-06-13,P003,S003,121,18150,1,0
2025-06-13,P004,S001,225,67500,0,0
2025-06-13,P004,S002,228,68400,0,0
2025-06-13,P004,S003,207,62100,0,0
2025-06-13,P005,S001,194,34920,1,0
2025-06-13,P005,S002,159,28620,0,0
2025-06-13,P005,S003,135,24300,0,0
2025-06-14,P001,S001,179,35800,1,0
2025-06-14,P001,S002,185,37000,0,0
2025-06-14,P001,S003,119,23800,0,0
2025-06-14,P002,S001,166,41500,0,0
2025-06-14,P002,S002,211,52750,0,0
2025-06-14,P002,S003,176,44000,0,0
2025-06-14,P003,S001,125,18750,1,0
2025-06-14,P003,S002,165,24750,0,0
2025-06-14,P003,S003,109,16350,0,0
2025-06-14,P004,S001,200,60000,0,0
2025-06-14,P004,S002,237,71100,0,0
2025-06-14,P004,S003,210,63000,0,0
2025-06-14,P005,S001,154,27720,0,0
2025-06-14,P005,S002,195,35100,0,0
2025-06-14,P005,S003,146,26280,0,0
2025-06-15,P001,S001,175,35000,0,0
2025-06-15,P001,S002,162,32400,0,0
2025-06-15,P001,S003,173,34600,1,0
2025-06-15,P002,S001,192,48000,0,0
2025-06-15,P002,S002,230,57500,1,0
2025-06-15,P002,S003,191,47750,1,0
2025-06-15,P003,S001,124,18600,0,0
2025-06-15,P003,S002,182,27300,1,0
2025-06-15,P003,S003,128,19200,0,0
2025-06-15,P004,S001,269,80700,1,0
2025-06-15,P004,S002,223,66900,0,0
2025-06-15,P004,S003,174,52200,0,0
2025-06-15,P005,S001,154,27720,0,0
2025-06-15,P005,S002,201,36180,0,0
2025-06-15,P005,S003,176,31680,1,0
2025-06-16,P001,S001,132,26400,0,0
2025-06-16,P001,S002,203,40600,1,0
2025-06-16,P001,S003,132,26400,0,0
2025-06-16,P002,S001,168,42000,0,0
2025-06-16,P002,S002,198,49500,0,0
2025-06-16,P002,S003,174,43500,1,0
2025-06-16,P003,S001,154,23100,1,0
2025-06-16,P003,S002,177,26550,1,0
2025-06-16,P003,S003,101,15150,0,0
2025-06-16,P004,S001,235,70500,1,0
2025-06-16,P004,S002,243,72900,0,0
2025-06-16,P004,S003,191,57300,0,0
2025-06-16,P005,S001,153,27540,0,0
2025-06-16,P005,S002,162,29160,0,0
2025-06-16,P005,S003,143,25740,0,0
2025-06-17,P001,S001,130,26000,0,0
2025-06-17,P001,S002,154,30800,0,0
2025-06-17,P001,S003,137,27400,1,0
2025-06-17,P002,S001,195,48750,0,0
2025-06-17,P002,S002,218,54500,1,0
2025-06-17,P002,S003,173,43250,1,0
2025-06-17,P003,S001,149,22350,1,0
2025-06-17,P003,S002,146,21900,0,0
2025-06-17,P003,S003,105,15750,0,0
2025-06-17,P004,S001,183,54900,0,0
2025-06-17,P004,S002,284,85200,1,0
2025-06-17,P004,S003,164,49200,0,0
2025-06-17,P005,S001,157,28260,0,0
2025-06-17,P005,S002,165,29700,0,0
2025-06-17,P005,S003,124,22320,0,0
2025-06-18,P001,S001,140,28000,0,0
2025-06-18,P001,S002,177,35400,0,0
2025-06-18,P001,S003,134,26800,0,0
2025-06-18,P002,S001,158,39500,0,0
2025-06-18,P002,S002,193,48250,0,0
2025-06-18,P002,S003,130,32500,0,0
2025-06-18,P003,S001,126,18900,0,0
2025-06-18,P003,S002,126,18900,0,0
2025-06-18,P003,S003,91,13650,0,0
2025-06-18,P004,S001,212,63600,0,0
2025-06-18,P004,S002,303,90900,1,0
2025-06-18,P004,S003,176,52800,0,0
2025-06-18,P005,S001,139,25020,0,0
2025-06-18,P005,S002,164,29520,0,0
2025-06-18,P005,S003,133,23940,0,0
2025-06-19,P001,S001,138,27600,0,0
2025-06-19,P001,S002,157,31400,0,0
2025-06-19,P001,S003,135,27000,0,0
2025-06-19,P002,S001,162,40500,0,0
2025-06-19,P002,S002,202,50500,1,0
2025-06-19,P002,S003,173,43250,1,0
2025-06-19,P003,S001,128,19200,1,0
2025-06-19,P003,S002,143,21450,0,0
2025-06-19,P003,S003,116,17400,0,0
2025-06-19,P004,S001,207,62100,0,0
2025-06-19,P004,S002,304,91200,1,0
2025-06-19,P004,S003,228,68400,1,0
2025-06-19,P005,S001,203,36540,1,0
2025-06-19,P005,S002,196,35280,0,0
2025-06-19,P005,S003,161,28980,1,0
2025-06-20,P001,S001,130,26000,0,0
2025-06-20,P001,S002,148,29600,0,0
2025-06-20,P001,S003,130,26000,0,0
2025-06-20,P002,S001,211,52750,1,0
2025-06-20,P002,S002,219,54750,0,0
2025-06-20,P002,S003,161,40250,0,0
2025-06-20,P003,S001,118,17700,0,0
2025-06-20,P003,S002,115,17250,0,0
2025-06-20,P003,S003,104,15600,0,0
2025-06-20,P004,S001,228,68400,0,0
2025-06-20,P004,S002,235,70500,0,0
2025-06-20,P004,S003,168,50400,0,0
2025-06-20,P005,S001,137,24660,0,0
2025-06-20,P005,S002,171,30780,0,0
2025-06-20,P005,S003,147,26460,0,0
2025-06-21,P001,S001,144,28800,0,0
2025-06-21,P001,S002,143,28600,0,0
2025-06-21,P001,S003,136,27200,0,0
2025-06-21,P002,S001,228,57000,1,0
2025-06-21,P002,S002,213,53250,0,0
2025-06-21,P002,S003,177,44250,0,0
2025-06-21,P003,S001,112,16800,0,0
2025-06-21,P003,S002,143,21450,0,0
2025-06-21,P003,S003,109,16350,0,0
2025-06-21,P004,S001,189,56700,0,0
2025-06-21,P004,S002,272,81600,0,0
2025-06-21,P004,S003,208,62400,0,0
2025-06-21,P005,S001,153,27540,0,0
2025-06-21,P005,S002,195,35100,0,0
2025-06-21,P005,S003,138,24840,0,0
2025-06-22,P001,S001,172,34400,1,0
2025-06-22,P001,S002,172,34400,0,0
2025-06-22,P001,S003,149,29800,0,0
2025-06-22,P002,S001,181,45250,0,0
2025-06-22,P002,S002,294,73500,1,0
2025-06-22,P002,S003,179,44750,0,0
2025-06-22,P003,S001,124,18600,0,0
2025-06-22,P003,S002,161,24150,0,0
2025-06-22,P003,S003,143,21450,1,0
2025-06-22,P004,S001,234,70200,0,0
2025-06-22,P004,S002,243,72900,0,0
2025-06-22,P004,S003,191,57300,0,0
2025-06-22,P005,S001,154,27720,0,0
2025-06-22,P005,S002,185,33300,0,0
2025-06-22,P005,S003,171,30780,0,0
2025-06-23,P001,S001,136,27200,0,0
2025-06-23,P001,S002,165,33000,0,0
2025-06-23,P001,S003,151,30200,1,0
2025-06-23,P002,S001,172,43000,0,0
2025-06-23,P002,S002,255,63750,1,0
2025-06-23,P002,S003,176,44000,1,0
2025-06-23,P003,S001,128,19200,0,0
2025-06-23,P003,S002,124,18600,0,0
2025-06-23,P003,S003,128,19200,1,0
2025-06-23,P004,S001,178,53400,0,0
2025-06-23,P004,S002,229,68700,0,0
2025-06-23,P004,S003,147,44100,0,0
2025-06-23,P005,S001,206,37080,1,0
2025-06-23,P005,S002,136,24480,0,0
2025-06-23,P005,S003,120,21600,0,0
2025-06-24,P001,S001,138,27600,0,0
2025-06-24,P001,S002,165,33000,0,0
2025-06-24,P001,S003,112,22400,0,0
2025-06-24,P002,S001,173,43250,0,0
2025-06-24,P002,S002,180,45000,0,0
2025-06-24,P002,S003,160,40000,0,0
2025-06-24,P003,S001,128,19200,0,0
2025-06-24,P003,S002,135,20250,0,0
2025-06-24,P003,S003,120,18000,1,0
2025-06-24,P004,S001,205,61500,0,0
2025-06-24,P004,S002,245,73500,0,0
2025-06-24,P004,S003,201,60300,0,0
2025-06-24,P005,S001,179,32220,1,0
2025-06-24,P005,S002,192,34560,0,0
2025-06-24,P005,S003,145,26100,1,0
2025-06-25,P001,S001,158,31600,0,0
2025-06-25,P001,S002,184,36800,1,0
2025-06-25,P001,S003,150,30000,1,0
2025-06-25,P002,S001,174,43500,0,0
2025-06-25,P002,S002,186,46500,0,0
2025-06-25,P002,S003,161,40250,0,0
2025-06-25,P003,S001,123,18450,0,0
2025-06-25,P003,S002,177,26550,1,0
2025-06-25,P003,S003,103,15450,0,0
2025-06-25,P004,S001,199,59700,0,0
2025-06-25,P004,S002,235,70500,0,0
2025-06-25,P004,S003,184,55200,0,0
2025-06-25,P005,S001,157,28260,0,0
2025-06-25,P005,S002,181,32580,0,0
2025-06-25,P005,S003,183,32940,1,0
2025-06-26,P001,S001,159,31800,1,0
2025-06-26,P001,S002,163,32600,0,0
2025-06-26,P001,S003,122,24400,0,0
2025-06-26,P002,S001,169,42250,0,0
2025-06-26,P002,S002,235,58750,1,0
2025-06-26,P002,S003,163,40750,0,0
2025-06-26,P003,S001,108,16200,0,0
2025-06-26,P003,S002,136,20400,0,0
2025-06-26,P003,S003,128,19200,1,0
2025-06-26,P004,S001,201,60300,0,0
2025-06-26,P004,S002,226,67800,0,0
2025-06-26,P004,S003,201,60300,0,0
2025-06-26,P005,S001,123,22140,0,0
2025-06-26,P005,S002,155,27900,0,0
2025-06-26,P005,S003,127,22860,0,0
2025-06-27,P001,S001,137,27400,0,0
2025-06-27,P001,S002,158,31600,0,0
2025-06-27,P001,S003,117,23400,0,0
2025-06-27,P002,S001,180,45000,0,0
2025-06-27,P002,S002,205,51250,0,0
2025-06-27,P002,S003,145,36250,0,0
2025-06-27,P003,S001,118,17700,0,0
2025-06-27,P003,S002,121,18150,0,0
2025-06-27,P003,S003,97,14550,0,0
2025-06-27,P004,S001,217,65100,0,0
2025-06-27,P004,S002,231,69300,0,0
2025-06-27,P004,S003,178,53400,0,0
2025-06-27,P005,S001,137,24660,0,0
2025-06-27,P005,S002,175,31500,1,0
2025-06-27,P005,S003,141,25380,0,0
2025-06-28,P001,S001,158,31600,0,0
2025-06-28,P001,S002,170,34000,0,0
2025-06-28,P001,S003,142,28400,0,0
2025-06-28,P002,S001,248,62000,1,0
2025-06-28,P002,S002,221,55250,0,0
2025-06-28,P002,S003,174,43500,0,0
2025-06-28,P003,S001,123,18450,0,0
2025-06-28,P003,S002,162,24300,1,0
2025-06-28,P003,S003,102,15300,0,0
2025-06-28,P004,S001,200,60000,0,0
2025-06-28,P004,S002,303,90900,1,0
2025-06-28,P004,S003,224,67200,0,0
2025-06-28,P005,S001,173,31140,1,0
2025-06-28,P005,S002,232,41760,1,0
2025-06-28,P005,S003,183,32940,1,0
2025-06-29,P001,S001,148,29600,0,0
2025-06-29,P001,S002,183,36600,0,0
2025-06-29,P001,S003,151,30200,0,0
2025-06-29,P002,S001,154,38500,0,0
2025-06-29,P002,S002,288,72000,1,0
2025-06-29,P002,S003,182,45500,0,0
2025-06-29,P003,S001,137,20550,1,0
2025-06-29,P003,S002,180,27000,1,0
2025-06-29,P003,S003,113,16950,0,0
2025-06-29,P004,S001,212,63600,0,0
2025-06-29,P004,S002,268,80400,0,0
2025-06-29,P004,S003,200,60000,0,0
2025-06-29,P005,S001,148,26640,0,0
2025-06-29,P005,S002,198,35640,0,0
2025-06-29,P005,S003,145,26100,0,0
2025-06-30,P001,S001,142,28400,0,0
2025-06-30,P001,S002,182,36400,1,0
2025-06-30,P001,S003,134,26800,0,0
2025-06-30,P002,S001,155,38750,0,0
2025-06-30,P002,S002,191,47750,0,0
2025-06-30,P002,S003,156,39000,0,0
2025-06-30,P003,S001,122,18300,1,0
2025-06-30,P003,S002,140,21000,0,0
2025-06-30,P003,S003,102,15300,0,0
2025-06-30,P004,S001,183,54900,0,0
2025-06-30,P004,S002,287,86100,1,0
2025-06-30,P004,S003,205,61500,1,0
2025-06-30,P005,S001,125,22500,0,0
2025-06-30,P005,S002,177,31860,0,0
2025-06-30,P005,S003,146,26280,0,0
2025-07-01,P001,S001,169,33800,1,0
2025-07-01,P001,S002,128,25600,0,0
2025-07-01,P001,S003,113,22600,0,0
2025-07-01,P002,S001,211,52750,1,0
2025-07-01,P002,S002,213,53250,0,0
2025-07-01,P002,S003,149,37250,1,0
2025-07-01,P003,S001,107,16050,0,0
2025-07-01,P003,S002,131,19650,0,0
2025-07-01,P003,S003,89,13350,0,0
2025-07-01,P004,S001,246,73800,1,0
2025-07-01,P004,S002,242,72600,0,0
2025-07-01,P004,S003,153,45900,0,0
2025-07-01,P005,S001,135,24300,0,0
2025-07-01,P005,S002,201,36180,1,0
2025-07-01,P005,S003,118,21240,0,0
2025-07-02,P001,S001,168,33600,1,0
2025-07-02,P001,S002,138,27600,0,0
2025-07-02,P001,S003,116,23200,0,0
2025-07-02,P002,S001,198,49500,1,0
2025-07-02,P002,S002,170,42500,0,0
2025-07-02,P002,S003,175,43750,1,0
2025-07-02,P003,S001,99,14850,0,0
2025-07-02,P003,S002,119,17850,0,0
2025-07-02,P003,S003,81,12150,0,0
2025-07-02,P004,S001,190,57000,0,0
2025-07-02,P004,S002,216,64800,0,0
2025-07-02,P004,S003,182,54600,0,0
2025-07-02,P005,S001,140,25200,0,0
2025-07-02,P005,S002,185,33300,1,0
2025-07-02,P005,S003,124,22320,0,0
2025-07-03,P001,S001,117,23400,0,0
2025-07-03,P001,S002,188,37600,1,0
2025-07-03,P001,S003,106,21200,0,0
2025-07-03,P002,S001,155,38750,0,0
2025-07-03,P002,S002,204,51000,0,0
2025-07-03,P002,S003,142,35500,0,0
2025-07-03,P003,S001,103,15450,0,0
2025-07-03,P003,S002,122,18300,0,0
2025-07-03,P003,S003,124,18600,1,0
2025-07-03,P004,S001,221,66300,1,0
2025-07-03,P004,S002,212,63600,0,0
2025-07-03,P004,S003,157,47100,0,0
2025-07-03,P005,S001,142,25560,0,0
2025-07-03,P005,S002,206,37080,1,0
2025-07-03,P005,S003,142,25560,1,0
2025-07-04,P001,S001,160,32000,1,0
2025-07-04,P001,S002,146,29200,0,0
2025-07-04,P001,S003,143,28600,1,0
2025-07-04,P002,S001,142,35500,0,0
2025-07-04,P002,S002,177,44250,0,0
2025-07-04,P002,S003,149,37250,0,0
2025-07-04,P003,S001,96,14400,0,0
2025-07-04,P003,S002,108,16200,0,0
2025-07-04,P003,S003,81,12150,0,0
2025-07-04,P004,S001,175,52500,0,0
2025-07-04,P004,S002,210,63000,0,0
2025-07-04,P004,S003,216,64800,1,0
2025-07-04,P005,S001,125,22500,0,0
2025-07-04,P005,S002,163,29340,0,0
2025-07-04,P005,S003,121,21780,0,0
2025-07-05,P001,S001,127,25400,0,0
2025-07-05,P001,S002,196,39200,1,0
2025-07-05,P001,S003,124,24800,0,0
2025-07-05,P002,S001,172,43000,0,0
2025-07-05,P002,S002,175,43750,0,0
2025-07-05,P002,S003,171,42750,0,0
2025-07-05,P003,S001,127,19050,0,0
2025-07-05,P003,S002,143,21450,0,0
2025-07-05,P003,S003,100,15000,0,0
2025-07-05,P004,S001,198,59400,0,0
2025-07-05,P004,S002,261,78300,0,0
2025-07-05,P004,S003,152,45600,0,0
2025-07-05,P005,S001,174,31320,1,0
2025-07-05,P005,S002,158,28440,0,0
2025-07-05,P005,S003,149,26820,0,0
2025-07-06,P001,S001,151,30200,0,0
2025-07-06,P001,S002,160,32000,0,0
2025-07-06,P001,S003,131,26200,0,0
2025-07-06,P002,S001,175,43750,0,0
2025-07-06,P002,S002,185,46250,0,0
2025-07-06,P002,S003,163,40750,0,0
2025-07-06,P003,S001,134,20100,1,0
2025-07-06,P003,S002,125,18750,0,0
2025-07-06,P003,S003,110,16500,0,0
2025-07-06,P004,S001,195,58500,0,0
2025-07-06,P004,S002,303,90900,1,0
2025-07-06,P004,S003,191,57300,0,0
2025-07-06,P005,S001,159,28620,1,0
2025-07-06,P005,S002,204,36720,1,0
2025-07-06,P005,S003,126,22680,0,0
2025-07-07,P001,S001,129,25800,0,0
2025-07-07,P001,S002,187,37400,1,0
2025-07-07,P001,S003,98,19600,0,0
2025-07-07,P002,S001,147,36750,0,0
2025-07-07,P002,S002,200,50000,0,0
2025-07-07,P002,S003,170,42500,1,0
2025-07-07,P003,S001,112,16800,0,0
2025-07-07,P003,S002,134,20100,0,0
2025-07-07,P003,S003,93,13950,0,0
2025-07-07,P004,S001,173,51900,0,0
2025-07-07,P004,S002,222,66600,1,0
2025-07-07,P004,S003,186,55800,0,0
2025-07-07,P005,S001,140,25200,0,0
2025-07-07,P005,S002,181,32580,1,0
2025-07-07,P005,S003,127,22860,0,0
2025-07-08,P001,S001,121,24200,0,0
2025-07-08,P001,S002,155,31000,0,0
2025-07-08,P001,S003,113,22600,0,0
2025-07-08,P002,S001,175,43750,1,0
2025-07-08,P002,S002,190,47500,0,0
2025-07-08,P002,S003,128,32000,0,0
2025-07-08,P003,S001,97,14550,0,0
2025-07-08,P003,S002,132,19800,0,0
2025-07-08,P003,S003,124,18600,1,0
2025-07-08,P004,S001,205,61500,0,0
2025-07-08,P004,S002,203,60900,0,0
2025-07-08,P004,S003,174,52200,1,0
2025-07-08,P005,S001,168,30240,1,0
2025-07-08,P005,S002,148,26640,0,0
2025-07-08,P005,S003,126,22680,0,0
2025-07-09,P001,S001,123,24600,0,0
2025-07-09,P001,S002,149,29800,0,0
2025-07-09,P001,S003,123,24600,0,0
2025-07-09,P002,S001,158,39500,0,0
2025-07-09,P002,S002,195,48750,0,0
2025-07-09,P002,S003,178,44500,1,0
2025-07-09,P003,S001,124,18600,1,0
2025-07-09,P003,S002,134,20100,1,0
2025-07-09,P003,S003,128,19200,1,0
2025-07-09,P004,S001,241,72300,1,0
2025-07-09,P004,S002,225,67500,0,0
2025-07-09,P004,S003,191,57300,1,0
2025-07-09,P005,S001,133,23940,0,0
2025-07-09,P005,S002,174,31320,0,0
2025-07-09,P005,S003,123,22140,0,0
2025-07-10,P001,S001,130,26000,0,0
2025-07-10,P001,S002,192,38400,1,0
2025-07-10,P001,S003,114,22800,0,0
2025-07-10,P002,S001,151,37750,0,0
2025-07-10,P002,S002,161,40250,0,0
2025-07-10,P002,S003,130,32500,1,0
2025-07-10,P003,S001,129,19350,1,0
2025-07-10,P003,S002,124,18600,0,0
2025-07-10,P003,S003,131,19650,1,0
2025-07-10,P004,S001,199,59700,0,0
2025-07-10,P004,S002,208,62400,0,0
2025-07-10,P004,S003,193,57900,1,0
2025-07-10,P005,S001,131,23580,0,0
2025-07-10,P005,S002,157,28260,0,0
2025-07-10,P005,S003,118,21240,0,0
2025-07-11,P001,S001,124,24800,0,0
2025-07-11,P001,S002,123,24600,0,0
2025-07-11,P001,S003,129,25800,0,0
2025-07-11,P002,S001,166,41500,0,0
2025-07-11,P002,S002,182,45500,0,0
2025-07-11,P002,S003,155,38750,1,0
2025-07-11,P003,S001,96,14400,0,0
2025-07-11,P003,S002,133,19950,1,0
2025-07-11,P003,S003,108,16200,0,0
2025-07-11,P004,S001,194,58200,0,0
2025-07-11,P004,S002,223,66900,0,0
2025-07-11,P004,S003,168,50400,0,0
2025-07-11,P005,S001,173,31140,1,0
2025-07-11,P005,S002,190,34200,1,0
2025-07-11,P005,S003,132,23760,0,0
2025-07-12,P001,S001,121,24200,0,0
2025-07-12,P001,S002,154,30800,0,0
2025-07-12,P001,S003,130,26000,0,0
2025-07-12,P002,S001,169,42250,0,0
2025-07-12,P002,S002,210,52500,1,0
2025-07-12,P002,S003,164,41000,0,0
2025-07-12,P003,S001,130,19500,0,0
2025-07-12,P003,S002,124,18600,0,0
2025-07-12,P003,S003,98,14700,0,0
2025-07-12,P004,S001,207,62100,0,0
2025-07-12,P004,S002,266,79800,0,0
2025-07-12,P004,S003,175,52500,0,0
2025-07-12,P005,S001,170,30600,1,0
2025-07-12,P005,S002,164,29520,0,0
2025-07-12,P005,S003,144,25920,0,0
2025-07-13,P001,S001,179,35800,1,0
2025-07-13,P001,S002,135,27000,0,0
2025-07-13,P001,S003,121,24200,0,0
2025-07-13,P002,S001,204,51000,0,0
2025-07-13,P002,S002,238,59500,1,0
2025-07-13,P002,S003,144,36000,0,0
2025-07-13,P003,S001,130,19500,0,0
2025-07-13,P003,S002,127,19050,0,0
2025-07-13,P003,S003,90,13500,0,0
2025-07-13,P004,S001,221,66300,0,0
2025-07-13,P004,S002,213,63900,0,0
2025-07-13,P004,S003,229,68700,1,0
2025-07-13,P005,S001,182,32760,1,0
2025-07-13,P005,S002,200,36000,1,0
2025-07-13,P005,S003,109,19620,0,0
2025-07-14,P001,S001,133,26600,0,0
2025-07-14,P001,S002,123,24600,0,0
2025-07-14,P001,S003,143,28600,1,0
2025-07-14,P002,S001,172,43000,1,0
2025-07-14,P002,S002,205,51250,0,0
2025-07-14,P002,S003,141,35250,0,0
2025-07-14,P003,S001,103,15450,0,0
2025-07-14,P003,S002,117,17550,0,0
2025-07-14,P003,S003,90,13500,0,0
2025-07-14,P004,S001,242,72600,1,0
2025-07-14,P004,S002,210,63000,0,0
2025-07-14,P004,S003,215,64500,1,0
2025-07-14,P005,S001,136,24480,0,0
2025-07-14,P005,S002,165,29700,0,0
2025-07-14,P005,S003,132,23760,0,0
2025-07-15,P001,S001,127,25400,0,0
2025-07-15,P001,S002,173,34600,1,0
2025-07-15,P001,S003,115,23000,0,0
2025-07-15,P002,S001,191,47750,1,0
2025-07-15,P002,S002,187,46750,0,0
2025-07-15,P002,S003,125,31250,0,0
2025-07-15,P003,S001,103,15450,0,0
2025-07-15,P003,S002,138,20700,1,0
2025-07-15,P003,S003,112,16800,1,0
2025-07-15,P004,S001,201,60300,0,0
2025-07-15,P004,S002,244,73200,0,0
2025-07-15,P004,S003,155,46500,0,0
2025-07-15,P005,S001,121,21780,0,0
2025-07-15,P005,S002,153,27540,0,0
2025-07-15,P005,S003,121,21780,0,0
2025-07-16,P001,S001,112,22400,0,0
2025-07-16,P001,S002,146,29200,0,0
2025-07-16,P001,S003,116,23200,0,0
2025-07-16,P002,S001,173,43250,1,0
2025-07-16,P002,S002,176,44000,0,0
2025-07-16,P002,S003,147,36750,0,0
2025-07-16,P003,S001,99,14850,0,0
2025-07-16,P003,S002,132,19800,1,0
2025-07-16,P003,S003,103,15450,1,0
2025-07-16,P004,S001,185,55500,0,0
2025-07-16,P004,S002,195,58500,0,0
2025-07-16,P004,S003,181,54300,0,0
2025-07-16,P005,S001,141,25380,0,0
2025-07-16,P005,S002,168,30240,0,0
2025-07-16,P005,S003,137,24660,0,0
2025-07-17,P001,S001,118,23600,0,0
2025-07-17,P001,S002,142,28400,0,0
2025-07-17,P001,S003,118,23600,0,0
2025-07-17,P002,S001,162,40500,0,0
2025-07-17,P002,S002,182,45500,0,0
2025-07-17,P002,S003,179,44750,1,0
2025-07-17,P003,S001,105,15750,0,0
2025-07-17,P003,S002,132,19800,0,0
2025-07-17,P003,S003,113,16950,1,0
2025-07-17,P004,S001,235,70500,1,0
2025-07-17,P004,S002,201,60300,0,0
2025-07-17,P004,S003,179,53700,0,0
2025-07-17,P005,S001,146,26280,1,0
2025-07-17,P005,S002,152,27360,0,0
2025-07-17,P005,S003,118,21240,0,0
2025-07-18,P001,S001,134,26800,0,0
2025-07-18,P001,S002,137,27400,0,0
2025-07-18,P001,S003,116,23200,0,0
2025-07-18,P002,S001,153,38250,0,0
2025-07-18,P002,S002,187,46750,0,0
2025-07-18,P002,S003,143,35750,0,0
2025-07-18,P003,S001,117,17550,1,0
2025-07-18,P003,S002,99,14850,0,0
2025-07-18,P003,S003,89,13350,0,0
2025-07-18,P004,S001,179,53700,0,0
2025-07-18,P004,S002,232,69600,0,0
2025-07-18,P004,S003,163,48900,0,0
2025-07-18,P005,S001,134,24120,0,0
2025-07-18,P005,S002,154,27720,0,0
2025-07-18,P005,S003,125,22500,0,0
2025-07-19,P001,S001,137,27400,0,0
2025-07-19,P001,S002,173,34600,0,0
2025-07-19,P001,S003,153,30600,1,0
2025-07-19,P002,S001,156,39000,0,0
2025-07-19,P002,S002,185,46250,0,0
2025-07-19,P002,S003,186,46500,1,0
2025-07-19,P003,S001,115,17250,0,0
2025-07-19,P003,S002,142,21300,1,0
2025-07-19,P003,S003,102,15300,0,0
2025-07-19,P004,S001,227,68100,0,0
2025-07-19,P004,S002,268,80400,1,0
2025-07-19,P004,S003,197,59100,1,0
2025-07-19,P005,S001,160,28800,0,0
2025-07-19,P005,S002,160,28800,0,0
2025-07-19,P005,S003,138,24840,0,0
2025-07-20,P001,S001,143,28600,0,0
2025-07-20,P001,S002,171,34200,0,0
2025-07-20,P001,S003,132,26400,0,0
2025-07-20,P002,S001,165,41250,0,0
2025-07-20,P002,S002,205,51250,0,0
2025-07-20,P002,S003,178,44500,0,0
2025-07-20,P003,S001,114,17100,0,0
2025-07-20,P003,S002,135,20250,0,0
2025-07-20,P003,S003,112,16800,1,0
2025-07-20,P004,S001,217,65100,0,0
2025-07-20,P004,S002,225,67500,0,0
2025-07-20,P004,S003,181,54300,0,0
2025-07-20,P005,S001,175,31500,1,0
2025-07-20,P005,S002,192,34560,1,0
2025-07-20,P005,S003,162,29160,1,0
2025-07-21,P001,S001,106,21200,0,0
2025-07-21,P001,S002,130,26000,0,0
2025-07-21,P001,S003,107,21400,0,0
2025-07-21,P002,S001,225,56250,1,0
2025-07-21,P002,S002,157,39250,0,0
2025-07-21,P002,S003,180,45000,1,0
2025-07-21,P003,S001,110,16500,0,0
2025-07-21,P003,S002,116,17400,0,0
2025-07-21,P003,S003,95,14250,0,0
2025-07-21,P004,S001,197,59100,0,0
2025-07-21,P004,S002,210,63000,0,0
2025-07-21,P004,S003,185,55500,0,0
2025-07-21,P005,S001,184,33120,1,0
2025-07-21,P005,S002,158,28440,0,0
2025-07-21,P005,S003,114,20520,0,0
2025-07-22,P001,S001,132,26400,0,0
2025-07-22,P001,S002,144,28800,0,0
2025-07-22,P001,S003,160,32000,1,0
2025-07-22,P002,S001,163,40750,0,0
2025-07-22,P002,S002,190,47500,0,0
2025-07-22,P002,S003,151,37750,0,0
2025-07-22,P003,S001,108,16200,0,0
2025-07-22,P003,S002,118,17700,0,0
2025-07-22,P003,S003,90,13500,0,0
2025-07-22,P004,S001,201,60300,0,0
2025-07-22,P004,S002,268,80400,1,0
2025-07-22,P004,S003,173,51900,0,0
2025-07-22,P005,S001,138,24840,0,0
2025-07-22,P005,S002,158,28440,0,0
2025-07-22,P005,S003,131,23580,0,0
2025-07-23,P001,S001,114,22800,0,0
2025-07-23,P001,S002,134,26800,0,0
2025-07-23,P001,S003,106,21200,0,0
2025-07-23,P002,S001,189,47250,1,0
2025-07-23,P002,S002,188,47000,0,0
2025-07-23,P002,S003,147,36750,0,0
2025-07-23,P003,S001,107,16050,0,0
2025-07-23,P003,S002,124,18600,0,0
2025-07-23,P003,S003,88,13200,0,0
2025-07-23,P004,S001,229,68700,1,0
2025-07-23,P004,S002,251,75300,1,0
2025-07-23,P004,S003,173,51900,0,0
2025-07-23,P005,S001,123,22140,0,0
2025-07-23,P005,S002,157,28260,0,0
2025-07-23,P005,S003,143,25740,0,0
2025-07-24,P001,S001,136,27200,0,0
2025-07-24,P001,S002,149,29800,0,0
2025-07-24,P001,S003,119,23800,0,0
2025-07-24,P002,S001,156,39000,0,0
2025-07-24,P002,S002,190,47500,0,0
2025-07-24,P002,S003,139,34750,1,0
2025-07-24,P003,S001,96,14400,0,0
2025-07-24,P003,S002,142,21300,1,0
2025-07-24,P003,S003,103,15450,0,0
2025-07-24,P004,S001,185,55500,0,0
2025-07-24,P004,S002,214,64200,0,0
2025-07-24,P004,S003,155,46500,0,0
2025-07-24,P005,S001,133,23940,0,0
2025-07-24,P005,S002,177,31860,0,0
2025-07-24,P005,S003,151,27180,1,0
2025-07-25,P001,S001,118,23600,0,0
2025-07-25,P001,S002,154,30800,0,0
2025-07-25,P001,S003,141,28200,1,0
2025-07-25,P002,S001,195,48750,1,0
2025-07-25,P002,S002,171,42750,0,0
2025-07-25,P002,S003,189,47250,1,0
2025-07-25,P003,S001,92,13800,0,0
2025-07-25,P003,S002,128,19200,0,0
2025-07-25,P003,S003,103,15450,0,0
2025-07-25,P004,S001,162,48600,0,0
2025-07-25,P004,S002,216,64800,0,0
2025-07-25,P004,S003,188,56400,1,0
2025-07-25,P005,S001,134,24120,0,0
2025-07-25,P005,S002,145,26100,1,0
2025-07-25,P005,S003,128,23040,0,0
2025-07-26,P001,S001,147,29400,0,0
2025-07-26,P001,S002,219,43800,1,0
2025-07-26,P001,S003,149,29800,1,0
2025-07-26,P002,S001,228,57000,1,0
2025-07-26,P002,S002,198,49500,0,0
2025-07-26,P002,S003,182,45500,0,0
2025-07-26,P003,S001,122,18300,0,0
2025-07-26,P003,S002,136,20400,0,0
2025-07-26,P003,S003,117,17550,1,0
2025-07-26,P004,S001,226,67800,0,0
2025-07-26,P004,S002,251,75300,0,0
2025-07-26,P004,S003,227,68100,1,0
2025-07-26,P005,S001,167,30060,0,0
2025-07-26,P005,S002,198,35640,0,0
2025-07-26,P005,S003,149,26820,0,0
2025-07-27,P001,S001,153,30600,0,0
2025-07-27,P001,S002,195,39000,1,0
2025-07-27,P001,S003,137,27400,0,0
2025-07-27,P002,S001,146,36500,0,0
2025-07-27,P002,S002,269,67250,1,0
2025-07-27,P002,S003,167,41750,0,0
2025-07-27,P003,S001,147,22050,1,0
2025-07-27,P003,S002,154,23100,1,0
2025-07-27,P003,S003,105,15750,0,0
2025-07-27,P004,S001,214,64200,0,0
2025-07-27,P004,S002,264,79200,1,0
2025-07-27,P004,S003,174,52200,0,0
2025-07-27,P005,S001,159,28620,0,0
2025-07-27,P005,S002,188,33840,0,0
2025-07-27,P005,S003,184,33120,1,0
2025-07-28,P001,S001,144,28800,1,0
2025-07-28,P001,S002,203,40600,1,0
2025-07-28,P001,S003,115,23000,0,0
2025-07-28,P002,S001,153,38250,0,0
2025-07-28,P002,S002,159,39750,0,0
2025-07-28,P002,S003,154,38500,0,0
2025-07-28,P003,S001,108,16200,0,0
2025-07-28,P003,S002,141,21150,0,0
2025-07-28,P003,S003,91,13650,0,0
2025-07-28,P004,S001,210,63000,0,0
2025-07-28,P004,S002,220,66000,0,0
2025-07-28,P004,S003,159,47700,0,0
2025-07-28,P005,S001,141,25380,0,0
2025-07-28,P005,S002,126,22680,0,0
2025-07-28,P005,S003,144,25920,1,0
2025-07-29,P001,S001,138,27600,0,0
2025-07-29,P001,S002,178,35600,1,0
2025-07-29,P001,S003,102,20400,0,0
2025-07-29,P002,S001,136,34000,0,0
2025-07-29,P002,S002,193,48250,0,0
2025-07-29,P002,S003,149,37250,0,0
2025-07-29,P003,S001,113,16950,0,0
2025-07-29,P003,S002,135,20250,0,0
2025-07-29,P003,S003,95,14250,0,0
2025-07-29,P004,S001,174,52200,0,0
2025-07-29,P004,S002,225,67500,0,0
2025-07-29,P004,S003,201,60300,0,0
2025-07-29,P005,S001,135,24300,0,0
2025-07-29,P005,S002,157,28260,0,0
2025-07-29,P005,S003,117,21060,0,0
2025-07-30,P001,S001,134,26800,0,0
2025-07-30,P001,S002,158,31600,0,0
2025-07-30,P001,S003,109,21800,0,0
2025-07-30,P002,S001,145,36250,0,0
2025-07-30,P002,S002,175,43750,1,0
2025-07-30,P002,S003,145,36250,0,0
2025-07-30,P003,S001,99,14850,0,0
2025-07-30,P003,S002,108,16200,0,0
2025-07-30,P003,S003,92,13800,0,0
2025-07-30,P004,S001,192,57600,0,0
2025-07-30,P004,S002,203,60900,0,0
2025-07-30,P004,S003,226,67800,1,0
2025-07-30,P005,S001,151,27180,1,0
2025-07-30,P005,S002,167,30060,0,0
2025-07-30,P005,S003,129,23220,0,0
2025-07-31,P001,S001,144,28800,1,0
2025-07-31,P001,S002,152,30400,0,0
2025-07-31,P001,S003,136,27200,1,0
2025-07-31,P002,S001,199,49750,1,0
2025-07-31,P002,S002,183,45750,0,0
2025-07-31,P002,S003,125,31250,0,0
2025-07-31,P003,S001,89,13350,0,0
2025-07-31,P003,S002,136,20400,0,0
2025-07-31,P003,S003,99,14850,1,0
2025-07-31,P004,S001,228,68400,1,0
2025-07-31,P004,S002,207,62100,0,0
2025-07-31,P004,S003,167,50100,0,0
2025-07-31,P005,S001,148,26640,0,0
2025-07-31,P005,S002,154,27720,0,0
2025-07-31,P005,S003,131,23580,0,0
2025-08-01,P001,S001,159,31800,1,0
2025-08-01,P001,S002,142,28400,0,0
2025-08-01,P001,S003,99,19800,0,0
2025-08-01,P002,S001,146,36500,0,0
2025-08-01,P002,S002,180,45000,0,0
2025-08-01,P002,S003,133,33250,0,0
2025-08-01,P003,S001,92,13800,0,0
2025-08-01,P003,S002,125,18750,0,0
2025-08-01,P003,S003,87,13050,0,0
2025-08-01,P004,S001,192,57600,0,0
2025-08-01,P004,S002,202,60600,0,0
2025-08-01,P004,S003,158,47400,0,0
2025-08-01,P005,S001,150,27000,1,0
2025-08-01,P005,S002,176,31680,0,0
2025-08-01,P005,S003,126,22680,1,0
2025-08-02,P001,S001,136,27200,0,0
2025-08-02,P001,S002,153,30600,0,0
2025-08-02,P001,S003,148,29600,1,0
2025-08-02,P002,S001,146,36500,0,0
2025-08-02,P002,S002,199,49750,0,0
2025-08-02,P002,S003,134,33500,0,0
2025-08-02,P003,S001,122,18300,0,0
2025-08-02,P003,S002,114,17100,0,0
2025-08-02,P003,S003,97,14550,0,0
2025-08-02,P004,S001,194,58200,0,0
2025-08-02,P004,S002,242,72600,0,0
2025-08-02,P004,S003,195,58500,0,0
2025-08-02,P005,S001,149,26820,0,0
2025-08-02,P005,S002,167,30060,0,0
2025-08-02,P005,S003,143,25740,0,0
2025-08-03,P001,S001,147,29400,0,0
2025-08-03,P001,S002,158,31600,0,0
2025-08-03,P001,S003,125,25000,0,0
2025-08-03,P002,S001,163,40750,0,0
2025-08-03,P002,S002,223,55750,0,0
2025-08-03,P002,S003,141,35250,0,0
2025-08-03,P003,S001,113,16950,0,0
2025-08-03,P003,S002,169,25350,1,0
2025-08-03,P003,S003,111,16650,0,0
2025-08-03,P004,S001,203,60900,0,0
2025-08-03,P004,S002,228,68400,0,0
2025-08-03,P004,S003,179,53700,0,0
2025-08-03,P005,S001,137,24660,0,0
2025-08-03,P005,S002,149,26820,0,0
2025-08-03,P005,S003,123,22140,0,0
2025-08-04,P001,S001,140,28000,1,0
2025-08-04,P001,S002,188,37600,1,0
2025-08-04,P001,S003,119,23800,0,0
2025-08-04,P002,S001,150,37500,0,0
2025-08-04,P002,S002,206,51500,0,0
2025-08-04,P002,S003,149,37250,0,0
2025-08-04,P003,S001,94,14100,0,0
2025-08-04,P003,S002,106,15900,0,0
2025-08-04,P003,S003,117,17550,1,0
2025-08-04,P004,S001,195,58500,0,0
2025-08-04,P004,S002,205,61500,0,0
2025-08-04,P004,S003,163,48900,0,0
2025-08-04,P005,S001,122,21960,0,0
2025-08-04,P005,S002,144,25920,0,0
2025-08-04,P005,S003,124,22320,0,0
2025-08-05,P001,S001,110,22000,0,0
2025-08-05,P001,S002,159,31800,1,0
2025-08-05,P001,S003,98,19600,0,0
2025-08-05,P002,S001,161,40250,0,0
2025-08-05,P002,S002,210,52500,1,0
2025-08-05,P002,S003,133,33250,0,0
2025-08-05,P003,S001,110,16500,0,0
2025-08-05,P003,S002,127,19050,1,0
2025-08-05,P003,S003,96,14400,0,0
2025-08-05,P004,S001,167,50100,0,0
2025-08-05,P004,S002,205,61500,0,0
2025-08-05,P004,S003,162,48600,0,0
2025-08-05,P005,S001,129,23220,1,0
2025-08-05,P005,S002,200,36000,1,0
2025-08-05,P005,S003,122,21960,0,0
2025-08-06,P001,S001,112,22400,0,0
2025-08-06,P001,S002,136,27200,0,0
2025-08-06,P001,S003,107,21400,0,0
2025-08-06,P002,S001,130,32500,0,0
2025-08-06,P002,S002,175,43750,0,0
2025-08-06,P002,S003,143,35750,0,0
2025-08-06,P003,S001,125,18750,1,0
2025-08-06,P003,S002,116,17400,0,0
2025-08-06,P003,S003,101,15150,0,0
2025-08-06,P004,S001,225,67500,0,0
2025-08-06,P004,S002,237,71100,0,0
2025-08-06,P004,S003,155,46500,0,0
2025-08-06,P005,S001,157,28260,1,0
2025-08-06,P005,S002,143,25740,0,0
2025-08-06,P005,S003,146,26280,1,0
2025-08-07,P001,S001,125,25000,0,0
2025-08-07,P001,S002,163,32600,1,0
2025-08-07,P001,S003,94,18800,0,0
2025-08-07,P002,S001,153,38250,0,0
2025-08-07,P002,S002,192,48000,1,0
2025-08-07,P002,S003,140,35000,0,0
2025-08-07,P003,S001,137,20550,1,0
2025-08-07,P003,S002,112,16800,1,0
2025-08-07,P003,S003,118,17700,1,0
2025-08-07,P004,S001,218,65400,1,0
2025-08-07,P004,S002,227,68100,1,0
2025-08-07,P004,S003,184,55200,0,0
2025-08-07,P005,S001,119,21420,0,0
2025-08-07,P005,S002,151,27180,0,0
2025-08-07,P005,S003,119,21420,0,0
2025-08-08,P001,S001,153,30600,1,0
2025-08-08,P001,S002,122,24400,0,0
2025-08-08,P001,S003,103,20600,0,0
2025-08-08,P002,S001,140,35000,0,0
2025-08-08,P002,S002,161,40250,0,0
2025-08-08,P002,S003,123,30750,0,0
2025-08-08,P003,S001,93,13950,0,0
2025-08-08,P003,S002,106,15900,0,0
2025-08-08,P003,S003,93,13950,0,0
2025-08-08,P004,S001,234,70200,1,0
2025-08-08,P004,S002,192,57600,0,0
2025-08-08,P004,S003,151,45300,0,0
2025-08-08,P005,S001,161,28980,1,0
2025-08-08,P005,S002,155,27900,0,0
2025-08-08,P005,S003,128,23040,1,0
2025-08-09,P001,S001,124,24800,1,0
2025-08-09,P001,S002,146,29200,0,0
2025-08-09,P001,S003,113,22600,0,0
2025-08-09,P002,S001,177,44250,0,0
2025-08-09,P002,S002,175,43750,0,0
2025-08-09,P002,S003,149,37250,1,0
2025-08-09,P003,S001,106,15900,0,0
2025-08-09,P003,S002,123,18450,0,0
2025-08-09,P003,S003,118,17700,1,0
2025-08-09,P004,S001,200,60000,0,0
2025-08-09,P004,S002,254,76200,0,0
2025-08-09,P004,S003,188,56400,0,0
2025-08-09,P005,S001,161,28980,1,0
2025-08-09,P005,S002,157,28260,0,0
2025-08-09,P005,S003,126,22680,0,0
2025-08-10,P001,S001,133,26600,0,0
2025-08-10,P001,S002,146,29200,0,0
2025-08-10,P001,S003,121,24200,0,0
2025-08-10,P002,S001,155,38750,0,0
2025-08-10,P002,S002,216,54000,1,0
2025-08-10,P002,S003,173,43250,1,0
2025-08-10,P003,S001,102,15300,0,0
2025-08-10,P003,S002,109,16350,0,0
2025-08-10,P003,S003,109,16350,0,0
2025-08-10,P004,S001,183,54900,0,0
2025-08-10,P004,S002,236,70800,0,0
2025-08-10,P004,S003,194,58200,0,0
2025-08-10,P005,S001,145,26100,0,0
2025-08-10,P005,S002,190,34200,1,0
2025-08-10,P005,S003,131,23580,0,0
2025-08-11,P001,S001,129,25800,0,0
2025-08-11,P001,S002,154,30800,0,0
2025-08-11,P001,S003,96,19200,0,0
2025-08-11,P002,S001,169,42250,0,0
2025-08-11,P002,S002,205,51250,0,0
2025-08-11,P002,S003,164,41000,1,0
2025-08-11,P003,S001,103,15450,0,0
2025-08-11,P003,S002,115,17250,0,0
2025-08-11,P003,S003,80,12000,0,0
2025-08-11,P004,S001,174,52200,0,0
2025-08-11,P004,S002,206,61800,0,0
2025-08-11,P004,S003,155,46500,0,0
2025-08-11,P005,S001,140,25200,0,0
2025-08-11,P005,S002,138,24840,0,0
2025-08-11,P005,S003,115,20700,0,0
2025-08-12,P001,S001,116,23200,0,0
2025-08-12,P001,S002,131,26200,0,0
2025-08-12,P001,S003,111,22200,0,0
2025-08-12,P002,S001,156,39000,0,0
2025-08-12,P002,S002,129,32250,0,0
2025-08-12,P002,S003,129,32250,0,0
2025-08-12,P003,S001,109,16350,1,0
2025-08-12,P003,S002,133,19950,1,0
2025-08-12,P003,S003,96,14400,0,0
2025-08-12,P004,S001,201,60300,1,0
2025-08-12,P004,S002,247,74100,1,0
2025-08-12,P004,S003,147,44100,0,0
2025-08-12,P005,S001,147,26460,1,0
2025-08-12,P005,S002,170,30600,1,0
2025-08-12,P005,S003,132,23760,1,0
2025-08-13,P001,S001,123,24600,0,0
2025-08-13,P001,S002,151,30200,1,0
2025-08-13,P001,S003,109,21800,0,0
2025-08-13,P002,S001,206,51500,1,0
2025-08-13,P002,S002,175,43750,0,0
2025-08-13,P002,S003,124,31000,0,0
2025-08-13,P003,S001,104,15600,0,0
2025-08-13,P003,S002,142,21300,1,0
2025-08-13,P003,S003,96,14400,0,0
2025-08-13,P004,S001,175,52500,0,0
2025-08-13,P004,S002,257,77100,1,0
2025-08-13,P004,S003,155,46500,0,0
2025-08-13,P005,S001,124,22320,0,0
2025-08-13,P005,S002,158,28440,0,0
2025-08-13,P005,S003,100,18000,0,0
2025-08-14,P001,S001,126,25200,0,0
2025-08-14,P001,S002,167,33400,0,0
2025-08-14,P001,S003,107,21400,0,0
2025-08-14,P002,S001,160,40000,0,0
2025-08-14,P002,S002,175,43750,0,0
2025-08-14,P002,S003,156,39000,0,0
2025-08-14,P003,S001,103,15450,0,0
2025-08-14,P003,S002,106,15900,0,0
2025-08-14,P003,S003,66,9900,0,0
2025-08-14,P004,S001,162,48600,0,0
2025-08-14,P004,S002,184,55200,0,0
2025-08-14,P004,S003,157,47100,0,0
2025-08-14,P005,S001,118,21240,0,0
2025-08-14,P005,S002,140,25200,0,0
2025-08-14,P005,S003,127,22860,0,0
2025-08-15,P001,S001,199,39800,1,1
2025-08-15,P001,S002,161,32200,0,1
2025-08-15,P001,S003,137,27400,0,1
2025-08-15,P002,S001,179,44750,0,1
2025-08-15,P002,S002,230,57500,1,1
2025-08-15,P002,S003,178,44500,0,1
2025-08-15,P003,S001,123,18450,0,1
2025-08-15,P003,S002,138,20700,0,1
2025-08-15,P003,S003,117,17550,0,1
2025-08-15,P004,S001,248,74400,1,1
2025-08-15,P004,S002,268,80400,1,1
2025-08-15,P004,S003,212,63600,0,1
2025-08-15,P005,S001,176,31680,0,1
2025-08-15,P005,S002,158,28440,0,1
2025-08-15,P005,S003,157,28260,0,1
2025-08-16,P001,S001,148,29600,0,0
2025-08-16,P001,S002,148,29600,0,0
2025-08-16,P001,S003,124,24800,0,0
2025-08-16,P002,S001,196,49000,1,0
2025-08-16,P002,S002,199,49750,0,0
2025-08-16,P002,S003,146,36500,0,0
2025-08-16,P003,S001,114,17100,0,0
2025-08-16,P003,S002,110,16500,0,0
2025-08-16,P003,S003,92,13800,0,0
2025-08-16,P004,S001,201,60300,0,0
2025-08-16,P004,S002,213,63900,0,0
2025-08-16,P004,S003,177,53100,0,0
2025-08-16,P005,S001,162,29160,0,0
2025-08-16,P005,S002,143,25740,0,0
2025-08-16,P005,S003,125,22500,0,0
2025-08-17,P001,S001,126,25200,0,0
2025-08-17,P001,S002,161,32200,0,0
2025-08-17,P001,S003,152,30400,1,0
2025-08-17,P002,S001,178,44500,0,0
2025-08-17,P002,S002,182,45500,0,0
2025-08-17,P002,S003,132,33000,0,0
2025-08-17,P003,S001,106,15900,0,0
2025-08-17,P003,S002,124,18600,0,0
2025-08-17,P003,S003,103,15450,0,0
2025-08-17,P004,S001,205,61500,0,0
2025-08-17,P004,S002,234,70200,0,0
2025-08-17,P004,S003,229,68700,1,0
2025-08-17,P005,S001,146,26280,0,0
2025-08-17,P005,S002,153,27540,0,0
2025-08-17,P005,S003,130,23400,0,0
2025-08-18,P001,S001,126,25200,0,0
2025-08-18,P001,S002,148,29600,0,0
2025-08-18,P001,S003,109,21800,0,0
2025-08-18,P002,S001,151,37750,0,0
2025-08-18,P002,S002,171,42750,0,0
2025-08-18,P002,S003,140,35000,0,0
2025-08-18,P003,S001,111,16650,0,0
2025-08-18,P003,S002,122,18300,0,0
2025-08-18,P003,S003,97,14550,0,0
2025-08-18,P004,S001,192,57600,1,0
2025-08-18,P004,S002,210,63000,0,0
2025-08-18,P004,S003,203,60900,1,0
2025-08-18,P005,S001,144,25920,0,0
2025-08-18,P005,S002,147,26460,0,0
2025-08-18,P005,S003,99,17820,0,0
2025-08-19,P001,S001,116,23200,0,0
2025-08-19,P001,S002,131,26200,0,0
2025-08-19,P001,S003,118,23600,1,0
2025-08-19,P002,S001,143,35750,0,0
2025-08-19,P002,S002,169,42250,0,0
2025-08-19,P002,S003,137,34250,0,0
2025-08-19,P003,S001,102,15300,0,0
2025-08-19,P003,S002,112,16800,0,0
2025-08-19,P003,S003,90,13500,0,0
2025-08-19,P004,S001,188,56400,0,0
2025-08-19,P004,S002,197,59100,0,0
2025-08-19,P004,S003,140,42000,0,0
2025-08-19,P005,S001,127,22860,0,0
2025-08-19,P005,S002,150,27000,0,0
2025-08-19,P005,S003,114,20520,1,0
2025-08-20,P001,S001,100,20000,0,0
2025-08-20,P001,S002,144,28800,0,0
2025-08-20,P001,S003,101,20200,0,0
2025-08-20,P002,S001,153,38250,0,0
2025-08-20,P002,S002,183,45750,0,0
2025-08-20,P002,S003,137,34250,0,0
2025-08-20,P003,S001,92,13800,0,0
2025-08-20,P003,S002,125,18750,0,0
2025-08-20,P003,S003,84,12600,0,0
2025-08-20,P004,S001,195,58500,1,0
2025-08-20,P004,S002,218,65400,1,0
2025-08-20,P004,S003,157,47100,0,0
2025-08-20,P005,S001,162,29160,1,0
2025-08-20,P005,S002,110,19800,0,0
2025-08-20,P005,S003,102,18360,0,0
2025-08-21,P001,S001,130,26000,1,0
2025-08-21,P001,S002,138,27600,0,0
2025-08-21,P001,S003,113,22600,0,0
2025-08-21,P002,S001,159,39750,0,0
2025-08-21,P002,S002,176,44000,0,0
2025-08-21,P002,S003,125,31250,0,0
2025-08-21,P003,S001,96,14400,0,0
2025-08-21,P003,S002,120,18000,0,0
2025-08-21,P003,S003,98,14700,1,0
2025-08-21,P004,S001,182,54600,0,0
2025-08-21,P004,S002,190,57000,0,0
2025-08-21,P004,S003,168,50400,0,0
2025-08-21,P005,S001,127,22860,0,0
2025-08-21,P005,S002,125,22500,0,0
2025-08-21,P005,S003,137,24660,1,0
2025-08-22,P001,S001,131,26200,1,0
2025-08-22,P001,S002,123,24600,0,0
2025-08-22,P001,S003,113,22600,0,0
2025-08-22,P002,S001,136,34000,0,0
2025-08-22,P002,S002,193,48250,0,0
2025-08-22,P002,S003,125,31250,0,0
2025-08-22,P003,S001,97,14550,0,0
2025-08-22,P003,S002,131,19650,0,0
2025-08-22,P003,S003,83,12450,0,0
2025-08-22,P004,S001,200,60000,0,0
2025-08-22,P004,S002,238,71400,1,0
2025-08-22,P004,S003,186,55800,0,0
2025-08-22,P005,S001,140,25200,0,0
2025-08-22,P005,S002,148,26640,0,0
2025-08-22,P005,S003,118,21240,0,0
2025-08-23,P001,S001,135,27000,0,0
2025-08-23,P001,S002,155,31000,0,0
2025-08-23,P001,S003,156,31200,1,0
2025-08-23,P002,S001,197,49250,0,0
2025-08-23,P002,S002,189,47250,0,0
2025-08-23,P002,S003,190,47500,1,0
2025-08-23,P003,S001,116,17400,0,0
2025-08-23,P003,S002,125,18750,0,0
2025-08-23,P003,S003,113,16950,1,0
2025-08-23,P004,S001,245,73500,1,0
2025-08-23,P004,S002,241,72300,1,0
2025-08-23,P004,S003,210,63000,1,0
2025-08-23,P005,S001,143,25740,0,0
2025-08-23,P005,S002,211,37980,1,0
2025-08-23,P005,S003,136,24480,0,0
2025-08-24,P001,S001,163,32600,1,0
2025-08-24,P001,S002,203,40600,1,0
2025-08-24,P001,S003,145,29000,1,0
2025-08-24,P002,S001,182,45500,0,0
2025-08-24,P002,S002,190,47500,0,0
2025-08-24,P002,S003,128,32000,0,0
2025-08-24,P003,S001,111,16650,0,0
2025-08-24,P003,S002,134,20100,0,0
2025-08-24,P003,S003,107,16050,0,0
2025-08-24,P004,S001,175,52500,0,0
2025-08-24,P004,S002,203,60900,0,0
2025-08-24,P004,S003,179,53700,0,0
2025-08-24,P005,S001,139,25020,0,0
2025-08-24,P005,S002,182,32760,0,0
2025-08-24,P005,S003,119,21420,0,0
2025-08-25,P001,S001,137,27400,0,0
2025-08-25,P001,S002,138,27600,0,0
2025-08-25,P001,S003,95,19000,0,0
2025-08-25,P002,S001,173,43250,1,0
2025-08-25,P002,S002,182,45500,1,0
2025-08-25,P002,S003,120,30000,0,0
2025-08-25,P003,S001,108,16200,0,0
2025-08-25,P003,S002,114,17100,0,0
2025-08-25,P003,S003,96,14400,0,0
2025-08-25,P004,S001,205,61500,0,0
2025-08-25,P004,S002,184,55200,0,0
2025-08-25,P004,S003,175,52500,0,0
2025-08-25,P005,S001,128,23040,0,0
2025-08-25,P005,S002,141,25380,0,0
2025-08-25,P005,S003,109,19620,0,0
2025-08-26,P001,S001,120,24000,1,0
2025-08-26,P001,S002,159,31800,1,0
2025-08-26,P001,S003,116,23200,0,0
2025-08-26,P002,S001,163,40750,0,0
2025-08-26,P002,S002,191,47750,1,0
2025-08-26,P002,S003,146,36500,0,0
2025-08-26,P003,S001,101,15150,0,0
2025-08-26,P003,S002,111,16650,0,0
2025-08-26,P003,S003,122,18300,1,0
2025-08-26,P004,S001,185,55500,0,0
2025-08-26,P004,S002,218,65400,0,0
2025-08-26,P004,S003,158,47400,0,0
2025-08-26,P005,S001,146,26280,0,0
2025-08-26,P005,S002,149,26820,0,0
2025-08-26,P005,S003,112,20160,0,0
2025-08-27,P001,S001,112,22400,0,0
2025-08-27,P001,S002,158,31600,0,0
2025-08-27,P001,S003,101,20200,0,0
2025-08-27,P002,S001,190,47500,1,0
2025-08-27,P002,S002,153,38250,0,0
2025-08-27,P002,S003,115,28750,0,0
2025-08-27,P003,S001,90,13500,0,0
2025-08-27,P003,S002,104,15600,0,0
2025-08-27,P003,S003,87,13050,0,0
2025-08-27,P004,S001,199,59700,0,0
2025-08-27,P004,S002,266,79800,1,0
2025-08-27,P004,S003,191,57300,0,0
2025-08-27,P005,S001,136,24480,0,0
2025-08-27,P005,S002,176,31680,1,0
2025-08-27,P005,S003,120,21600,0,0
2025-08-28,P001,S001,114,22800,0,0
2025-08-28,P001,S002,133,26600,0,0
2025-08-28,P001,S003,108,21600,0,0
2025-08-28,P002,S001,155,38750,0,0
2025-08-28,P002,S002,173,43250,0,0
2025-08-28,P002,S003,144,36000,0,0
2025-08-28,P003,S001,95,14250,0,0
2025-08-28,P003,S002,111,16650,0,0
2025-08-28,P003,S003,91,13650,0,0
2025-08-28,P004,S001,217,65100,1,0
2025-08-28,P004,S002,192,57600,0,0
2025-08-28,P004,S003,163,48900,0,0
2025-08-28,P005,S001,169,30420,1,0
2025-08-28,P005,S002,180,32400,1,0
2025-08-28,P005,S003,103,18540,0,0
2025-08-29,P001,S001,137,27400,1,0
2025-08-29,P001,S002,152,30400,0,0
2025-08-29,P001,S003,138,27600,1,0
2025-08-29,P002,S001,162,40500,0,0
2025-08-29,P002,S002,156,39000,0,0
2025-08-29,P002,S003,133,33250,0,0
2025-08-29,P003,S001,103,15450,0,0
2025-08-29,P003,S002,111,16650,0,0
2025-08-29,P003,S003,87,13050,0,0
2025-08-29,P004,S001,195,58500,1,0
2025-08-29,P004,S002,187,56100,0,0
2025-08-29,P004,S003,159,47700,0,0
2025-08-29,P005,S001,137,24660,0,0
2025-08-29,P005,S002,153,27540,0,0
2025-08-29,P005,S003,130,23400,0,0
2025-08-30,P001,S001,137,27400,0,0
2025-08-30,P001,S002,182,36400,0,0
2025-08-30,P001,S003,149,29800,1,0
2025-08-30,P002,S001,153,38250,0,0
2025-08-30,P002,S002,214,53500,1,0
2025-08-30,P002,S003,142,35500,0,0
2025-08-30,P003,S001,110,16500,0,0
2025-08-30,P003,S002,127,19050,0,0
2025-08-30,P003,S003,91,13650,0,0
2025-08-30,P004,S001,232,69600,1,0
2025-08-30,P004,S002,215,64500,0,0
2025-08-30,P004,S003,236,70800,1,0
2025-08-30,P005,S001,144,25920,0,0
2025-08-30,P005,S002,169,30420,0,0
2025-08-30,P005,S003,132,23760,0,0
2025-08-31,P001,S001,153,30600,1,0
2025-08-31,P001,S002,174,34800,0,0
2025-08-31,P001,S003,123,24600,0,0
2025-08-31,P002,S001,194,48500,1,0
2025-08-31,P002,S002,199,49750,0,0
2025-08-31,P002,S003,135,33750,0,0
2025-08-31,P003,S001,138,20700,1,0
2025-08-31,P003,S002,126,18900,0,0
2025-08-31,P003,S003,96,14400,0,0
2025-08-31,P004,S001,191,57300,0,0
2025-08-31,P004,S002,256,76800,0,0
2025-08-31,P004,S003,166,49800,0,0
2025-08-31,P005,S001,192,34560,1,0
2025-08-31,P005,S002,147,26460,0,0
2025-08-31,P005,S003,115,20700,0,0
2025-09-01,P001,S001,129,25800,0,0
2025-09-01,P001,S002,138,27600,0,0
2025-09-01,P001,S003,103,20600,0,0
2025-09-01,P002,S001,139,34750,0,0
2025-09-01,P002,S002,221,55250,1,0
2025-09-01,P002,S003,138,34500,0,0
2025-09-01,P003,S001,91,13650,0,0
2025-09-01,P003,S002,104,15600,0,0
2025-09-01,P003,S003,97,14550,0,0
2025-09-01,P004,S001,161,48300,0,0
2025-09-01,P004,S002,188,56400,0,0
2025-09-01,P004,S003,174,52200,0,0
2025-09-01,P005,S001,125,22500,0,0
2025-09-01,P005,S002,139,25020,0,0
2025-09-01,P005,S003,119,21420,0,0
2025-09-02,P001,S001,121,24200,0,0
2025-09-02,P001,S002,161,32200,1,0
2025-09-02,P001,S003,112,22400,1,0
2025-09-02,P002,S001,151,37750,0,0
2025-09-02,P002,S002,178,44500,0,0
2025-09-02,P002,S003,135,33750,0,0
2025-09-02,P003,S001,96,14400,0,0
2025-09-02,P003,S002,142,21300,1,0
2025-09-02,P003,S003,87,13050,0,0
2025-09-02,P004,S001,162,48600,0,0
2025-09-02,P004,S002,194,58200,0,0
2025-09-02,P004,S003,159,47700,0,0
2025-09-02,P005,S001,137,24660,0,0
2025-09-02,P005,S002,192,34560,1,0
2025-09-02,P005,S003,114,20520,0,0
2025-09-03,P001,S001,143,28600,1,0
2025-09-03,P001,S002,130,26000,0,0
2025-09-03,P001,S003,92,18400,0,0
2025-09-03,P002,S001,135,33750,0,0
2025-09-03,P002,S002,168,42000,0,0
2025-09-03,P002,S003,133,33250,0,0
2025-09-03,P003,S001,98,14700,0,0
2025-09-03,P003,S002,122,18300,1,0
2025-09-03,P003,S003,110,16500,1,0
2025-09-03,P004,S001,147,44100,0,0
2025-09-03,P004,S002,218,65400,0,0
2025-09-03,P004,S003,166,49800,0,0
2025-09-03,P005,S001,151,27180,1,0
2025-09-03,P005,S002,164,29520,1,0
2025-09-03,P005,S003,107,19260,0,0
2025-09-04,P001,S001,118,23600,0,0
2025-09-04,P001,S002,125,25000,0,0
2025-09-04,P001,S003,119,23800,0,0
2025-09-04,P002,S001,165,41250,0,0
2025-09-04,P002,S002,182,45500,0,0
2025-09-04,P002,S003,177,44250,1,0
2025-09-04,P003,S001,110,16500,0,0
2025-09-04,P003,S002,113,16950,0,0
2025-09-04,P003,S003,109,16350,1,0
2025-09-04,P004,S001,181,54300,0,0
2025-09-04,P004,S002,229,68700,0,0
2025-09-04,P004,S003,165,49500,0,0
2025-09-04,P005,S001,134,24120,0,0
2025-09-04,P005,S002,157,28260,0,0
2025-09-04,P005,S003,109,19620,0,0
2025-09-05,P001,S001,119,23800,0,0
2025-09-05,P001,S002,146,29200,0,0
2025-09-05,P001,S003,140,28000,1,0
2025-09-05,P002,S001,156,39000,0,0
2025-09-05,P002,S002,161,40250,0,0
2025-09-05,P002,S003,146,36500,1,0
2025-09-05,P003,S001,114,17100,1,0
2025-09-05,P003,S002,121,18150,0,0
2025-09-05,P003,S003,75,11250,0,0
2025-09-05,P004,S001,158,47400,0,0
2025-09-05,P004,S002,183,54900,0,0
2025-09-05,P004,S003,166,49800,0,0
2025-09-05,P005,S001,127,22860,0,0
2025-09-05,P005,S002,146,26280,1,0
2025-09-05,P005,S003,132,23760,0,0
2025-09-06,P001,S001,131,26200,0,0
2025-09-06,P001,S002,152,30400,1,0
2025-09-06,P001,S003,142,28400,1,0
2025-09-06,P002,S001,195,48750,0,0
2025-09-06,P002,S002,177,44250,0,0
2025-09-06,P002,S003,166,41500,0,0
2025-09-06,P003,S001,136,20400,1,0
2025-09-06,P003,S002,141,21150,0,0
2025-09-06,P003,S003,91,13650,0,0
2025-09-06,P004,S001,198,59400,0,0
2025-09-06,P004,S002,296,88800,1,0
2025-09-06,P004,S003,195,58500,0,0
2025-09-06,P005,S001,170,30600,1,0
2025-09-06,P005,S002,186,33480,1,0
2025-09-06,P005,S003,157,28260,1,0
2025-09-07,P001,S001,127,25400,0,0
2025-09-07,P001,S002,176,35200,1,0
2025-09-07,P001,S003,112,22400,0,0
2025-09-07,P002,S001,153,38250,0,0
2025-09-07,P002,S002,245,61250,1,0
2025-09-07,P002,S003,119,29750,0,0
2025-09-07,P003,S001,105,15750,0,0
2025-09-07,P003,S002,113,16950,0,0
2025-09-07,P003,S003,92,13800,0,0
2025-09-07,P004,S001,202,60600,0,0
2025-09-07,P004,S002,226,67800,0,0
2025-09-07,P004,S003,183,54900,0,0
2025-09-07,P005,S001,133,23940,0,0
2025-09-07,P005,S002,147,26460,0,0
2025-09-07,P005,S003,139,25020,1,0
2025-09-08,P001,S001,103,20600,0,0
2025-09-08,P001,S002,127,25400,0,0
2025-09-08,P001,S003,102,20400,0,0
2025-09-08,P002,S001,174,43500,1,0
2025-09-08,P002,S002,156,39000,0,0
2025-09-08,P002,S003,175,43750,1,0
2025-09-08,P003,S001,105,15750,0,0
2025-09-08,P003,S002,139,20850,1,0
2025-09-08,P003,S003,70,10500,0,0
2025-09-08,P004,S001,167,50100,0,0
2025-09-08,P004,S002,186,55800,0,0
2025-09-08,P004,S003,146,43800,0,0
2025-09-08,P005,S001,129,23220,0,0
2025-09-08,P005,S002,159,28620,1,0
2025-09-08,P005,S003,130,23400,1,0
2025-09-09,P001,S001,115,23000,0,0
2025-09-09,P001,S002,125,25000,0,0
2025-09-09,P001,S003,115,23000,0,0
2025-09-09,P002,S001,203,50750,1,0
2025-09-09,P002,S002,186,46500,0,0
2025-09-09,P002,S003,127,31750,0,0
2025-09-09,P003,S001,97,14550,0,0
2025-09-09,P003,S002,99,14850,0,0
2025-09-09,P003,S003,91,13650,0,0
2025-09-09,P004,S001,144,43200,0,0
2025-09-09,P004,S002,176,52800,0,0
2025-09-09,P004,S003,194,58200,1,0
2025-09-09,P005,S001,133,23940,0,0
2025-09-09,P005,S002,136,24480,0,0
2025-09-09,P005,S003,115,20700,0,0
2025-09-10,P001,S001,98,19600,0,0
2025-09-10,P001,S002,178,35600,1,0
2025-09-10,P001,S003,112,22400,1,0
2025-09-10,P002,S001,168,42000,0,0
2025-09-10,P002,S002,192,48000,0,0
2025-09-10,P002,S003,172,43000,1,0
2025-09-10,P003,S001,100,15000,0,0
2025-09-10,P003,S002,138,20700,1,0
2025-09-10,P003,S003,83,12450,0,0
2025-09-10,P004,S001,161,48300,0,0
2025-09-10,P004,S002,208,62400,0,0
2025-09-10,P004,S003,179,53700,0,0
2025-09-10,P005,S001,131,23580,0,0
2025-09-10,P005,S002,128,23040,0,0
2025-09-10,P005,S003,146,26280,1,0
2025-09-11,P001,S001,97,19400,0,0
2025-09-11,P001,S002,142,28400,0,0
2025-09-11,P001,S003,122,24400,0,0
2025-09-11,P002,S001,162,40500,0,0
2025-09-11,P002,S002,170,42500,0,0
2025-09-11,P002,S003,133,33250,0,0
2025-09-11,P003,S001,114,17100,0,0
2025-09-11,P003,S002,124,18600,1,0
2025-09-11,P003,S003,103,15450,0,0
2025-09-11,P004,S001,171,51300,0,0
2025-09-11,P004,S002,243,72900,0,0
2025-09-11,P004,S003,134,40200,0,0
2025-09-11,P005,S001,119,21420,0,0
2025-09-11,P005,S002,138,24840,0,0
2025-09-11,P005,S003,96,17280,0,0
2025-09-12,P001,S001,154,30800,1,0
2025-09-12,P001,S002,139,27800,0,0
2025-09-12,P001,S003,122,24400,1,0
2025-09-12,P002,S001,147,36750,0,0
2025-09-12,P002,S002,236,59000,1,0
2025-09-12,P002,S003,127,31750,0,0
2025-09-12,P003,S001,101,15150,0,0
2025-09-12,P003,S002,122,18300,0,0
2025-09-12,P003,S003,96,14400,0,0
2025-09-12,P004,S001,193,57900,0,0
2025-09-12,P004,S002,212,63600,0,0
2025-09-12,P004,S003,155,46500,0,0
2025-09-12,P005,S001,115,20700,0,0
2025-09-12,P005,S002,134,24120,0,0
2025-09-12,P005,S003,124,22320,0,0
2025-09-13,P001,S001,127,25400,0,0
2025-09-13,P001,S002,154,30800,0,0
2025-09-13,P001,S003,138,27600,1,0
2025-09-13,P002,S001,172,43000,0,0
2025-09-13,P002,S002,202,50500,0,0
2025-09-13,P002,S003,156,39000,1,0
2025-09-13,P003,S001,115,17250,0,0
2025-09-13,P003,S002,125,18750,0,0
2025-09-13,P003,S003,93,13950,0,0
2025-09-13,P004,S001,193,57900,0,0
2025-09-13,P004,S002,235,70500,0,0
2025-09-13,P004,S003,222,66600,1,0
2025-09-13,P005,S001,145,26100,0,0
2025-09-13,P005,S002,155,27900,0,0
2025-09-13,P005,S003,127,22860,1,0
2025-09-14,P001,S001,131,26200,0,0
2025-09-14,P001,S002,162,32400,0,0
2025-09-14,P001,S003,109,21800,0,0
2025-09-14,P002,S001,193,48250,1,0
2025-09-14,P002,S002,213,53250,1,0
2025-09-14,P002,S003,131,32750,0,0
2025-09-14,P003,S001,129,19350,1,0
2025-09-14,P003,S002,139,20850,1,0
2025-09-14,P003,S003,101,15150,0,0
2025-09-14,P004,S001,215,64500,0,0
2025-09-14,P004,S002,230,69000,0,0
2025-09-14,P004,S003,157,47100,0,0
2025-09-14,P005,S001,139,25020,0,0
2025-09-14,P005,S002,159,28620,0,0
2025-09-14,P005,S003,151,27180,1,0
2025-09-15,P001,S001,128,25600,0,0
2025-09-15,P001,S002,122,24400,0,0
2025-09-15,P001,S003,107,21400,0,0
2025-09-15,P002,S001,165,41250,1,0
2025-09-15,P002,S002,146,36500,0,0
2025-09-15,P002,S003,143,35750,0,0
2025-09-15,P003,S001,100,15000,0,0
2025-09-15,P003,S002,113,16950,0,0
2025-09-15,P003,S003,78,11700,0,0
2025-09-15,P004,S001,161,48300,0,0
2025-09-15,P004,S002,225,67500,1,0
2025-09-15,P004,S003,175,52500,1,0
2025-09-15,P005,S001,129,23220,0,0
2025-09-15,P005,S002,146,26280,0,0
2025-09-15,P005,S003,109,19620,0,0
2025-09-16,P001,S001,126,25200,0,0
2025-09-16,P001,S002,134,26800,0,0
2025-09-16,P001,S003,106,21200,0,0
2025-09-16,P002,S001,155,38750,0,0
2025-09-16,P002,S002,152,38000,0,0
2025-09-16,P002,S003,116,29000,0,0
2025-09-16,P003,S001,98,14700,0,0
2025-09-16,P003,S002,114,17100,0,0
2025-09-16,P003,S003,84,12600,0,0
2025-09-16,P004,S001,178,53400,0,0
2025-09-16,P004,S002,203,60900,0,0
2025-09-16,P004,S003,145,43500,0,0
2025-09-16,P005,S001,123,22140,0,0
2025-09-16,P005,S002,141,25380,0,0
2025-09-16,P005,S003,114,20520,0,0
2025-09-17,P001,S001,104,20800,0,0
2025-09-17,P001,S002,133,26600,0,0
2025-09-17,P001,S003,99,19800,0,0
2025-09-17,P002,S001,154,38500,0,0
2025-09-17,P002,S002,176,44000,0,0
2025-09-17,P002,S003,153,38250,0,0
2025-09-17,P003,S001,107,16050,0,0
2025-09-17,P003,S002,109,16350,0,0
2025-09-17,P003,S003,83,12450,0,0
2025-09-17,P004,S001,177,53100,0,0
2025-09-17,P004,S002,236,70800,0,0
2025-09-17,P004,S003,165,49500,0,0
2025-09-17,P005,S001,120,21600,0,0
2025-09-17,P005,S002,150,27000,0,0
2025-09-17,P005,S003,127,22860,0,0
2025-09-18,P001,S001,112,22400,0,0
2025-09-18,P001,S002,135,27000,0,0
2025-09-18,P001,S003,130,26000,0,0
2025-09-18,P002,S001,148,37000,0,0
2025-09-18,P002,S002,188,47000,1,0
2025-09-18,P002,S003,120,30000,0,0
2025-09-18,P003,S001,95,14250,0,0
2025-09-18,P003,S002,112,16800,0,0
2025-09-18,P003,S003,108,16200,1,0
2025-09-18,P004,S001,181,54300,0,0
2025-09-18,P004,S002,191,57300,0,0
2025-09-18,P004,S003,143,42900,0,0
2025-09-18,P005,S001,139,25020,0,0
2025-09-18,P005,S002,138,24840,0,0
2025-09-18,P005,S003,124,22320,0,0
2025-09-19,P001,S001,122,24400,0,0
2025-09-19,P001,S002,148,29600,0,0
2025-09-19,P001,S003,110,22000,0,0
2025-09-19,P002,S001,128,32000,0,0
2025-09-19,P002,S002,177,44250,0,0
2025-09-19,P002,S003,135,33750,0,0
2025-09-19,P003,S001,110,16500,0,0
2025-09-19,P003,S002,128,19200,0,0
2025-09-19,P003,S003,89,13350,0,0
2025-09-19,P004,S001,166,49800,0,0
2025-09-19,P004,S002,182,54600,0,0
2025-09-19,P004,S003,172,51600,1,0
2025-09-19,P005,S001,142,25560,0,0
2025-09-19,P005,S002,179,32220,1,0
2025-09-19,P005,S003,122,21960,0,0
2025-09-20,P001,S001,123,24600,0,0
2025-09-20,P001,S002,152,30400,0,0
2025-09-20,P001,S003,141,28200,1,0
2025-09-20,P002,S001,165,41250,1,0
2025-09-20,P002,S002,192,48000,0,0
2025-09-20,P002,S003,149,37250,0,0
2025-09-20,P003,S001,109,16350,0,0
2025-09-20,P003,S002,131,19650,0,0
2025-09-20,P003,S003,100,15000,0,0
2025-09-20,P004,S001,252,75600,1,0
2025-09-20,P004,S002,211,63300,0,0
2025-09-20,P004,S003,173,51900,0,0
2025-09-20,P005,S001,162,29160,0,0
2025-09-20,P005,S002,214,38520,1,0
2025-09-20,P005,S003,100,18000,0,0
2025-09-21,P001,S001,153,30600,1,0
2025-09-21,P001,S002,142,28400,0,0
2025-09-21,P001,S003,114,22800,0,0
2025-09-21,P002,S001,204,51000,1,0
2025-09-21,P002,S002,186,46500,0,0
2025-09-21,P002,S003,159,39750,0,0
2025-09-21,P003,S001,94,14100,0,0
2025-09-21,P003,S002,119,17850,0,0
2025-09-21,P003,S003,106,15900,0,0
2025-09-21,P004,S001,170,51000,0,0
2025-09-21,P004,S002,200,60000,0,0
2025-09-21,P004,S003,172,51600,0,0
2025-09-21,P005,S001,133,23940,0,0
2025-09-21,P005,S002,154,27720,0,0
2025-09-21,P005,S003,156,28080,1,0
2025-09-22,P001,S001,142,28400,1,0
2025-09-22,P001,S002,134,26800,0,0
2025-09-22,P001,S003,101,20200,0,0
2025-09-22,P002,S001,136,34000,0,0
2025-09-22,P002,S002,154,38500,0,0
2025-09-22,P002,S003,132,33000,0,0
2025-09-22,P003,S001,136,20400,1,0
2025-09-22,P003,S002,107,16050,0,0
2025-09-22,P003,S003,96,14400,0,0
2025-09-22,P004,S001,178,53400,0,0
2025-09-22,P004,S002,250,75000,1,0
2025-09-22,P004,S003,207,62100,1,0
2025-09-22,P005,S001,143,25740,1,0
2025-09-22,P005,S002,165,29700,0,0
2025-09-22,P005,S003,140,25200,1,0
2025-09-23,P001,S001,122,24400,0,0
2025-09-23,P001,S002,140,28000,0,0
2025-09-23,P001,S003,113,22600,0,0
2025-09-23,P002,S001,148,37000,0,0
2025-09-23,P002,S002,221,55250,1,0
2025-09-23,P002,S003,159,39750,1,0
2025-09-23,P003,S001,123,18450,1,0
2025-09-23,P003,S002,116,17400,0,0
2025-09-23,P003,S003,94,14100,0,0
2025-09-23,P004,S001,164,49200,0,0
2025-09-23,P004,S002,208,62400,0,0
2025-09-23,P004,S003,200,60000,1,0
2025-09-23,P005,S001,111,19980,0,0
2025-09-23,P005,S002,138,24840,0,0
2025-09-23,P005,S003,107,19260,0,0
2025-09-24,P001,S001,115,23000,0,0
2025-09-24,P001,S002,135,27000,0,0
2025-09-24,P001,S003,104,20800,0,0
2025-09-24,P002,S001,183,45750,1,0
2025-09-24,P002,S002,202,50500,1,0
2025-09-24,P002,S003,138,34500,0,0
2025-09-24,P003,S001,133,19950,1,0
2025-09-24,P003,S002,111,16650,0,0
2025-09-24,P003,S003,90,13500,0,0
2025-09-24,P004,S001,200,60000,1,0
2025-09-24,P004,S002,255,76500,1,0
2025-09-24,P004,S003,158,47400,0,0
2025-09-24,P005,S001,140,25200,1,0
2025-09-24,P005,S002,121,21780,0,0
2025-09-24,P005,S003,114,20520,0,0
2025-09-25,P001,S001,137,27400,1,0
2025-09-25,P001,S002,122,24400,0,0
2025-09-25,P001,S003,111,22200,0,0
2025-09-25,P002,S001,147,36750,0,0
2025-09-25,P002,S002,164,41000,0,0
2025-09-25,P002,S003,140,35000,0,0
2025-09-25,P003,S001,108,16200,1,0
2025-09-25,P003,S002,108,16200,0,0
2025-09-25,P003,S003,96,14400,0,0
2025-09-25,P004,S001,176,52800,0,0
2025-09-25,P004,S002,254,76200,1,0
2025-09-25,P004,S003,165,49500,0,0
2025-09-25,P005,S001,141,25380,0,0
2025-09-25,P005,S002,181,32580,1,0
2025-09-25,P005,S003,103,18540,0,0
2025-09-26,P001,S001,145,29000,1,0
2025-09-26,P001,S002,140,28000,0,0
2025-09-26,P001,S003,110,22000,0,0
2025-09-26,P002,S001,154,38500,0,0
2025-09-26,P002,S002,168,42000,0,0
2025-09-26,P002,S003,120,30000,0,0
2025-09-26,P003,S001,106,15900,0,0
2025-09-26,P003,S002,116,17400,0,0
2025-09-26,P003,S003,88,13200,0,0
2025-09-26,P004,S001,203,60900,0,0
2025-09-26,P004,S002,186,55800,0,0
2025-09-26,P004,S003,157,47100,0,0
2025-09-26,P005,S001,133,23940,0,0
2025-09-26,P005,S002,143,25740,0,0
2025-09-26,P005,S003,113,20340,0,0
2025-09-27,P001,S001,125,25000,0,0
2025-09-27,P001,S002,133,26600,0,0
2025-09-27,P001,S003,129,25800,0,0
2025-09-27,P002,S001,146,36500,0,0
2025-09-27,P002,S002,214,53500,1,0
2025-09-27,P002,S003,134,33500,0,0
2025-09-27,P003,S001,100,15000,0,0
2025-09-27,P003,S002,125,18750,0,0
2025-09-27,P003,S003,118,17700,1,0
2025-09-27,P004,S001,209,62700,0,0
2025-09-27,P004,S002,211,63300,0,0
2025-09-27,P004,S003,163,48900,0,0
2025-09-27,P005,S001,128,23040,0,0
2025-09-27,P005,S002,159,28620,0,0
2025-09-27,P005,S003,119,21420,0,0
2025-09-28,P001,S001,134,26800,0,0
2025-09-28,P001,S002,141,28200,0,0
2025-09-28,P001,S003,117,23400,0,0
2025-09-28,P002,S001,191,47750,1,0
2025-09-28,P002,S002,186,46500,1,0
2025-09-28,P002,S003,156,39000,0,0
2025-09-28,P003,S001,143,21450,1,0
2025-09-28,P003,S002,117,17550,0,0
2025-09-28,P003,S003,112,16800,1,0
2025-09-28,P004,S001,189,56700,0,0
2025-09-28,P004,S002,232,69600,0,0
2025-09-28,P004,S003,190,57000,0,0
2025-09-28,P005,S001,143,25740,0,0
2025-09-28,P005,S002,205,36900,1,0
2025-09-28,P005,S003,115,20700,0,0
2025-09-29,P001,S001,117,23400,0,0
2025-09-29,P001,S002,132,26400,0,0
2025-09-29,P001,S003,117,23400,1,0
2025-09-29,P002,S001,156,39000,0,0
2025-09-29,P002,S002,233,58250,1,0
2025-09-29,P002,S003,166,41500,1,0
2025-09-29,P003,S001,101,15150,0,0
2025-09-29,P003,S002,109,16350,0,0
2025-09-29,P003,S003,93,13950,1,0
2025-09-29,P004,S001,172,51600,0,0
2025-09-29,P004,S002,172,51600,0,0
2025-09-29,P004,S003,177,53100,0,0
2025-09-29,P005,S001,121,21780,0,0
2025-09-29,P005,S002,130,23400,0,0
2025-09-29,P005,S003,102,18360,0,0
2025-09-30,P001,S001,117,23400,0,0
2025-09-30,P001,S002,137,27400,0,0
2025-09-30,P001,S003,100,20000,0,0
2025-09-30,P002,S001,173,43250,1,0
2025-09-30,P002,S002,215,53750,1,0
2025-09-30,P002,S003,128,32000,0,0
2025-09-30,P003,S001,91,13650,0,0
2025-09-30,P003,S002,101,15150,0,0
2025-09-30,P003,S003,76,11400,0,0
2025-09-30,P004,S001,176,52800,0,0
2025-09-30,P004,S002,196,58800,0,0
2025-09-30,P004,S003,159,47700,0,0
2025-09-30,P005,S001,116,20880,0,0
2025-09-30,P005,S002,180,32400,1,0
2025-09-30,P005,S003,114,20520,0,0
2025-10-01,P001,S001,120,24000,0,0
2025-10-01,P001,S002,134,26800,0,0
2025-10-01,P001,S003,95,19000,0,0
2025-10-01,P002,S001,157,39250,0,0
2025-10-01,P002,S002,226,56500,1,0
2025-10-01,P002,S003,138,34500,0,0
2025-10-01,P003,S001,97,14550,0,0
2025-10-01,P003,S002,109,16350,0,0
2025-10-01,P003,S003,117,17550,1,0
2025-10-01,P004,S001,171,51300,0,0
2025-10-01,P004,S002,208,62400,0,0
2025-10-01,P004,S003,176,52800,0,0
2025-10-01,P005,S001,142,25560,0,0
2025-10-01,P005,S002,148,26640,0,0
2025-10-01,P005,S003,117,21060,0,0
2025-10-02,P001,S001,150,30000,0,1
2025-10-02,P001,S002,165,33000,0,1
2025-10-02,P001,S003,138,27600,0,1
2025-10-02,P002,S001,182,45500,0,1
2025-10-02,P002,S002,217,54250,0,1
2025-10-02,P002,S003,151,37750,0,1
2025-10-02,P003,S001,125,18750,0,1
2025-10-02,P003,S002,169,25350,0,1
2025-10-02,P003,S003,108,16200,0,1
2025-10-02,P004,S001,217,65100,0,1
2025-10-02,P004,S002,295,88500,0,1
2025-10-02,P004,S003,258,77400,1,1
2025-10-02,P005,S001,160,28800,0,1
2025-10-02,P005,S002,151,27180,0,1
2025-10-02,P005,S003,130,23400,0,1
2025-10-03,P001,S001,122,24400,0,0
2025-10-03,P001,S002,180,36000,1,0
2025-10-03,P001,S003,98,19600,0,0
2025-10-03,P002,S001,172,43000,0,0
2025-10-03,P002,S002,163,40750,0,0
2025-10-03,P002,S003,128,32000,0,0
2025-10-03,P003,S001,99,14850,0,0
2025-10-03,P003,S002,101,15150,0,0
2025-10-03,P003,S003,101,15150,0,0
2025-10-03,P004,S001,227,68100,1,0
2025-10-03,P004,S002,195,58500,0,0
2025-10-03,P004,S003,158,47400,0,0
2025-10-03,P005,S001,136,24480,0,0
2025-10-03,P005,S002,156,28080,0,0
2025-10-03,P005,S003,114,20520,0,0
2025-10-04,P001,S001,138,27600,0,0
2025-10-04,P001,S002,138,27600,0,0
2025-10-04,P001,S003,121,24200,0,0
2025-10-04,P002,S001,180,45000,0,0
2025-10-04,P002,S002,171,42750,0,0
2025-10-04,P002,S003,165,41250,1,0
2025-10-04,P003,S001,99,14850,0,0
2025-10-04,P003,S002,125,18750,0,0
2025-10-04,P003,S003,115,17250,1,0
2025-10-04,P004,S001,174,52200,0,0
2025-10-04,P004,S002,223,66900,0,0
2025-10-04,P004,S003,198,59400,1,0
2025-10-04,P005,S001,131,23580,0,0
2025-10-04,P005,S002,158,28440,0,0
2025-10-04,P005,S003,133,23940,0,0
2025-10-05,P001,S001,120,24000,0,0
2025-10-05,P001,S002,186,37200,1,0
2025-10-05,P001,S003,108,21600,0,0
2025-10-05,P002,S001,141,35250,0,0
2025-10-05,P002,S002,168,42000,0,0
2025-10-05,P002,S003,169,42250,1,0
2025-10-05,P003,S001,101,15150,0,0
2025-10-05,P003,S002,140,21000,0,0
2025-10-05,P003,S003,106,15900,0,0
2025-10-05,P004,S001,212,63600,0,0
2025-10-05,P004,S002,174,52200,0,0
2025-10-05,P004,S003,261,78300,1,0
2025-10-05,P005,S001,139,25020,0,0
2025-10-05,P005,S002,193,34740,0,0
2025-10-05,P005,S003,142,25560,0,0
2025-10-06,P001,S001,169,33800,1,0
2025-10-06,P001,S002,127,25400,0,0
2025-10-06,P001,S003,106,21200,0,0
2025-10-06,P002,S001,182,45500,1,0
2025-10-06,P002,S002,162,40500,0,0
2025-10-06,P002,S003,148,37000,0,0
2025-10-06,P003,S001,109,16350,0,0
2025-10-06,P003,S002,138,20700,1,0
2025-10-06,P003,S003,98,14700,0,0
2025-10-06,P004,S001,185,55500,0,0
2025-10-06,P004,S002,262,78600,1,0
2025-10-06,P004,S003,172,51600,0,0
2025-10-06,P005,S001,126,22680,0,0
2025-10-06,P005,S002,173,31140,0,0
2025-10-06,P005,S003,120,21600,0,0
2025-10-07,P001,S001,120,24000,0,0
2025-10-07,P001,S002,137,27400,0,0
2025-10-07,P001,S003,112,22400,0,0
2025-10-07,P002,S001,147,36750,0,0
2025-10-07,P002,S002,164,41000,0,0
2025-10-07,P002,S003,123,30750,0,0
2025-10-07,P003,S001,80,12000,0,0
2025-10-07,P003,S002,111,16650,0,0
2025-10-07,P003,S003,90,13500,0,0
2025-10-07,P004,S001,222,66600,1,0
2025-10-07,P004,S002,202,60600,0,0
2025-10-07,P004,S003,154,46200,0,0
2025-10-07,P005,S001,138,24840,0,0
2025-10-07,P005,S002,182,32760,1,0
2025-10-07,P005,S003,142,25560,1,0
2025-10-08,P001,S001,122,24400,0,0
2025-10-08,P001,S002,158,31600,0,0
2025-10-08,P001,S003,114,22800,0,0
2025-10-08,P002,S001,182,45500,1,0
2025-10-08,P002,S002,180,45000,0,0
2025-10-08,P002,S003,169,42250,1,0
2025-10-08,P003,S001,106,15900,0,0
2025-10-08,P003,S002,152,22800,1,0
2025-10-08,P003,S003,80,12000,0,0
2025-10-08,P004,S001,187,56100,0,0
2025-10-08,P004,S002,204,61200,0,0
2025-10-08,P004,S003,151,45300,0,0
2025-10-08,P005,S001,156,28080,1,0
2025-10-08,P005,S002,131,23580,0,0
2025-10-08,P005,S003,153,27540,1,0
2025-10-09,P001,S001,122,24400,0,0
2025-10-09,P001,S002,138,27600,0,0
2025-10-09,P001,S003,97,19400,0,0
2025-10-09,P002,S001,138,34500,0,0
2025-10-09,P002,S002,192,48000,0,0
2025-10-09,P002,S003,153,38250,1,0
2025-10-09,P003,S001,110,16500,0,0
2025-10-09,P003,S002,122,18300,0,0
2025-10-09,P003,S003,81,12150,0,0
2025-10-09,P004,S001,167,50100,0,0
2025-10-09,P004,S002,265,79500,1,0
2025-10-09,P004,S003,164,49200,0,0
2025-10-09,P005,S001,161,28980,1,0
2025-10-09,P005,S002,194,34920,1,0
2025-10-09,P005,S003,110,19800,0,0
2025-10-10,P001,S001,114,22800,0,0
2025-10-10,P001,S002,168,33600,1,0
2025-10-10,P001,S003,123,24600,1,0
2025-10-10,P002,S001,147,36750,0,0
2025-10-10,P002,S002,161,40250,0,0
2025-10-10,P002,S003,132,33000,0,0
2025-10-10,P003,S001,98,14700,0,0
2025-10-10,P003,S002,118,17700,0,0
2025-10-10,P003,S003,124,18600,1,0
2025-10-10,P004,S001,214,64200,1,0
2025-10-10,P004,S002,258,77400,1,0
2025-10-10,P004,S003,183,54900,1,0
2025-10-10,P005,S001,127,22860,0,0
2025-10-10,P005,S002,150,27000,0,0
2025-10-10,P005,S003,100,18000,0,0
2025-10-11,P001,S001,180,36000,1,0
2025-10-11,P001,S002,163,32600,0,0
2025-10-11,P001,S003,130,26000,0,0
2025-10-11,P002,S001,163,40750,0,0
2025-10-11,P002,S002,210,52500,0,0
2025-10-11,P002,S003,175,43750,1,0
2025-10-11,P003,S001,127,19050,0,0
2025-10-11,P003,S002,149,22350,1,0
2025-10-11,P003,S003,97,14550,0,0
2025-10-11,P004,S001,185,55500,0,0
2025-10-11,P004,S002,233,69900,0,0
2025-10-11,P004,S003,224,67200,1,0
2025-10-11,P005,S001,137,24660,0,0
2025-10-11,P005,S002,167,30060,0,0
2025-10-11,P005,S003,156,28080,1,0
2025-10-12,P001,S001,173,34600,1,0
2025-10-12,P001,S002,192,38400,1,0
2025-10-12,P001,S003,113,22600,0,0
2025-10-12,P002,S001,186,46500,1,0
2025-10-12,P002,S002,199,49750,0,0
2025-10-12,P002,S003,143,35750,0,0
2025-10-12,P003,S001,140,21000,1,0
2025-10-12,P003,S002,175,26250,1,0
2025-10-12,P003,S003,107,16050,0,0
2025-10-12,P004,S001,188,56400,0,0
2025-10-12,P004,S002,220,66000,0,0
2025-10-12,P004,S003,188,56400,0,0
2025-10-12,P005,S001,193,34740,1,0
2025-10-12,P005,S002,166,29880,0,0
2025-10-12,P005,S003,122,21960,0,0
2025-10-13,P001,S001,105,21000,1,0
2025-10-13,P001,S002,157,31400,0,0
2025-10-13,P001,S003,106,21200,0,0
2025-10-13,P002,S001,150,37500,0,0
2025-10-13,P002,S002,179,44750,0,0
2025-10-13,P002,S003,130,32500,0,0
2025-10-13,P003,S001,95,14250,0,0
2025-10-13,P003,S002,104,15600,0,0
2025-10-13,P003,S003,82,12300,0,0
2025-10-13,P004,S001,197,59100,1,0
2025-10-13,P004,S002,244,73200,1,0
2025-10-13,P004,S003,160,48000,0,0
2025-10-13,P005,S001,176,31680,1,0
2025-10-13,P005,S002,172,30960,1,0
2025-10-13,P005,S003,106,19080,0,0
2025-10-14,P001,S001,130,26000,0,0
2025-10-14,P001,S002,144,28800,0,0
2025-10-14,P001,S003,102,20400,0,0
2025-10-14,P002,S001,177,44250,1,0
2025-10-14,P002,S002,150,37500,0,0
2025-10-14,P002,S003,154,38500,0,0
2025-10-14,P003,S001,121,18150,0,0
2025-10-14,P003,S002,128,19200,0,0
2025-10-14,P003,S003,88,13200,0,0
2025-10-14,P004,S001,208,62400,0,0
2025-10-14,P004,S002,206,61800,0,0
2025-10-14,P004,S003,195,58500,1,0
2025-10-14,P005,S001,137,24660,1,0
2025-10-14,P005,S002,149,26820,0,0
2025-10-14,P005,S003,117,21060,0,0
2025-10-15,P001,S001,98,19600,0,0
2025-10-15,P001,S002,165,33000,1,0
2025-10-15,P001,S003,129,25800,0,0
2025-10-15,P002,S001,166,41500,0,0
2025-10-15,P002,S002,182,45500,0,0
2025-10-15,P002,S003,133,33250,0,0
2025-10-15,P003,S001,96,14400,0,0
2025-10-15,P003,S002,141,21150,1,0
2025-10-15,P003,S003,99,14850,0,0
2025-10-15,P004,S001,228,68400,1,0
2025-10-15,P004,S002,198,59400,0,0
2025-10-15,P004,S003,173,51900,0,0
2025-10-15,P005,S001,115,20700,0,0
2025-10-15,P005,S002,162,29160,0,0
2025-10-15,P005,S003,113,20340,0,0
2025-10-16,P001,S001,107,21400,0,0
2025-10-16,P001,S002,128,25600,0,0
2025-10-16,P001,S003,137,27400,1,0
2025-10-16,P002,S001,147,36750,0,0
2025-10-16,P002,S002,183,45750,0,0
2025-10-16,P002,S003,124,31000,0,0
2025-10-16,P003,S001,101,15150,0,0
2025-10-16,P003,S002,138,20700,1,0
2025-10-16,P003,S003,86,12900,0,0
2025-10-16,P004,S001,182,54600,0,0
2025-10-16,P004,S002,200,60000,0,0
2025-10-16,P004,S003,174,52200,0,0
2025-10-16,P005,S001,130,23400,0,0
2025-10-16,P005,S002,137,24660,0,0
2025-10-16,P005,S003,131,23580,0,0
2025-10-17,P001,S001,155,31000,1,0
2025-10-17,P001,S002,139,27800,0,0
2025-10-17,P001,S003,96,19200,0,0
2025-10-17,P002,S001,168,42000,1,0
2025-10-17,P002,S002,189,47250,0,0
2025-10-17,P002,S003,131,32750,0,0
2025-10-17,P003,S001,112,16800,1,0
2025-10-17,P003,S002,109,16350,0,0
2025-10-17,P003,S003,85,12750,0,0
2025-10-17,P004,S001,209,62700,1,0
2025-10-17,P004,S002,266,79800,1,0
2025-10-17,P004,S003,199,59700,1,0
2025-10-17,P005,S001,141,25380,0,0
2025-10-17,P005,S002,151,27180,0,0
2025-10-17,P005,S003,109,19620,0,0
2025-10-18,P001,S001,133,26600,1,0
2025-10-18,P001,S002,157,31400,0,0
2025-10-18,P001,S003,124,24800,0,0
2025-10-18,P002,S001,160,40000,0,0
2025-10-18,P002,S002,205,51250,1,0
2025-10-18,P002,S003,143,35750,0,0
2025-10-18,P003,S001,117,17550,0,0
2025-10-18,P003,S002,104,15600,0,0
2025-10-18,P003,S003,111,16650,0,0
2025-10-18,P004,S001,221,66300,0,0
2025-10-18,P004,S002,207,62100,0,0
2025-10-18,P004,S003,189,56700,0,0
2025-10-18,P005,S001,172,30960,1,0
2025-10-18,P005,S002,175,31500,0,0
2025-10-18,P005,S003,108,19440,0,0
2025-10-19,P001,S001,125,25000,0,0
2025-10-19,P001,S002,144,28800,0,0
2025-10-19,P001,S003,114,22800,0,0
2025-10-19,P002,S001,164,41000,0,0
2025-10-19,P002,S002,197,49250,0,0
2025-10-19,P002,S003,174,43500,1,0
2025-10-19,P003,S001,139,20850,1,0
2025-10-19,P003,S002,171,25650,1,0
2025-10-19,P003,S003,109,16350,1,0
2025-10-19,P004,S001,204,61200,0,0
2025-10-19,P004,S002,240,72000,0,0
2025-10-19,P004,S003,175,52500,0,0
2025-10-19,P005,S001,143,25740,0,0
2025-10-19,P005,S002,162,29160,0,0
2025-10-19,P005,S003,132,23760,0,0
2025-10-20,P001,S001,120,24000,0,0
2025-10-20,P001,S002,145,29000,0,0
2025-10-20,P001,S003,104,20800,0,0
2025-10-20,P002,S001,154,38500,0,0
2025-10-20,P002,S002,162,40500,0,0
2025-10-20,P002,S003,147,36750,0,0
2025-10-20,P003,S001,113,16950,0,0
2025-10-20,P003,S002,132,19800,1,0
2025-10-20,P003,S003,134,20100,1,0
2025-10-20,P004,S001,209,62700,0,0
2025-10-20,P004,S002,213,63900,0,0
2025-10-20,P004,S003,155,46500,0,0
2025-10-20,P005,S001,138,24840,0,0
2025-10-20,P005,S002,164,29520,0,0
2025-10-20,P005,S003,151,27180,1,0
2025-10-21,P001,S001,130,26000,0,0
2025-10-21,P001,S002,149,29800,0,0
2025-10-21,P001,S003,126,25200,1,0
2025-10-21,P002,S001,159,39750,0,0
2025-10-21,P002,S002,188,47000,0,0
2025-10-21,P002,S003,133,33250,0,0
2025-10-21,P003,S001,97,14550,0,0
2025-10-21,P003,S002,103,15450,0,0
2025-10-21,P003,S003,85,12750,0,0
2025-10-21,P004,S001,184,55200,0,0
2025-10-21,P004,S002,223,66900,0,0
2025-10-21,P004,S003,174,52200,0,0
2025-10-21,P005,S001,120,21600,0,0
2025-10-21,P005,S002,168,30240,1,0
2025-10-21,P005,S003,136,24480,0,0
2025-10-22,P001,S001,140,28000,1,0
2025-10-22,P001,S002,177,35400,1,0
2025-10-22,P001,S003,138,27600,1,0
2025-10-22,P002,S001,150,37500,1,0
2025-10-22,P002,S002,154,38500,0,0
2025-10-22,P002,S003,140,35000,0,0
2025-10-22,P003,S001,103,15450,0,0
2025-10-22,P003,S002,122,18300,0,0
2025-10-22,P003,S003,84,12600,0,0
2025-10-22,P004,S001,169,50700,0,0
2025-10-22,P004,S002,199,59700,0,0
2025-10-22,P004,S003,145,43500,0,0
2025-10-22,P005,S001,154,27720,1,0
2025-10-22,P005,S002,135,24300,0,0
2025-10-22,P005,S003,110,19800,0,0
2025-10-23,P001,S001,125,25000,0,0
2025-10-23,P001,S002,167,33400,1,0
2025-10-23,P001,S003,109,21800,0,0
2025-10-23,P002,S001,145,36250,0,0
2025-10-23,P002,S002,189,47250,0,0
2025-10-23,P002,S003,158,39500,1,0
2025-10-23,P003,S001,119,17850,0,0
2025-10-23,P003,S002,106,15900,0,0
2025-10-23,P003,S003,98,14700,1,0
2025-10-23,P004,S001,213,63900,1,0
2025-10-23,P004,S002,211,63300,0,0
2025-10-23,P004,S003,148,44400,0,0
2025-10-23,P005,S001,122,21960,0,0
2025-10-23,P005,S002,154,27720,0,0
2025-10-23,P005,S003,120,21600,0,0
2025-10-24,P001,S001,143,28600,1,0
2025-10-24,P001,S002,168,33600,1,0
2025-10-24,P001,S003,102,20400,0,0
2025-10-24,P002,S001,163,40750,1,0
2025-10-24,P002,S002,173,43250,0,0
2025-10-24,P002,S003,156,39000,1,0
2025-10-24,P003,S001,138,20700,1,0
2025-10-24,P003,S002,115,17250,0,0
2025-10-24,P003,S003,78,11700,0,0
2025-10-24,P004,S001,189,56700,0,0
2025-10-24,P004,S002,247,74100,1,0
2025-10-24,P004,S003,159,47700,0,0
2025-10-24,P005,S001,128,23040,0,0
2025-10-24,P005,S002,153,27540,0,0
2025-10-24,P005,S003,112,20160,0,0
2025-10-25,P001,S001,140,28000,0,0
2025-10-25,P001,S002,161,32200,0,0
2025-10-25,P001,S003,122,24400,0,0
2025-10-25,P002,S001,174,43500,0,0
2025-10-25,P002,S002,217,54250,0,0
2025-10-25,P002,S003,135,33750,0,0
2025-10-25,P003,S001,117,17550,0,0
2025-10-25,P003,S002,142,21300,0,0
2025-10-25,P003,S003,94,14100,0,0
2025-10-25,P004,S001,171,51300,0,0
2025-10-25,P004,S002,240,72000,0,0
2025-10-25,P004,S003,199,59700,1,0
2025-10-25,P005,S001,147,26460,0,0
2025-10-25,P005,S002,167,30060,0,0
2025-10-25,P005,S003,173,31140,1,0
2025-10-26,P001,S001,151,30200,0,0
2025-10-26,P001,S002,174,34800,0,0
2025-10-26,P001,S003,141,28200,1,0
2025-10-26,P002,S001,157,39250,0,0
2025-10-26,P002,S002,184,46000,0,0
2025-10-26,P002,S003,175,43750,1,0
2025-10-26,P003,S001,102,15300,0,0
2025-10-26,P003,S002,154,23100,1,0
2025-10-26,P003,S003,99,14850,0,0
2025-10-26,P004,S001,234,70200,1,0
2025-10-26,P004,S002,221,66300,0,0
2025-10-26,P004,S003,167,50100,0,0
2025-10-26,P005,S001,150,27000,0,0
2025-10-26,P005,S002,164,29520,0,0
2025-10-26,P005,S003,113,20340,0,0
2025-10-27,P001,S001,141,28200,0,0
2025-10-27,P001,S002,145,29000,0,0
2025-10-27,P001,S003,114,22800,0,0
2025-10-27,P002,S001,161,40250,0,0
2025-10-27,P002,S002,180,45000,0,0
2025-10-27,P002,S003,181,45250,1,0
2025-10-27,P003,S001,101,15150,0,0
2025-10-27,P003,S002,116,17400,0,0
2025-10-27,P003,S003,82,12300,0,0
2025-10-27,P004,S001,203,60900,0,0
2025-10-27,P004,S002,234,70200,1,0
2025-10-27,P004,S003,179,53700,0,0
2025-10-27,P005,S001,136,24480,0,0
2025-10-27,P005,S002,160,28800,0,0
2025-10-27,P005,S003,122,21960,0,0
2025-10-28,P001,S001,127,25400,0,0
2025-10-28,P001,S002,152,30400,0,0
2025-10-28,P001,S003,111,22200,0,0
2025-10-28,P002,S001,215,53750,1,0
2025-10-28,P002,S002,210,52500,1,0
2025-10-28,P002,S003,158,39500,0,0
2025-10-28,P003,S001,111,16650,1,0
2025-10-28,P003,S002,109,16350,0,0
2025-10-28,P003,S003,85,12750,0,0
2025-10-28,P004,S001,194,58200,0,0
2025-10-28,P004,S002,212,63600,0,0
2025-10-28,P004,S003,167,50100,0,0
2025-10-28,P005,S001,141,25380,0,0
2025-10-28,P005,S002,158,28440,0,0
2025-10-28,P005,S003,125,22500,0,0
2025-10-29,P001,S001,115,23000,0,0
2025-10-29,P001,S002,179,35800,1,0
2025-10-29,P001,S003,101,20200,0,0
2025-10-29,P002,S001,142,35500,0,0
2025-10-29,P002,S002,178,44500,0,0
2025-10-29,P002,S003,124,31000,0,0
2025-10-29,P003,S001,109,16350,0,0
2025-10-29,P003,S002,144,21600,1,0
2025-10-29,P003,S003,85,12750,0,0
2025-10-29,P004,S001,183,54900,0,0
2025-10-29,P004,S002,235,70500,0,0
2025-10-29,P004,S003,162,48600,0,0
2025-10-29,P005,S001,124,22320,0,0
2025-10-29,P005,S002,168,30240,1,0
2025-10-29,P005,S003,132,23760,0,0
2025-10-30,P001,S001,121,24200,0,0
2025-10-30,P001,S002,173,34600,1,0
2025-10-30,P001,S003,130,26000,1,0
2025-10-30,P002,S001,159,39750,0,0
2025-10-30,P002,S002,171,42750,0,0
2025-10-30,P002,S003,140,35000,0,0
2025-10-30,P003,S001,113,16950,0,0
2025-10-30,P003,S002,112,16800,0,0
2025-10-30,P003,S003,91,13650,0,0
2025-10-30,P004,S001,224,67200,1,0
2025-10-30,P004,S002,226,67800,0,0
2025-10-30,P004,S003,175,52500,1,0
2025-10-30,P005,S001,143,25740,0,0
2025-10-30,P005,S002,151,27180,0,0
2025-10-30,P005,S003,129,23220,0,0
2025-10-31,P001,S001,159,31800,1,0
2025-10-31,P001,S002,155,31000,0,0
2025-10-31,P001,S003,115,23000,0,0
2025-10-31,P002,S001,171,42750,0,0
2025-10-31,P002,S002,182,45500,0,0
2025-10-31,P002,S003,150,37500,0,0
2025-10-31,P003,S001,94,14100,0,0
2025-10-31,P003,S002,109,16350,0,0
2025-10-31,P003,S003,91,13650,0,0
2025-10-31,P004,S001,204,61200,1,0
2025-10-31,P004,S002,272,81600,1,0
2025-10-31,P004,S003,200,60000,1,0
2025-10-31,P005,S001,144,25920,1,0
2025-10-31,P005,S002,158,28440,0,0
2025-10-31,P005,S003,114,20520,0,0
2025-11-01,P001,S001,142,28400,0,0
2025-11-01,P001,S002,174,34800,0,0
2025-11-01,P001,S003,153,30600,1,0
2025-11-01,P002,S001,163,40750,0,0
2025-11-01,P002,S002,237,59250,1,0
2025-11-01,P002,S003,152,38000,0,0
2025-11-01,P003,S001,119,17850,0,0
2025-11-01,P003,S002,135,20250,0,0
2025-11-01,P003,S003,105,15750,0,0
2025-11-01,P004,S001,282,84600,1,0
2025-11-01,P004,S002,229,68700,0,0
2025-11-01,P004,S003,211,63300,0,0
2025-11-01,P005,S001,160,28800,1,0
2025-11-01,P005,S002,180,32400,0,0
2025-11-01,P005,S003,173,31140,1,0
2025-11-02,P001,S001,137,27400,0,0
2025-11-02,P001,S002,168,33600,0,0
2025-11-02,P001,S003,113,22600,0,0
2025-11-02,P002,S001,179,44750,0,0
2025-11-02,P002,S002,201,50250,0,0
2025-11-02,P002,S003,185,46250,1,0
2025-11-02,P003,S001,114,17100,0,0
2025-11-02,P003,S002,135,20250,0,0
2025-11-02,P003,S003,111,16650,0,0
2025-11-02,P004,S001,234,70200,1,0
2025-11-02,P004,S002,289,86700,1,0
2025-11-02,P004,S003,209,62700,1,0
2025-11-02,P005,S001,183,32940,1,0
2025-11-02,P005,S002,193,34740,1,0
2025-11-02,P005,S003,137,24660,0,0
2025-11-03,P001,S001,141,28200,0,0
2025-11-03,P001,S002,151,30200,0,0
2025-11-03,P001,S003,123,24600,0,0
2025-11-03,P002,S001,144,36000,0,0
2025-11-03,P002,S002,212,53000,1,0
2025-11-03,P002,S003,146,36500,0,0
2025-11-03,P003,S001,107,16050,0,0
2025-11-03,P003,S002,143,21450,1,0
2025-11-03,P003,S003,100,15000,0,0
2025-11-03,P004,S001,275,82500,1,0
2025-11-03,P004,S002,265,79500,1,0
2025-11-03,P004,S003,197,59100,1,0
2025-11-03,P005,S001,159,28620,1,0
2025-11-03,P005,S002,155,27900,0,0
2025-11-03,P005,S003,128,23040,0,0
2025-11-04,P001,S001,125,25000,0,0
2025-11-04,P001,S002,142,28400,1,0
2025-11-04,P001,S003,108,21600,0,0
2025-11-04,P002,S001,153,38250,0,0
2025-11-04,P002,S002,162,40500,0,0
2025-11-04,P002,S003,182,45500,1,0
2025-11-04,P003,S001,124,18600,0,0
2025-11-04,P003,S002,133,19950,0,0
2025-11-04,P003,S003,130,19500,1,0
2025-11-04,P004,S001,211,63300,0,0
2025-11-04,P004,S002,246,73800,1,0
2025-11-04,P004,S003,194,58200,0,0
2025-11-04,P005,S001,149,26820,0,0
2025-11-04,P005,S002,157,28260,0,0
2025-11-04,P005,S003,133,23940,0,0
2025-11-05,P001,S001,156,31200,1,0
2025-11-05,P001,S002,183,36600,1,0
2025-11-05,P001,S003,124,24800,0,0
2025-11-05,P002,S001,161,40250,0,0
2025-11-05,P002,S002,191,47750,0,0
2025-11-05,P002,S003,133,33250,0,0
2025-11-05,P003,S001,113,16950,0,0
2025-11-05,P003,S002,108,16200,0,0
2025-11-05,P003,S003,103,15450,0,0
2025-11-05,P004,S001,165,49500,0,0
2025-11-05,P004,S002,238,71400,0,0
2025-11-05,P004,S003,179,53700,0,0
2025-11-05,P005,S001,167,30060,1,0
2025-11-05,P005,S002,243,43740,1,0
2025-11-05,P005,S003,132,23760,0,0
2025-11-06,P001,S001,144,28800,0,0
2025-11-06,P001,S002,142,28400,0,0
2025-11-06,P001,S003,120,24000,0,0
2025-11-06,P002,S001,154,38500,0,0
2025-11-06,P002,S002,187,46750,0,0
2025-11-06,P002,S003,151,37750,0,0
2025-11-06,P003,S001,112,16800,0,0
2025-11-06,P003,S002,129,19350,1,0
2025-11-06,P003,S003,93,13950,0,0
2025-11-06,P004,S001,196,58800,0,0
2025-11-06,P004,S002,219,65700,0,0
2025-11-06,P004,S003,183,54900,0,0
2025-11-06,P005,S001,126,22680,0,0
2025-11-06,P005,S002,167,30060,0,0
2025-11-06,P005,S003,142,25560,1,0
2025-11-07,P001,S001,124,24800,0,0
2025-11-07,P001,S002,191,38200,1,0
2025-11-07,P001,S003,132,26400,0,0
2025-11-07,P002,S001,163,40750,0,0
2025-11-07,P002,S002,245,61250,1,0
2025-11-07,P002,S003,139,34750,0,0
2025-11-07,P003,S001,118,17700,0,0
2025-11-07,P003,S002,149,22350,1,0
2025-11-07,P003,S003,89,13350,0,0
2025-11-07,P004,S001,208,62400,1,0
2025-11-07,P004,S002,260,78000,0,0
2025-11-07,P004,S003,228,68400,1,0
2025-11-07,P005,S001,133,23940,0,0
2025-11-07,P005,S002,177,31860,0,0
2025-11-07,P005,S003,113,20340,0,0
2025-11-08,P001,S001,135,27000,0,0
2025-11-08,P001,S002,153,30600,0,0
2025-11-08,P001,S003,122,24400,0,0
2025-11-08,P002,S001,197,49250,0,0
2025-11-08,P002,S002,258,64500,1,0
2025-11-08,P002,S003,158,39500,0,0
2025-11-08,P003,S001,127,19050,0,0
2025-11-08,P003,S002,111,16650,0,0
2025-11-08,P003,S003,106,15900,0,0
2025-11-08,P004,S001,236,70800,0,0
2025-11-08,P004,S002,231,69300,0,0
2025-11-08,P004,S003,202,60600,0,0
2025-11-08,P005,S001,181,32580,1,0
2025-11-08,P005,S002,220,39600,1,0
2025-11-08,P005,S003,140,25200,0,0
2025-11-09,P001,S001,145,29000,0,0
2025-11-09,P001,S002,148,29600,0,0
2025-11-09,P001,S003,128,25600,0,0
2025-11-09,P002,S001,210,52500,1,0
2025-11-09,P002,S002,172,43000,0,0
2025-11-09,P002,S003,151,37750,0,0
2025-11-09,P003,S001,132,19800,1,0
2025-11-09,P003,S002,171,25650,1,0
2025-11-09,P003,S003,112,16800,0,0
2025-11-09,P004,S001,198,59400,0,0
2025-11-09,P004,S002,239,71700,0,0
2025-11-09,P004,S003,167,50100,0,0
2025-11-09,P005,S001,143,25740,0,0
2025-11-09,P005,S002,177,31860,0,0
2025-11-09,P005,S003,190,34200,1,0
2025-11-10,P001,S001,140,28000,0,0
2025-11-10,P001,S002,194,38800,1,0
2025-11-10,P001,S003,107,21400,0,0
2025-11-10,P002,S001,154,38500,0,0
2025-11-10,P002,S002,177,44250,0,0
2025-11-10,P002,S003,154,38500,0,0
2025-11-10,P003,S001,104,15600,0,0
2025-11-10,P003,S002,130,19500,0,0
2025-11-10,P003,S003,116,17400,1,0
2025-11-10,P004,S001,206,61800,0,0
2025-11-10,P004,S002,245,73500,0,0
2025-11-10,P004,S003,200,60000,1,0
2025-11-10,P005,S001,145,26100,0,0
2025-11-10,P005,S002,142,25560,0,0
2025-11-10,P005,S003,121,21780,0,0
2025-11-11,P001,S001,132,26400,0,0
2025-11-11,P001,S002,170,34000,0,0
2025-11-11,P001,S003,138,27600,1,0
2025-11-11,P002,S001,180,45000,0,0
2025-11-11,P002,S002,201,50250,0,0
2025-11-11,P002,S003,137,34250,0,0
2025-11-11,P003,S001,108,16200,0,0
2025-11-11,P003,S002,111,16650,0,0
2025-11-11,P003,S003,119,17850,0,0
2025-11-11,P004,S001,189,56700,0,0
2025-11-11,P004,S002,236,70800,0,0
2025-11-11,P004,S003,184,55200,0,0
2025-11-11,P005,S001,135,24300,0,0
2025-11-11,P005,S002,150,27000,0,0
2025-11-11,P005,S003,126,22680,0,0
2025-11-12,P001,S001,141,28200,0,0
2025-11-12,P001,S002,142,28400,0,0
2025-11-12,P001,S003,129,25800,0,0
2025-11-12,P002,S001,166,41500,0,0
2025-11-12,P002,S002,170,42500,0,0
2025-11-12,P002,S003,129,32250,0,0
2025-11-12,P003,S001,111,16650,0,0
2025-11-12,P003,S002,118,17700,0,0
2025-11-12,P003,S003,108,16200,0,0
2025-11-12,P004,S001,203,60900,0,0
2025-11-12,P004,S002,224,67200,0,0
2025-11-12,P004,S003,164,49200,0,0
2025-11-12,P005,S001,160,28800,0,0
2025-11-12,P005,S002,146,26280,0,0
2025-11-12,P005,S003,126,22680,0,0
2025-11-13,P001,S001,153,30600,1,0
2025-11-13,P001,S002,180,36000,1,0
2025-11-13,P001,S003,102,20400,0,0
2025-11-13,P002,S001,140,35000,0,0
2025-11-13,P002,S002,174,43500,0,0
2025-11-13,P002,S003,166,41500,1,0
2025-11-13,P003,S001,104,15600,0,0
2025-11-13,P003,S002,140,21000,1,0
2025-11-13,P003,S003,99,14850,0,0
2025-11-13,P004,S001,172,51600,0,0
2025-11-13,P004,S002,270,81000,1,0
2025-11-13,P004,S003,160,48000,0,0
2025-11-13,P005,S001,151,27180,1,0
2025-11-13,P005,S002,156,28080,0,0
2025-11-13,P005,S003,149,26820,1,0
2025-11-14,P001,S001,133,26600,0,0
2025-11-14,P001,S002,130,26000,0,0
2025-11-14,P001,S003,151,30200,1,0
2025-11-14,P002,S001,154,38500,0,0
2025-11-14,P002,S002,187,46750,0,0
2025-11-14,P002,S003,158,39500,0,0
2025-11-14,P003,S001,127,19050,1,0
2025-11-14,P003,S002,148,22200,1,0
2025-11-14,P003,S003,85,12750,0,0
2025-11-14,P004,S001,193,57900,0,0
2025-11-14,P004,S002,256,76800,0,0
2025-11-14,P004,S003,190,57000,1,0
2025-11-14,P005,S001,155,27900,0,0
2025-11-14,P005,S002,165,29700,0,0
2025-11-14,P005,S003,112,20160,0,0
2025-11-15,P001,S001,122,24400,0,0
2025-11-15,P001,S002,153,30600,0,0
2025-11-15,P001,S003,157,31400,1,0
2025-11-15,P002,S001,229,57250,1,0
2025-11-15,P002,S002,261,65250,1,0
2025-11-15,P002,S003,170,42500,0,0
2025-11-15,P003,S001,109,16350,0,0
2025-11-15,P003,S002,168,25200,1,0
2025-11-15,P003,S003,100,15000,0,0
2025-11-15,P004,S001,272,81600,1,0
2025-11-15,P004,S002,290,87000,0,0
2025-11-15,P004,S003,166,49800,0,0
2025-11-15,P005,S001,171,30780,1,0
2025-11-15,P005,S002,191,34380,0,0
2025-11-15,P005,S003,172,30960,1,0
2025-11-16,P001,S001,149,29800,0,0
2025-11-16,P001,S002,142,28400,0,0
2025-11-16,P001,S003,137,27400,0,0
2025-11-16,P002,S001,182,45500,0,0
2025-11-16,P002,S002,180,45000,0,0
2025-11-16,P002,S003,163,40750,0,0
2025-11-16,P003,S001,119,17850,0,0
2025-11-16,P003,S002,149,22350,1,0
2025-11-16,P003,S003,101,15150,0,0
2025-11-16,P004,S001,270,81000,1,0
2025-11-16,P004,S002,242,72600,0,0
2025-11-16,P004,S003,209,62700,0,0
2025-11-16,P005,S001,143,25740,0,0
2025-11-16,P005,S002,213,38340,1,0
2025-11-16,P005,S003,125,22500,0,0
2025-11-17,P001,S001,121,24200,0,0
2025-11-17,P001,S002,163,32600,0,0
2025-11-17,P001,S003,119,23800,0,0
2025-11-17,P002,S001,202,50500,1,0
2025-11-17,P002,S002,181,45250,0,0
2025-11-17,P002,S003,123,30750,0,0
2025-11-17,P003,S001,116,17400,0,0
2025-11-17,P003,S002,123,18450,0,0
2025-11-17,P003,S003,93,13950,0,0
2025-11-17,P004,S001,175,52500,0,0
2025-11-17,P004,S002,199,59700,0,0
2025-11-17,P004,S003,217,65100,1,0
2025-11-17,P005,S001,165,29700,1,0
2025-11-17,P005,S002,168,30240,0,0
2025-11-17,P005,S003,138,24840,0,0
2025-11-18,P001,S001,131,26200,0,0
2025-11-18,P001,S002,173,34600,1,0
2025-11-18,P001,S003,128,25600,1,0
2025-11-18,P002,S001,138,34500,0,0
2025-11-18,P002,S002,183,45750,0,0
2025-11-18,P002,S003,147,36750,0,0
2025-11-18,P003,S001,106,15900,0,0
2025-11-18,P003,S002,169,25350,1,0
2025-11-18,P003,S003,97,14550,0,0
2025-11-18,P004,S001,187,56100,0,0
2025-11-18,P004,S002,266,79800,1,0
2025-11-18,P004,S003,165,49500,0,0
2025-11-18,P005,S001,124,22320,0,0
2025-11-18,P005,S002,167,30060,0,0
2025-11-18,P005,S003,125,22500,0,0
2025-11-19,P001,S001,113,22600,0,0
2025-11-19,P001,S002,182,36400,1,0
2025-11-19,P001,S003,140,28000,1,0
2025-11-19,P002,S001,167,41750,0,0
2025-11-19,P002,S002,200,50000,1,0
2025-11-19,P002,S003,133,33250,0,0
2025-11-19,P003,S001,106,15900,0,0
2025-11-19,P003,S002,122,18300,0,0
2025-11-19,P003,S003,95,14250,0,0
2025-11-19,P004,S001,193,57900,0,0
2025-11-19,P004,S002,253,75900,1,0
2025-11-19,P004,S003,188,56400,0,0
2025-11-19,P005,S001,144,25920,0,0
2025-11-19,P005,S002,162,29160,0,0
2025-11-19,P005,S003,121,21780,0,0
2025-11-20,P001,S001,134,26800,0,0
2025-11-20,P001,S002,157,31400,0,0
2025-11-20,P001,S003,148,29600,1,0
2025-11-20,P002,S001,146,36500,0,0
2025-11-20,P002,S002,191,47750,0,0
2025-11-20,P002,S003,127,31750,0,0
2025-11-20,P003,S001,111,16650,0,0
2025-11-20,P003,S002,127,19050,0,0
2025-11-20,P003,S003,99,14850,0,0
2025-11-20,P004,S001,194,58200,0,0
2025-11-20,P004,S002,219,65700,0,0
2025-11-20,P004,S003,172,51600,0,0
2025-11-20,P005,S001,139,25020,0,0
2025-11-20,P005,S002,195,35100,1,0
2025-11-20,P005,S003,120,21600,0,0
2025-11-21,P001,S001,128,25600,0,0
2025-11-21,P001,S002,179,35800,1,0
2025-11-21,P001,S003,128,25600,0,0
2025-11-21,P002,S001,176,44000,0,0
2025-11-21,P002,S002,174,43500,0,0
2025-11-21,P002,S003,144,36000,0,0
2025-11-21,P003,S001,112,16800,0,0
2025-11-21,P003,S002,124,18600,1,0
2025-11-21,P003,S003,101,15150,0,0
2025-11-21,P004,S001,179,53700,0,0
2025-11-21,P004,S002,236,70800,0,0
2025-11-21,P004,S003,223,66900,1,0
2025-11-21,P005,S001,134,24120,0,0
2025-11-21,P005,S002,189,34020,1,0
2025-11-21,P005,S003,137,24660,0,0
2025-11-22,P001,S001,127,25400,0,0
2025-11-22,P001,S002,218,43600,1,0
2025-11-22,P001,S003,164,32800,1,0
2025-11-22,P002,S001,181,45250,0,0
2025-11-22,P002,S002,184,46000,0,0
2025-11-22,P002,S003,146,36500,0,0
2025-11-22,P003,S001,147,22050,1,0
2025-11-22,P003,S002,135,20250,0,0
2025-11-22,P003,S003,108,16200,0,0
2025-11-22,P004,S001,212,63600,0,0
2025-11-22,P004,S002,247,74100,0,0
2025-11-22,P004,S003,221,66300,0,0
2025-11-22,P005,S001,132,23760,0,0
2025-11-22,P005,S002,178,32040,0,0
2025-11-22,P005,S003,117,21060,0,0
2025-11-23,P001,S001,144,28800,0,0
2025-11-23,P001,S002,169,33800,0,0
2025-11-23,P001,S003,130,26000,0,0
2025-11-23,P002,S001,176,44000,0,0
2025-11-23,P002,S002,166,41500,0,0
2025-11-23,P002,S003,176,44000,0,0
2025-11-23,P003,S001,116,17400,1,0
2025-11-23,P003,S002,149,22350,0,0
2025-11-23,P003,S003,111,16650,0,0
2025-11-23,P004,S001,210,63000,0,0
2025-11-23,P004,S002,252,75600,0,0
2025-11-23,P004,S003,195,58500,0,0
2025-11-23,P005,S001,135,24300,0,0
2025-11-23,P005,S002,156,28080,0,0
2025-11-23,P005,S003,158,28440,0,0
2025-11-24,P001,S001,128,25600,0,0
2025-11-24,P001,S002,123,24600,0,0
2025-11-24,P001,S003,128,25600,1,0
2025-11-24,P002,S001,173,43250,0,0
2025-11-24,P002,S002,165,41250,0,0
2025-11-24,P002,S003,150,37500,0,0
2025-11-24,P003,S001,107,16050,0,0
2025-11-24,P003,S002,149,22350,1,0
2025-11-24,P003,S003,96,14400,0,0
2025-11-24,P004,S001,195,58500,0,0
2025-11-24,P004,S002,206,61800,0,0
2025-11-24,P004,S003,189,56700,0,0
2025-11-24,P005,S001,192,34560,1,0
2025-11-24,P005,S002,134,24120,0,0
2025-11-24,P005,S003,141,25380,1,0
2025-11-25,P001,S001,148,29600,1,0
2025-11-25,P001,S002,151,30200,0,0
2025-11-25,P001,S003,122,24400,0,0
2025-11-25,P002,S001,172,43000,0,0
2025-11-25,P002,S002,202,50500,0,0
2025-11-25,P002,S003,143,35750,0,0
2025-11-25,P003,S001,110,16500,0,0
2025-11-25,P003,S002,142,21300,1,0
2025-11-25,P003,S003,130,19500,1,0
2025-11-25,P004,S001,197,59100,0,0
2025-11-25,P004,S002,211,63300,0,0
2025-11-25,P004,S003,200,60000,1,0
2025-11-25,P005,S001,179,32220,1,0
2025-11-25,P005,S002,170,30600,0,0
2025-11-25,P005,S003,151,27180,1,0
2025-11-26,P001,S001,123,24600,0,0
2025-11-26,P001,S002,141,28200,0,0
2025-11-26,P001,S003,115,23000,0,0
2025-11-26,P002,S001,186,46500,1,0
2025-11-26,P002,S002,197,49250,0,0
2025-11-26,P002,S003,137,34250,0,0
2025-11-26,P003,S001,109,16350,0,0
2025-11-26,P003,S002,84,12600,0,0
2025-11-26,P003,S003,76,11400,0,0
2025-11-26,P004,S001,228,68400,0,0
2025-11-26,P004,S002,247,74100,1,0
2025-11-26,P004,S003,180,54000,0,0
2025-11-26,P005,S001,167,30060,1,0
2025-11-26,P005,S002,153,27540,0,0
2025-11-26,P005,S003,126,22680,0,0
2025-11-27,P001,S001,128,25600,0,0
2025-11-27,P001,S002,131,26200,0,0
2025-11-27,P001,S003,121,24200,0,0
2025-11-27,P002,S001,219,54750,1,0
2025-11-27,P002,S002,191,47750,0,0
2025-11-27,P002,S003,156,39000,0,0
2025-11-27,P003,S001,112,16800,0,0
2025-11-27,P003,S002,154,23100,1,0
2025-11-27,P003,S003,122,18300,1,0
2025-11-27,P004,S001,221,66300,0,0
2025-11-27,P004,S002,189,56700,0,0
2025-11-27,P004,S003,197,59100,1,0
2025-11-27,P005,S001,151,27180,1,0
2025-11-27,P005,S002,155,27900,0,0
2025-11-27,P005,S003,132,23760,0,0
2025-11-28,P001,S001,127,25400,0,0
2025-11-28,P001,S002,140,28000,0,0
2025-11-28,P001,S003,113,22600,0,0
2025-11-28,P002,S001,209,52250,1,0
2025-11-28,P002,S002,222,55500,1,0
2025-11-28,P002,S003,128,32000,0,0
2025-11-28,P003,S001,132,19800,1,0
2025-11-28,P003,S002,132,19800,0,0
2025-11-28,P003,S003,99,14850,0,0
2025-11-28,P004,S001,243,72900,1,0
2025-11-28,P004,S002,224,67200,0,0
2025-11-28,P004,S003,192,57600,1,0
2025-11-28,P005,S001,140,25200,0,0
2025-11-28,P005,S002,146,26280,0,0
2025-11-28,P005,S003,134,24120,0,0
2025-11-29,P001,S001,145,29000,0,0
2025-11-29,P001,S002,171,34200,0,0
2025-11-29,P001,S003,148,29600,0,0
2025-11-29,P002,S001,185,46250,0,0
2025-11-29,P002,S002,239,59750,1,0
2025-11-29,P002,S003,169,42250,0,0
2025-11-29,P003,S001,132,19800,0,0
2025-11-29,P003,S002,127,19050,0,0
2025-11-29,P003,S003,144,21600,1,0
2025-11-29,P004,S001,243,72900,1,0
2025-11-29,P004,S002,234,70200,0,0
2025-11-29,P004,S003,215,64500,0,0
2025-11-29,P005,S001,189,34020,1,0
2025-11-29,P005,S002,194,34920,0,0
2025-11-29,P005,S003,168,30240,1,0
2025-11-30,P001,S001,139,27800,0,0
2025-11-30,P001,S002,190,38000,1,0
2025-11-30,P001,S003,125,25000,0,0
2025-11-30,P002,S001,176,44000,0,0
2025-11-30,P002,S002,229,57250,0,0
2025-11-30,P002,S003,183,45750,0,0
2025-11-30,P003,S001,114,17100,0,0
2025-11-30,P003,S002,169,25350,1,0
2025-11-30,P003,S003,105,15750,0,0
2025-11-30,P004,S001,229,68700,1,0
2025-11-30,P004,S002,263,78900,0,0
2025-11-30,P004,S003,218,65400,0,0
2025-11-30,P005,S001,150,27000,0,0
2025-11-30,P005,S002,163,29340,0,0
2025-11-30,P005,S003,142,25560,0,0
2025-12-01,P001,S001,130,26000,0,0
2025-12-01,P001,S002,146,29200,0,0
2025-12-01,P001,S003,112,22400,0,0
2025-12-01,P002,S001,192,48000,0,0
2025-12-01,P002,S002,239,59750,1,0
2025-12-01,P002,S003,162,40500,0,0
2025-12-01,P003,S001,120,18000,0,0
2025-12-01,P003,S002,133,19950,0,0
2025-12-01,P003,S003,108,16200,0,0
2025-12-01,P004,S001,209,62700,0,0
2025-12-01,P004,S002,232,69600,0,0
2025-12-01,P004,S003,167,50100,0,0
2025-12-01,P005,S001,167,30060,0,0
2025-12-01,P005,S002,160,28800,0,0
2025-12-01,P005,S003,138,24840,0,0
2025-12-02,P001,S001,129,25800,0,0
2025-12-02,P001,S002,154,30800,0,0
2025-12-02,P001,S003,133,26600,0,0
2025-12-02,P002,S001,154,38500,0,0
2025-12-02,P002,S002,155,38750,0,0
2025-12-02,P002,S003,171,42750,1,0
2025-12-02,P003,S001,120,18000,0,0
2025-12-02,P003,S002,124,18600,0,0
2025-12-02,P003,S003,97,14550,0,0
2025-12-02,P004,S001,227,68100,1,0
2025-12-02,P004,S002,223,66900,0,0
2025-12-02,P004,S003,191,57300,0,0
2025-12-02,P005,S001,153,27540,0,0
2025-12-02,P005,S002,208,37440,1,0
2025-12-02,P005,S003,139,25020,0,0
2025-12-03,P001,S001,151,30200,0,0
2025-12-03,P001,S002,146,29200,0,0
2025-12-03,P001,S003,131,26200,0,0
2025-12-03,P002,S001,214,53500,1,0
2025-12-03,P002,S002,176,44000,0,0
2025-12-03,P002,S003,157,39250,0,0
2025-12-03,P003,S001,98,14700,0,0
2025-12-03,P003,S002,182,27300,1,0
2025-12-03,P003,S003,104,15600,0,0
2025-12-03,P004,S001,210,63000,0,0
2025-12-03,P004,S002,209,62700,0,0
2025-12-03,P004,S003,174,52200,0,0
2025-12-03,P005,S001,175,31500,1,0
2025-12-03,P005,S002,195,35100,0,0
2025-12-03,P005,S003,153,27540,1,0
2025-12-04,P001,S001,133,26600,0,0
2025-12-04,P001,S002,150,30000,0,0
2025-12-04,P001,S003,116,23200,0,0
2025-12-04,P002,S001,203,50750,1,0
2025-12-04,P002,S002,206,51500,0,0
2025-12-04,P002,S003,156,39000,0,0
2025-12-04,P003,S001,106,15900,0,0
2025-12-04,P003,S002,183,27450,1,0
2025-12-04,P003,S003,109,16350,0,0
2025-12-04,P004,S001,234,70200,0,0
2025-12-04,P004,S002,239,71700,0,0
2025-12-04,P004,S003,184,55200,0,0
2025-12-04,P005,S001,188,33840,1,0
2025-12-04,P005,S002,195,35100,0,0
2025-12-04,P005,S003,160,28800,0,0
2025-12-05,P001,S001,162,32400,1,0
2025-12-05,P001,S002,173,34600,0,0
2025-12-05,P001,S003,134,26800,0,0
2025-12-05,P002,S001,177,44250,0,0
2025-12-05,P002,S002,251,62750,0,0
2025-12-05,P002,S003,154,38500,0,0
2025-12-05,P003,S001,113,16950,0,0
2025-12-05,P003,S002,141,21150,0,0
2025-12-05,P003,S003,117,17550,1,0
2025-12-05,P004,S001,223,66900,0,0
2025-12-05,P004,S002,231,69300,0,0
2025-12-05,P004,S003,174,52200,0,0
2025-12-05,P005,S001,166,29880,0,0
2025-12-05,P005,S002,215,38700,1,0
2025-12-05,P005,S003,134,24120,0,0
2025-12-06,P001,S001,171,34200,0,0
2025-12-06,P001,S002,173,34600,0,0
2025-12-06,P001,S003,136,27200,0,0
2025-12-06,P002,S001,216,54000,0,0
2025-12-06,P002,S002,232,58000,0,0
2025-12-06,P002,S003,177,44250,0,0
2025-12-06,P003,S001,123,18450,0,0
2025-12-06,P003,S002,130,19500,0,0
2025-12-06,P003,S003,118,17700,0,0
2025-12-06,P004,S001,206,61800,0,0
2025-12-06,P004,S002,254,76200,0,0
2025-12-06,P004,S003,190,57000,0,0
2025-12-06,P005,S001,147,26460,0,0
2025-12-06,P005,S002,173,31140,0,0
2025-12-06,P005,S003,188,33840,1,0
2025-12-07,P001,S001,151,30200,0,0
2025-12-07,P001,S002,155,31000,0,0
2025-12-07,P001,S003,132,26400,0,0
2025-12-07,P002,S001,201,50250,0,0
2025-12-07,P002,S002,173,43250,0,0
2025-12-07,P002,S003,174,43500,0,0
2025-12-07,P003,S001,125,18750,1,0
2025-12-07,P003,S002,143,21450,0,0
2025-12-07,P003,S003,117,17550,0,0
2025-12-07,P004,S001,243,72900,0,0
2025-12-07,P004,S002,281,84300,0,0
2025-12-07,P004,S003,221,66300,0,0
2025-12-07,P005,S001,206,37080,1,0
2025-12-07,P005,S002,214,38520,0,0
2025-12-07,P005,S003,155,27900,0,0
2025-12-08,P001,S001,127,25400,0,0
2025-12-08,P001,S002,181,36200,1,0
2025-12-08,P001,S003,137,27400,1,0
2025-12-08,P002,S001,172,43000,0,0
2025-12-08,P002,S002,194,48500,0,0
2025-12-08,P002,S003,143,35750,0,0
2025-12-08,P003,S001,113,16950,0,0
2025-12-08,P003,S002,161,24150,1,0
2025-12-08,P003,S003,123,18450,1,0
2025-12-08,P004,S001,238,71400,0,0
2025-12-08,P004,S002,203,60900,0,0
2025-12-08,P004,S003,183,54900,0,0
2025-12-08,P005,S001,159,28620,0,0
2025-12-08,P005,S002,173,31140,0,0
2025-12-08,P005,S003,160,28800,1,0
2025-12-09,P001,S001,125,25000,0,0
2025-12-09,P001,S002,174,34800,0,0
2025-12-09,P001,S003,112,22400,0,0
2025-12-09,P002,S001,215,53750,1,0
2025-12-09,P002,S002,201,50250,0,0
2025-12-09,P002,S003,173,43250,0,0
2025-12-09,P003,S001,108,16200,0,0
2025-12-09,P003,S002,162,24300,1,0
2025-12-09,P003,S003,118,17700,1,0
2025-12-09,P004,S001,214,64200,0,0
2025-12-09,P004,S002,231,69300,0,0
2025-12-09,P004,S003,193,57900,0,0
2025-12-09,P005,S001,182,32760,1,0
2025-12-09,P005,S002,161,28980,0,0
2025-12-09,P005,S003,151,27180,1,0
2025-12-10,P001,S001,137,27400,0,0
2025-12-10,P001,S002,179,35800,0,0
2025-12-10,P001,S003,130,26000,0,0
2025-12-10,P002,S001,167,41750,0,0
2025-12-10,P002,S002,215,53750,0,0
2025-12-10,P002,S003,161,40250,0,0
2025-12-10,P003,S001,123,18450,0,0
2025-12-10,P003,S002,130,19500,0,0
2025-12-10,P003,S003,131,19650,1,0
2025-12-10,P004,S001,262,78600,1,0
2025-12-10,P004,S002,240,72000,0,0
2025-12-10,P004,S003,177,53100,0,0
2025-12-10,P005,S001,154,27720,0,0
2025-12-10,P005,S002,215,38700,1,0
2025-12-10,P005,S003,114,20520,0,0
2025-12-11,P001,S001,143,28600,0,0
2025-12-11,P001,S002,173,34600,0,0
2025-12-11,P001,S003,133,26600,0,0
2025-12-11,P002,S001,162,40500,0,0
2025-12-11,P002,S002,237,59250,1,0
2025-12-11,P002,S003,166,41500,1,0
2025-12-11,P003,S001,144,21600,1,0
2025-12-11,P003,S002,156,23400,1,0
2025-12-11,P003,S003,116,17400,0,0
2025-12-11,P004,S001,216,64800,0,0
2025-12-11,P004,S002,224,67200,0,0
2025-12-11,P004,S003,192,57600,0,0
2025-12-11,P005,S001,138,24840,0,0
2025-12-11,P005,S002,163,29340,0,0
2025-12-11,P005,S003,142,25560,0,0
2025-12-12,P001,S001,125,25000,0,0
2025-12-12,P001,S002,171,34200,0,0
2025-12-12,P001,S003,122,24400,0,0
2025-12-12,P002,S001,168,42000,0,0
2025-12-12,P002,S002,246,61500,1,0
2025-12-12,P002,S003,137,34250,0,0
2025-12-12,P003,S001,111,16650,0,0
2025-12-12,P003,S002,128,19200,0,0
2025-12-12,P003,S003,120,18000,1,0
2025-12-12,P004,S001,235,70500,0,0
2025-12-12,P004,S002,262,78600,0,0
2025-12-12,P004,S003,226,67800,1,0
2025-12-12,P005,S001,167,30060,0,0
2025-12-12,P005,S002,159,28620,0,0
2025-12-12,P005,S003,127,22860,0,0
2025-12-13,P001,S001,142,28400,0,0
2025-12-13,P001,S002,194,38800,0,0
2025-12-13,P001,S003,172,34400,1,0
2025-12-13,P002,S001,230,57500,1,0
2025-12-13,P002,S002,205,51250,0,0
2025-12-13,P002,S003,203,50750,1,0
2025-12-13,P003,S001,126,18900,0,0
2025-12-13,P003,S002,173,25950,1,0
2025-12-13,P003,S003,147,22050,1,0
2025-12-13,P004,S001,251,75300,0,0
2025-12-13,P004,S002,245,73500,0,0
2025-12-13,P004,S003,212,63600,0,0
2025-12-13,P005,S001,215,38700,1,0
2025-12-13,P005,S002,170,30600,0,0
2025-12-13,P005,S003,164,29520,1,0
2025-12-14,P001,S001,142,28400,0,0
2025-12-14,P001,S002,205,41000,1,0
2025-12-14,P001,S003,137,27400,0,0
2025-12-14,P002,S001,181,45250,0,0
2025-12-14,P002,S002,216,54000,0,0
2025-12-14,P002,S003,184,46000,0,0
2025-12-14,P003,S001,138,20700,0,0
2025-12-14,P003,S002,186,27900,1,0
2025-12-14,P003,S003,108,16200,0,0
2025-12-14,P004,S001,237,71100,0,0
2025-12-14,P004,S002,257,77100,0,0
2025-12-14,P004,S003,222,66600,1,0
2025-12-14,P005,S001,157,28260,0,0
2025-12-14,P005,S002,199,35820,0,0
2025-12-14,P005,S003,155,27900,0,0
2025-12-15,P001,S001,142,28400,1,0
2025-12-15,P001,S002,158,31600,0,0
2025-12-15,P001,S003,126,25200,0,0
2025-12-15,P002,S001,172,43000,0,0
2025-12-15,P002,S002,231,57750,0,0
2025-12-15,P002,S003,146,36500,0,0
2025-12-15,P003,S001,117,17550,0,0
2025-12-15,P003,S002,173,25950,1,0
2025-12-15,P003,S003,95,14250,0,0
2025-12-15,P004,S001,249,74700,1,0
2025-12-15,P004,S002,257,77100,0,0
2025-12-15,P004,S003,183,54900,0,0
2025-12-15,P005,S001,153,27540,0,0
2025-12-15,P005,S002,166,29880,0,0
2025-12-15,P005,S003,138,24840,0,0
2025-12-16,P001,S001,165,33000,1,0
2025-12-16,P001,S002,151,30200,0,0
2025-12-16,P001,S003,120,24000,0,0
2025-12-16,P002,S001,201,50250,1,0
2025-12-16,P002,S002,254,63500,1,0
2025-12-16,P002,S003,159,39750,0,0
2025-12-16,P003,S001,144,21600,1,0
2025-12-16,P003,S002,129,19350,0,0
2025-12-16,P003,S003,88,13200,0,0
2025-12-16,P004,S001,212,63600,0,0
2025-12-16,P004,S002,305,91500,1,0
2025-12-16,P004,S003,231,69300,1,0
2025-12-16,P005,S001,142,25560,0,0
2025-12-16,P005,S002,166,29880,0,0
2025-12-16,P005,S003,110,19800,0,0
2025-12-17,P001,S001,133,26600,0,0
2025-12-17,P001,S002,159,31800,0,0
2025-12-17,P001,S003,121,24200,0,0
2025-12-17,P002,S001,197,49250,1,0
2025-12-17,P002,S002,195,48750,0,0
2025-12-17,P002,S003,185,46250,1,0
2025-12-17,P003,S001,119,17850,0,0
2025-12-17,P003,S002,134,20100,0,0
2025-12-17,P003,S003,95,14250,0,0
2025-12-17,P004,S001,244,73200,1,0
2025-12-17,P004,S002,211,63300,0,0
2025-12-17,P004,S003,231,69300,1,0
2025-12-17,P005,S001,161,28980,0,0
2025-12-17,P005,S002,209,37620,1,0
2025-12-17,P005,S003,135,24300,0,0
2025-12-18,P001,S001,155,31000,0,0
2025-12-18,P001,S002,208,41600,1,0
2025-12-18,P001,S003,130,26000,0,0
2025-12-18,P002,S001,204,51000,1,0
2025-12-18,P002,S002,178,44500,0,0
2025-12-18,P002,S003,168,42000,0,0
2025-12-18,P003,S001,121,18150,0,0
2025-12-18,P003,S002,185,27750,1,0
2025-12-18,P003,S003,110,16500,0,0
2025-12-18,P004,S001,194,58200,0,0
2025-12-18,P004,S002,240,72000,0,0
2025-12-18,P004,S003,226,67800,1,0
2025-12-18,P005,S001,142,25560,0,0
2025-12-18,P005,S002,185,33300,0,0
2025-12-18,P005,S003,141,25380,0,0
2025-12-19,P001,S001,139,27800,0,0
2025-12-19,P001,S002,164,32800,0,0
2025-12-19,P001,S003,130,26000,0,0
2025-12-19,P002,S001,256,64000,1,0
2025-12-19,P002,S002,191,47750,0,0
2025-12-19,P002,S003,145,36250,0,0
2025-12-19,P003,S001,122,18300,1,0
2025-12-19,P003,S002,124,18600,0,0
2025-12-19,P003,S003,91,13650,0,0
2025-12-19,P004,S001,235,70500,0,0
2025-12-19,P004,S002,300,90000,1,0
2025-12-19,P004,S003,198,59400,0,0
2025-12-19,P005,S001,166,29880,0,0
2025-12-19,P005,S002,180,32400,0,0
2025-12-19,P005,S003,153,27540,0,0
2025-12-20,P001,S001,169,33800,0,0
2025-12-20,P001,S002,222,44400,1,0
2025-12-20,P001,S003,158,31600,0,0
2025-12-20,P002,S001,204,51000,0,0
2025-12-20,P002,S002,222,55500,0,0
2025-12-20,P002,S003,187,46750,0,0
2025-12-20,P003,S001,154,23100,1,0
2025-12-20,P003,S002,150,22500,0,0
2025-12-20,P003,S003,114,17100,0,0
2025-12-20,P004,S001,283,84900,1,0
2025-12-20,P004,S002,278,83400,0,0
2025-12-20,P004,S003,253,75900,0,0
2025-12-20,P005,S001,178,32040,1,0
2025-12-20,P005,S002,200,36000,0,0
2025-12-20,P005,S003,158,28440,0,0
2025-12-21,P001,S001,149,29800,0,0
2025-12-21,P001,S002,175,35000,0,0
2025-12-21,P001,S003,137,27400,0,0
2025-12-21,P002,S001,205,51250,0,0
2025-12-21,P002,S002,235,58750,0,0
2025-12-21,P002,S003,177,44250,0,0
2025-12-21,P003,S001,151,22650,0,0
2025-12-21,P003,S002,160,24000,1,0
2025-12-21,P003,S003,109,16350,0,0
2025-12-21,P004,S001,239,71700,0,0
2025-12-21,P004,S002,284,85200,1,0
2025-12-21,P004,S003,230,69000,0,0
2025-12-21,P005,S001,163,29340,0,0
2025-12-21,P005,S002,214,38520,0,0
2025-12-21,P005,S003,158,28440,0,0
2025-12-22,P001,S001,152,30400,0,0
2025-12-22,P001,S002,160,32000,0,0
2025-12-22,P001,S003,164,32800,1,0
2025-12-22,P002,S001,233,58250,1,0
2025-12-22,P002,S002,197,49250,0,0
2025-12-22,P002,S003,161,40250,0,0
2025-12-22,P003,S001,119,17850,0,0
2025-12-22,P003,S002,128,19200,0,0
2025-12-22,P003,S003,107,16050,0,0
2025-12-22,P004,S001,254,76200,1,0
2025-12-22,P004,S002,310,93000,1,0
2025-12-22,P004,S003,192,57600,0,0
2025-12-22,P005,S001,197,35460,1,0
2025-12-22,P005,S002,199,35820,0,0
2025-12-22,P005,S003,160,28800,1,0
2025-12-23,P001,S001,142,28400,0,0
2025-12-23,P001,S002,155,31000,0,0
2025-12-23,P001,S003,119,23800,0,0
2025-12-23,P002,S001,173,43250,0,0
2025-12-23,P002,S002,227,56750,0,0
2025-12-23,P002,S003,166,41500,0,0
2025-12-23,P003,S001,123,18450,0,0
2025-12-23,P003,S002,140,21000,0,0
2025-12-23,P003,S003,100,15000,0,0
2025-12-23,P004,S001,198,59400,0,0
2025-12-23,P004,S002,231,69300,0,0
2025-12-23,P004,S003,158,47400,0,0
2025-12-23,P005,S001,161,28980,0,0
2025-12-23,P005,S002,191,34380,0,0
2025-12-23,P005,S003,151,27180,0,0
2025-12-24,P001,S001,164,32800,1,0
2025-12-24,P001,S002,168,33600,0,0
2025-12-24,P001,S003,157,31400,1,0
2025-12-24,P002,S001,171,42750,0,0
2025-12-24,P002,S002,239,59750,1,0
2025-12-24,P002,S003,185,46250,1,0
2025-12-24,P003,S001,127,19050,0,0
2025-12-24,P003,S002,118,17700,0,0
2025-12-24,P003,S003,103,15450,1,0
2025-12-24,P004,S001,224,67200,0,0
2025-12-24,P004,S002,300,90000,1,0
2025-12-24,P004,S003,231,69300,1,0
2025-12-24,P005,S001,178,32040,0,0
2025-12-24,P005,S002,181,32580,0,0
2025-12-24,P005,S003,137,24660,0,0
2025-12-25,P001,S001,190,38000,0,1
2025-12-25,P001,S002,191,38200,0,1
2025-12-25,P001,S003,162,32400,0,1
2025-12-25,P002,S001,219,54750,0,1
2025-12-25,P002,S002,324,81000,1,1
2025-12-25,P002,S003,168,42000,0,1
2025-12-25,P003,S001,158,23700,0,1
2025-12-25,P003,S002,172,25800,1,1
2025-12-25,P003,S003,146,21900,0,1
2025-12-25,P004,S001,258,77400,0,1
2025-12-25,P004,S002,294,88200,0,1
2025-12-25,P004,S003,286,85800,1,1
2025-12-25,P005,S001,189,34020,0,1
2025-12-25,P005,S002,261,46980,1,1
2025-12-25,P005,S003,233,41940,1,1
2025-12-26,P001,S001,179,35800,1,0
2025-12-26,P001,S002,146,29200,0,0
2025-12-26,P001,S003,143,28600,1,0
2025-12-26,P002,S001,173,43250,0,0
2025-12-26,P002,S002,262,65500,1,0
2025-12-26,P002,S003,148,37000,0,0
2025-12-26,P003,S001,113,16950,0,0
2025-12-26,P003,S002,135,20250,0,0
2025-12-26,P003,S003,93,13950,0,0
2025-12-26,P004,S001,188,56400,0,0
2025-12-26,P004,S002,233,69900,0,0
2025-12-26,P004,S003,209,62700,0,0
2025-12-26,P005,S001,137,24660,0,0
2025-12-26,P005,S002,186,33480,1,0
2025-12-26,P005,S003,145,26100,0,0
2025-12-27,P001,S001,167,33400,0,0
2025-12-27,P001,S002,209,41800,1,0
2025-12-27,P001,S003,170,34000,1,0
2025-12-27,P002,S001,178,44500,0,0
2025-12-27,P002,S002,230,57500,0,0
2025-12-27,P002,S003,151,37750,0,0
2025-12-27,P003,S001,130,19500,0,0
2025-12-27,P003,S002,144,21600,0,0
2025-12-27,P003,S003,148,22200,1,0
2025-12-27,P004,S001,238,71400,0,0
2025-12-27,P004,S002,284,85200,0,0
2025-12-27,P004,S003,189,56700,0,0
2025-12-27,P005,S001,193,34740,1,0
2025-12-27,P005,S002,238,42840,1,0
2025-12-27,P005,S003,147,26460,0,0
2025-12-28,P001,S001,173,34600,1,0
2025-12-28,P001,S002,194,38800,0,0
2025-12-28,P001,S003,147,29400,0,0
2025-12-28,P002,S001,234,58500,1,0
2025-12-28,P002,S002,224,56000,0,0
2025-12-28,P002,S003,219,54750,1,0
2025-12-28,P003,S001,142,21300,1,0
2025-12-28,P003,S002,176,26400,0,0
2025-12-28,P003,S003,111,16650,0,0
2025-12-28,P004,S001,247,74100,0,0
2025-12-28,P004,S002,282,84600,0,0
2025-12-28,P004,S003,187,56100,0,0
2025-12-28,P005,S001,158,28440,0,0
2025-12-28,P005,S002,192,34560,0,0
2025-12-28,P005,S003,174,31320,1,0
2025-12-29,P001,S001,150,30000,0,0
2025-12-29,P001,S002,194,38800,1,0
2025-12-29,P001,S003,122,24400,0,0
2025-12-29,P002,S001,207,51750,1,0
2025-12-29,P002,S002,208,52000,0,0
2025-12-29,P002,S003,168,42000,0,0
2025-12-29,P003,S001,120,18000,0,0
2025-12-29,P003,S002,143,21450,0,0
2025-12-29,P003,S003,107,16050,0,0
2025-12-29,P004,S001,215,64500,0,0
2025-12-29,P004,S002,227,68100,0,0
2025-12-29,P004,S003,201,60300,0,0
2025-12-29,P005,S001,130,23400,0,0
2025-12-29,P005,S002,170,30600,0,0
2025-12-29,P005,S003,125,22500,0,0
2025-12-30,P001,S001,146,29200,0,0
2025-12-30,P001,S002,164,32800,0,0
2025-12-30,P001,S003,126,25200,0,0
2025-12-30,P002,S001,196,49000,0,0
2025-12-30,P002,S002,198,49500,0,0
2025-12-30,P002,S003,185,46250,1,0
2025-12-30,P003,S001,132,19800,1,0
2025-12-30,P003,S002,173,25950,1,0
2025-12-30,P003,S003,109,16350,0,0
2025-12-30,P004,S001,223,66900,0,0
2025-12-30,P004,S002,260,78000,0,0
2025-12-30,P004,S003,205,61500,0,0
2025-12-30,P005,S001,176,31680,0,0
2025-12-30,P005,S002,199,35820,0,0
2025-12-30,P005,S003,144,25920,0,0
2025-12-31,P001,S001,132,26400,0,0
2025-12-31,P001,S002,168,33600,0,0
2025-12-31,P001,S003,128,25600,0,0
2025-12-31,P002,S001,176,44000,1,0
2025-12-31,P002,S002,215,53750,0,0
2025-12-31,P002,S003,191,47750,1,0
2025-12-31,P003,S001,118,17700,0,0
2025-12-31,P003,S002,126,18900,0,0
2025-12-31,P003,S003,113,16950,0,0
2025-12-31,P004,S001,233,69900,1,0
2025-12-31,P004,S002,239,71700,0,0
2025-12-31,P004,S003,259,77700,1,0
2025-12-31,P005,S001,173,31140,1,0
2025-12-31,P005,S002,166,29880,0,0
2025-12-31,P005,S003,146,26280,0,0
